WELL_INFO_ID,row,col,layer,x,y,z,GROUND_SURFACE_ELEVATION_m,TOP_DEPTH_m,BOT_DEPTH_m,tex
16194,270,110,0,511043.13159614685,4588249.262003998,851.019570703125,855.323664,0.3048,6.096,Mixed_Fine
16194,270,110,0,511043.13159614685,4588249.262003998,844.923570703125,855.323664,6.096,12.4968,Mixed_Fine
16194,270,110,1,511043.13159614685,4588249.262003998,838.675170703125,855.323664,12.4968,18.5928,Very_Coarse
16197,188,78,0,507780.37036798423,4596469.980116027,854.2480073242187,860.855784,0.0,9.144,Mixed_Fine
16197,188,78,0,507780.37036798423,4596469.980116027,848.9140073242188,860.855784,9.144,10.668,Very_Coarse
16197,188,78,0,507780.37036798423,4596469.980116027,847.3900073242188,860.855784,10.668,12.192,Mixed_Fine
16197,188,78,0,507780.37036798423,4596469.980116027,846.3232073242187,860.855784,12.192,12.8016,Mixed_Coarse
16197,188,78,1,507780.37036798423,4596469.980116027,842.2084073242188,860.855784,12.8016,20.4216,Mixed_Fine
16197,188,78,1,507780.37036798423,4596469.980116027,837.1792073242187,860.855784,20.4216,22.86,Mixed_Fine
16197,188,78,1,507780.37036798423,4596469.980116027,834.4360073242187,860.855784,22.86,25.908,Mixed_Coarse
16197,188,78,1,507780.37036798423,4596469.980116027,830.1688073242187,860.855784,25.908,31.3944,Mixed_Coarse
16208,140,61,0,506173.72900747537,4601319.443509678,864.6060048828125,866.845104,0.0,3.048,Mixed_Fine
16208,140,61,0,506173.72900747537,4601319.443509678,856.9860048828125,866.845104,3.048,15.24,Mixed_Fine
16208,140,61,1,506173.72900747537,4601319.443509678,846.3180048828125,866.845104,15.24,24.384,Very_Coarse
16208,140,61,1,506173.72900747537,4601319.443509678,837.9360048828125,866.845104,24.384,32.004,Very_Coarse
16209,188,78,0,507780.37036798423,4596469.980116027,855.7720073242187,860.855784,0.0,6.096,Mixed_Fine
16209,188,78,0,507780.37036798423,4596469.980116027,850.4380073242188,860.855784,6.096,10.668,Mixed_Fine
16209,188,78,0,507780.37036798423,4596469.980116027,845.1040073242187,860.855784,10.668,16.764,Mixed_Coarse
16209,188,78,1,507780.37036798423,4596469.980116027,839.0080073242187,860.855784,16.764,22.86,Mixed_Coarse
16209,188,78,1,507780.37036798423,4596469.980116027,835.1980073242188,860.855784,22.86,24.384,Mixed_Coarse
16225,270,110,0,511043.13159614685,4588249.262003998,853.153170703125,855.323664,0.0,2.1336,Mixed_Fine
16225,270,110,0,511043.13159614685,4588249.262003998,849.952770703125,855.323664,2.1336,6.4008,Sand
16225,270,110,1,511043.13159614685,4588249.262003998,838.979970703125,855.323664,6.4008,24.0792,Mixed_Fine
16225,270,110,1,511043.13159614685,4588249.262003998,823.130370703125,855.323664,24.0792,38.1,Mixed_Coarse
16225,270,110,1,511043.13159614685,4588249.262003998,812.309970703125,855.323664,38.1,45.72,Mixed_Coarse
16245,222,187,0,518711.98216668563,4593045.132659265,977.5603829101562,974.91804,0.0,1.2192,Mixed_Fine
16245,222,187,0,518711.98216668563,4593045.132659265,975.1219829101562,974.91804,1.2192,4.8768,Mixed_Coarse
16245,222,187,0,518711.98216668563,4593045.132659265,970.8547829101562,974.91804,4.8768,9.7536,Mixed_Fine
16245,222,187,0,518711.98216668563,4593045.132659265,967.5019829101562,974.91804,9.7536,11.5824,Mixed_Fine
16245,222,187,0,518711.98216668563,4593045.132659265,964.9111829101563,974.91804,11.5824,14.9352,Mixed_Fine
16245,222,187,1,518711.98216668563,4593045.132659265,962.9299829101562,974.91804,14.9352,15.5448,Very_Coarse
16245,222,187,1,518711.98216668563,4593045.132659265,949.0615829101563,974.91804,15.5448,42.672,Fine
16246,190,66,0,506603.57971380255,4596266.697774695,875.1523975585937,881.109744,0.0,7.3152,Mixed_Coarse
16246,190,66,0,506603.57971380255,4596266.697774695,866.7703975585938,881.109744,7.3152,16.764,Mixed_Fine
16246,190,66,1,506603.57971380255,4596266.697774695,841.9291975585937,881.109744,16.764,56.9976,Mixed_Coarse
16246,190,66,1,506603.57971380255,4596266.697774695,813.7351975585938,881.109744,56.9976,73.152,Fine
16252,222,171,0,517079.2011685037,4593100.350642564,934.3780122070312,959.074536,0.0,9.144,Mixed_Fine
16252,222,171,1,517079.2011685037,4593100.350642564,923.7100122070312,959.074536,9.144,21.336,Very_Coarse
16252,222,171,1,517079.2011685037,4593100.350642564,914.5660122070312,959.074536,21.336,27.432,Very_Coarse
16252,222,171,1,517079.2011685037,4593100.350642564,906.1840122070313,959.074536,27.432,38.1,Very_Coarse
16252,222,171,1,517079.2011685037,4593100.350642564,899.3260122070312,959.074536,38.1,41.148,Very_Coarse
16252,222,171,1,517079.2011685037,4593100.350642564,894.6016122070313,959.074536,41.148,47.5488,Very_Coarse
16255,91,78,0,507786.21967643185,4606169.231506617,830.0379877929688,833.509128,0.0,1.524,Mixed_Fine
16255,91,78,0,507786.21967643185,4606169.231506617,825.4659877929688,833.509128,1.524,9.144,Mixed_Fine
16255,91,78,0,507786.21967643185,4606169.231506617,820.1319877929687,833.509128,9.144,12.192,Mixed_Coarse
16255,91,78,1,507786.21967643185,4606169.231506617,814.0359877929687,833.509128,12.192,21.336,Mixed_Fine
16255,91,78,1,507786.21967643185,4606169.231506617,807.1779877929688,833.509128,21.336,25.908,Mixed_Fine
16255,91,78,1,507786.21967643185,4606169.231506617,803.3679877929687,833.509128,25.908,28.956,Mixed_Fine
16255,91,78,1,507786.21967643185,4606169.231506617,798.7959877929687,833.509128,28.956,35.052,Mixed_Coarse
16264,107,110,0,511061.4459326412,4604561.25176096,976.2779780273438,965.146152,0.0,1.524,Mixed_Fine
16264,107,110,0,511061.4459326412,4604561.25176096,974.7539780273438,965.146152,1.524,3.048,Mixed_Fine
16264,107,110,0,511061.4459326412,4604561.25176096,973.2299780273438,965.146152,3.048,4.572,Mixed_Coarse
16264,107,110,0,511061.4459326412,4604561.25176096,968.6579780273438,965.146152,4.572,12.192,Mixed_Fine
16264,107,110,0,511061.4459326412,4604561.25176096,964.5431780273437,965.146152,12.192,12.8016,Mixed_Coarse
16264,107,110,0,511061.4459326412,4604561.25176096,963.0191780273437,965.146152,12.8016,15.24,Mixed_Fine
16264,107,110,1,511061.4459326412,4604561.25176096,957.9899780273438,965.146152,15.24,22.86,Mixed_Fine
16273,254,127,0,512681.4955983508,4589913.28800328,845.9407731445312,847.92312,0.0,2.4384,Sand
16273,254,127,1,512681.4955983508,4589913.28800328,824.6047731445312,847.92312,2.4384,42.672,Very_Coarse
16273,254,127,1,512681.4955983508,4589913.28800328,789.2479731445312,847.92312,42.672,73.152,Mixed_Coarse
16277,139,13,0,501315.9038968613,4601331.649030014,936.1255780273437,937.226472,0.0,1.8288,Mixed_Fine
16277,139,13,0,501315.9038968613,4601331.649030014,932.3155780273438,937.226472,1.8288,7.62,Mixed_Fine
16277,139,13,0,501315.9038968613,4601331.649030014,925.6099780273438,937.226472,7.62,15.24,Mixed_Fine
16277,139,13,1,501315.9038968613,4601331.649030014,920.1235780273438,937.226472,15.24,18.5928,Mixed_Coarse
16277,139,13,1,501315.9038968613,4601331.649030014,915.7039780273437,937.226472,18.5928,24.0792,Mixed_Coarse
16277,139,13,1,501315.9038968613,4601331.649030014,912.3511780273437,937.226472,24.0792,25.2984,Mixed_Coarse
16277,139,13,1,501315.9038968613,4601331.649030014,909.7603780273438,937.226472,25.2984,29.2608,Mixed_Coarse
16277,139,13,1,501315.9038968613,4601331.649030014,907.1695780273437,937.226472,29.2608,30.48,Mixed_Coarse
16298,189,62,0,506190.83839947195,4596422.715132296,905.8520244140625,927.229032,0.0,6.096,Very_Coarse
16298,189,62,1,506190.83839947195,4596422.715132296,892.1360244140625,927.229032,6.096,27.432,Mixed_Coarse
16298,189,62,1,506190.83839947195,4596422.715132296,879.9440244140625,927.229032,27.432,30.48,Very_Coarse
16298,189,62,1,506190.83839947195,4596422.715132296,870.8000244140625,927.229032,30.48,45.72,Very_Coarse
16298,189,62,1,506190.83839947195,4596422.715132296,860.4368244140625,927.229032,45.72,51.2064,Very_Coarse
16311,188,126,0,512663.85832365527,4596487.543907132,827.173570703125,837.395328,0.0,18.5928,Very_Coarse
16311,188,126,1,512663.85832365527,4596487.543907132,814.829170703125,837.395328,18.5928,24.6888,Very_Coarse
16337,59,110,0,511047.9161952798,4609387.512656694,955.8459951171875,967.38948,0.0,3.048,Mixed_Fine
16337,59,110,0,511047.9161952798,4609387.512656694,950.5119951171876,967.38948,3.048,10.668,Mixed_Fine
16337,59,110,1,511047.9161952798,4609387.512656694,934.6623951171875,967.38948,19.812,25.6032,Mixed_Coarse
16337,59,110,1,511047.9161952798,4609387.512656694,931.0047951171875,967.38948,25.6032,27.1272,Mixed_Fine
16347,58,61,0,506104.33040765417,4609457.677506954,819.8531829101563,822.554616,0.0,2.1336,Mixed_Coarse
16347,58,61,0,506104.33040765417,4609457.677506954,817.2623829101562,822.554616,2.1336,5.1816,Mixed_Coarse
16347,58,61,0,506104.33040765417,4609457.677506954,812.9951829101562,822.554616,5.1816,10.668,Mixed_Fine
16347,58,61,0,506104.33040765417,4609457.677506954,806.4419829101563,822.554616,10.668,18.288,Mixed_Fine
16347,58,61,1,506104.33040765417,4609457.677506954,801.1079829101562,822.554616,18.288,21.336,Very_Coarse
16347,58,61,1,506104.33040765417,4609457.677506954,798.0599829101562,822.554616,21.336,24.384,Mixed_Coarse
16347,58,61,1,506104.33040765417,4609457.677506954,795.0119829101562,822.554616,24.384,27.432,Very_Coarse
16347,58,61,1,506104.33040765417,4609457.677506954,790.7447829101562,822.554616,27.432,32.9184,Mixed_Coarse
16347,58,61,1,506104.33040765417,4609457.677506954,785.7155829101563,822.554616,32.9184,37.4904,Mixed_Coarse
16351,278,77,0,507765.583845199,4587471.495804151,937.6880122070313,940.984656,0.0,1.524,Mixed_Fine
16351,278,77,0,507765.583845199,4587471.495804151,933.8780122070312,940.984656,1.524,7.62,Mixed_Coarse
16351,278,77,0,507765.583845199,4587471.495804151,929.3060122070312,940.984656,7.62,10.668,Mixed_Coarse
16351,278,77,0,507765.583845199,4587471.495804151,925.4960122070313,940.984656,10.668,15.24,Very_Coarse
16351,278,77,1,507765.583845199,4587471.495804151,920.9240122070313,940.984656,15.24,19.812,Fine
16351,278,77,1,507765.583845199,4587471.495804151,910.2560122070313,940.984656,19.812,36.576,Fine
16356,156,78,0,507796.85240764165,4599696.72870344,847.9152268554687,857.853504,0.0,15.8496,Mixed_Fine
16356,156,78,1,507796.85240764165,4599696.72870344,837.0948268554688,857.853504,15.8496,21.6408,Very_Coarse
16356,156,78,1,507796.85240764165,4599696.72870344,832.0656268554687,857.853504,21.6408,25.908,Very_Coarse
16356,156,78,1,507796.85240764165,4599696.72870344,826.8840268554687,857.853504,25.908,32.004,Very_Coarse
16358,75,13,0,501320.49526973313,4607767.37739338,845.7328024414063,845.292696,0.0,0.9144,Mixed_Fine
16358,75,13,0,501320.49526973313,4607767.37739338,842.2276024414062,845.292696,0.9144,7.0104,Mixed_Fine
16358,75,13,0,501320.49526973313,4607767.37739338,831.2548024414062,845.292696,7.0104,22.86,Very_Coarse
16358,75,13,1,501320.49526973313,4607767.37739338,821.8060024414062,845.292696,22.86,25.908,Mixed_Coarse
16358,75,13,1,501320.49526973313,4607767.37739338,817.9960024414063,845.292696,25.908,30.48,Mixed_Fine
16358,75,13,1,501320.49526973313,4607767.37739338,812.6620024414062,845.292696,30.48,36.576,Mixed_Coarse
16358,75,13,1,501320.49526973313,4607767.37739338,807.0232024414063,845.292696,36.576,41.7576,Very_Coarse
16362,254,94,0,509466.00749302073,4589882.736795983,871.5639755859376,877.500912,0.0,4.572,Very_Coarse
16362,254,94,0,509466.00749302073,4589882.736795983,866.2299755859375,877.500912,4.572,10.668,Very_Coarse
16362,254,94,1,509466.00749302073,4589882.736795983,856.3239755859375,877.500912,10.668,24.384,Very_Coarse
16362,254,94,1,509466.00749302073,4589882.736795983,846.4179755859375,877.500912,24.384,30.48,Mixed_Fine
16363,286,110,0,511019.304546678,4586644.780052698,860.072829296875,862.29444,0.0,0.9144,Mixed_Fine
16363,286,110,0,511019.304546678,4586644.780052698,857.786829296875,862.29444,0.9144,4.572,Mixed_Fine
16363,286,110,0,511019.304546678,4586644.780052698,850.624029296875,862.29444,4.572,15.24,Mixed_Coarse
16363,286,110,1,511019.304546678,4586644.780052698,837.670029296875,862.29444,15.24,30.48,Fine
16367,189,62,0,506190.83839947195,4596422.715132296,907.3760244140625,927.229032,0.0,3.048,Mixed_Coarse
16367,189,62,0,506190.83839947195,4596422.715132296,904.3280244140625,927.229032,3.048,6.096,Mixed_Fine
16367,189,62,0,506190.83839947195,4596422.715132296,898.2320244140625,927.229032,6.096,15.24,Mixed_Fine
16367,189,62,1,506190.83839947195,4596422.715132296,890.6120244140625,927.229032,15.24,21.336,Mixed_Fine
16367,189,62,1,506190.83839947195,4596422.715132296,883.7540244140625,927.229032,21.336,28.956,Mixed_Fine
16367,189,62,1,506190.83839947195,4596422.715132296,876.8960244140625,927.229032,28.956,35.052,Mixed_Coarse
16367,189,62,1,506190.83839947195,4596422.715132296,870.8000244140625,927.229032,35.052,41.148,Fine
16367,189,62,1,506190.83839947195,4596422.715132296,866.2280244140625,927.229032,41.148,44.196,Fine
16367,189,62,1,506190.83839947195,4596422.715132296,863.1800244140625,927.229032,44.196,47.244,Very_Coarse
16367,189,62,1,506190.83839947195,4596422.715132296,852.5120244140625,927.229032,47.244,65.532,Very_Coarse
16381,107,126,0,512668.8829996832,4604557.280154369,822.5888048828125,828.72072,0.0,11.5824,Mixed_Fine
16381,107,126,0,512668.8829996832,4604557.280154369,816.4928048828125,828.72072,11.5824,12.192,Mixed_Fine
16381,107,126,0,512668.8829996832,4604557.280154369,814.6640048828125,828.72072,12.192,15.24,Mixed_Fine
16381,107,126,1,512668.8829996832,4604557.280154369,812.3780048828125,828.72072,15.24,16.764,Mixed_Fine
16381,107,126,1,512668.8829996832,4604557.280154369,810.8540048828125,828.72072,16.764,18.288,Mixed_Fine
16381,107,126,1,512668.8829996832,4604557.280154369,809.3300048828125,828.72072,18.288,19.812,Sand
16381,107,126,1,512668.8829996832,4604557.280154369,807.8060048828125,828.72072,19.812,21.336,Mixed_Fine
16381,107,126,1,512668.8829996832,4604557.280154369,806.1296048828125,828.72072,21.336,23.1648,Mixed_Coarse
16382,75,13,0,501320.49526973313,4607767.37739338,844.6660024414062,845.292696,0.0,3.048,Mixed_Fine
16382,75,13,0,501320.49526973313,4607767.37739338,840.0940024414062,845.292696,3.048,9.144,Very_Coarse
16382,75,13,1,501320.49526973313,4607767.37739338,827.9020024414062,845.292696,9.144,27.432,Very_Coarse
16387,270,110,0,511043.13159614685,4588249.262003998,852.391170703125,855.323664,0.0,3.6576,Mixed_Fine
16387,270,110,0,511043.13159614685,4588249.262003998,849.647970703125,855.323664,3.6576,5.4864,Mixed_Coarse
16387,270,110,0,511043.13159614685,4588249.262003998,845.228370703125,855.323664,5.4864,12.4968,Mixed_Coarse
16387,270,110,0,511043.13159614685,4588249.262003998,840.656370703125,855.323664,12.4968,14.6304,Sand
16387,270,110,1,511043.13159614685,4588249.262003998,837.608370703125,855.323664,14.6304,18.5928,Mixed_Fine
16390,271,78,0,507850.1987990242,4588205.480205929,935.5375975585938,942.48732,0.0,15.5448,Mixed_Fine
16390,271,78,1,507850.1987990242,4588205.480205929,925.6315975585937,942.48732,15.5448,19.812,Very_Coarse
16393,318,142,0,514275.54450807505,4583456.076650876,868.1540024414063,871.92612,0.0,4.572,Very_Coarse
16393,318,142,0,514275.54450807505,4583456.076650876,865.1060024414063,871.92612,4.572,6.096,Mixed_Fine
16393,318,142,0,514275.54450807505,4583456.076650876,859.4672024414062,871.92612,6.096,15.8496,Mixed_Coarse
16398,140,78,0,507795.08802800067,4601327.98589945,1002.6020244140625,995.662728,0.0,6.096,Mixed_Fine
16398,140,78,0,507795.08802800067,4601327.98589945,997.2680244140626,995.662728,6.096,10.668,Mixed_Coarse
16398,140,78,1,507795.08802800067,4601327.98589945,989.6480244140625,995.662728,10.668,21.336,Very_Coarse
16398,140,78,1,507795.08802800067,4601327.98589945,984.0092244140625,995.662728,21.336,21.9456,Very_Coarse
16398,140,78,1,507795.08802800067,4601327.98589945,982.4852244140625,995.662728,21.9456,24.384,Very_Coarse
16424,188,94,0,509392.9912897587,4596482.508090948,835.3235975585937,842.78724,0.0,10.9728,Mixed_Fine
16424,188,94,0,509392.9912897587,4596482.508090948,828.4655975585938,842.78724,10.9728,13.716,Mixed_Coarse
16424,188,94,0,509392.9912897587,4596482.508090948,826.0271975585938,842.78724,13.716,15.8496,Sand
16425,254,94,0,509466.00749302073,4589882.736795983,873.2403755859375,877.500912,0.0,1.2192,Mixed_Fine
16425,254,94,0,509466.00749302073,4589882.736795983,870.3447755859376,877.500912,1.2192,5.7912,Very_Coarse
16425,254,94,0,509466.00749302073,4589882.736795983,867.2967755859376,877.500912,5.7912,7.3152,Mixed_Fine
16425,254,94,0,509466.00749302073,4589882.736795983,865.0107755859375,877.500912,7.3152,10.3632,Sand
16425,254,94,0,509466.00749302073,4589882.736795983,862.7247755859376,877.500912,10.3632,11.8872,Sand
16425,254,94,0,509466.00749302073,4589882.736795983,861.8103755859375,877.500912,11.8872,12.192,Very_Coarse
16426,335,110,0,511058.30797045305,4581786.032178066,901.5959926757813,913.281384,0.0,10.668,Very_Coarse
16426,335,110,1,511058.30797045305,4581786.032178066,887.8799926757813,913.281384,10.668,27.432,Very_Coarse
16426,335,110,1,511058.30797045305,4581786.032178066,875.6879926757813,913.281384,27.432,35.052,Very_Coarse
16426,335,110,1,511058.30797045305,4581786.032178066,871.1159926757813,913.281384,35.052,36.576,Mixed_Fine
16426,335,110,1,511058.30797045305,4581786.032178066,869.5919926757813,913.281384,36.576,38.1,Mixed_Fine
16426,335,110,1,511058.30797045305,4581786.032178066,868.0679926757813,913.281384,38.1,39.624,Mixed_Fine
16426,335,110,1,511058.30797045305,4581786.032178066,866.5439926757813,913.281384,39.624,41.148,Very_Coarse
16438,188,78,0,507780.37036798423,4596469.980116027,854.8576073242187,860.855784,0.0,7.9248,Very_Coarse
16438,188,78,0,507780.37036798423,4596469.980116027,849.6760073242187,860.855784,7.9248,10.3632,Mixed_Fine
16438,188,78,0,507780.37036798423,4596469.980116027,847.5424073242187,860.855784,10.3632,12.192,Very_Coarse
16438,188,78,0,507780.37036798423,4596469.980116027,845.8660073242188,860.855784,12.192,13.716,Mixed_Fine
16438,188,78,0,507780.37036798423,4596469.980116027,844.9516073242188,860.855784,13.716,14.0208,Mixed_Coarse
16438,188,78,1,507780.37036798423,4596469.980116027,842.6656073242187,860.855784,14.0208,18.288,Mixed_Fine
16438,188,78,1,507780.37036798423,4596469.980116027,839.7700073242188,860.855784,18.288,19.812,Mixed_Coarse
16438,188,78,1,507780.37036798423,4596469.980116027,838.3984073242187,860.855784,19.812,21.0312,Mixed_Fine
16438,188,78,1,507780.37036798423,4596469.980116027,837.3316073242188,860.855784,21.0312,21.9456,Mixed_Coarse
16438,188,78,1,507780.37036798423,4596469.980116027,836.7220073242188,860.855784,21.9456,22.2504,Sand
16438,188,78,1,507780.37036798423,4596469.980116027,835.0456073242187,860.855784,22.2504,25.2984,Mixed_Coarse
16446,204,142,0,514275.10422940657,4594848.053573019,879.8975877929688,881.950992,0.0,0.3048,Mixed_Fine
16446,204,142,0,514275.10422940657,4594848.053573019,874.2587877929687,881.950992,0.3048,11.2776,Mixed_Coarse
16446,204,142,1,514275.10422940657,4594848.053573019,859.4759877929688,881.950992,11.2776,29.8704,Sand
16446,204,142,1,514275.10422940657,4594848.053573019,848.5031877929688,881.950992,29.8704,33.2232,Sand
16446,204,142,1,514275.10422940657,4594848.053573019,837.5303877929688,881.950992,33.2232,51.816,Very_Coarse
16449,204,142,0,514275.10422940657,4594848.053573019,879.1355877929687,881.950992,0.0,1.8288,Mixed_Fine
16449,204,142,0,514275.10422940657,4594848.053573019,873.0395877929687,881.950992,1.8288,12.192,Mixed_Fine
16449,204,142,1,514275.10422940657,4594848.053573019,862.5239877929688,881.950992,12.192,22.86,Mixed_Fine
16449,204,142,1,514275.10422940657,4594848.053573019,854.9039877929688,881.950992,22.86,27.432,Mixed_Fine
16449,204,142,1,514275.10422940657,4594848.053573019,849.5699877929687,881.950992,27.432,33.528,Very_Coarse
16449,204,142,1,514275.10422940657,4594848.053573019,843.1691877929687,881.950992,33.528,40.2336,Very_Coarse
16453,172,46,0,504589.01233538816,4598046.936635305,906.49601953125,911.416008,0.0,3.048,Mixed_Fine
16453,172,46,0,504589.01233538816,4598046.936635305,903.44801953125,911.416008,3.048,6.096,Very_Coarse
16453,172,46,0,504589.01233538816,4598046.936635305,898.87601953125,911.416008,6.096,12.192,Very_Coarse
16453,172,46,0,504589.01233538816,4598046.936635305,895.06601953125,911.416008,12.192,13.716,Very_Coarse
16458,156,46,0,504585.01341547037,4599662.6843612,927.5275926757813,935.196504,0.0,0.3048,Mixed_Fine
16458,156,46,0,504585.01341547037,4599662.6843612,925.2415926757812,935.196504,0.3048,4.572,Mixed_Fine
16458,156,46,0,504585.01341547037,4599662.6843612,922.1935926757812,935.196504,4.572,6.4008,Mixed_Fine
16458,156,46,0,504585.01341547037,4599662.6843612,919.1455926757812,935.196504,6.4008,10.668,Mixed_Fine
16458,156,46,0,504585.01341547037,4599662.6843612,916.7071926757812,935.196504,10.668,11.2776,Mixed_Coarse
16458,156,46,0,504585.01341547037,4599662.6843612,912.8971926757813,935.196504,11.2776,18.288,Mixed_Fine
16458,156,46,1,504585.01341547037,4599662.6843612,908.3251926757813,935.196504,18.288,20.4216,Very_Coarse
16458,156,46,1,504585.01341547037,4599662.6843612,905.1247926757812,935.196504,20.4216,24.6888,Mixed_Fine
16458,156,46,1,504585.01341547037,4599662.6843612,902.5339926757813,935.196504,24.6888,25.6032,Mixed_Coarse
16458,156,46,1,504585.01341547037,4599662.6843612,901.1623926757812,935.196504,25.6032,27.432,Very_Coarse
16458,156,46,1,504585.01341547037,4599662.6843612,898.7239926757812,935.196504,27.432,30.48,Mixed_Fine
16463,172,46,0,504589.01233538816,4598046.936635305,903.44801953125,911.416008,0.0,9.144,Very_Coarse
16463,172,46,0,504589.01233538816,4598046.936635305,897.35201953125,911.416008,9.144,12.192,Very_Coarse
16463,172,46,0,504589.01233538816,4598046.936635305,895.67561953125,911.416008,12.192,12.4968,Mixed_Coarse
16463,172,46,0,504589.01233538816,4598046.936635305,893.08481953125,911.416008,12.4968,17.3736,Very_Coarse
16463,172,46,1,504589.01233538816,4598046.936635305,890.49401953125,911.416008,17.3736,17.6784,Mixed_Coarse
16463,172,46,1,504589.01233538816,4598046.936635305,887.75081953125,911.416008,17.6784,22.86,Mixed_Coarse
16463,172,46,1,504589.01233538816,4598046.936635305,884.39801953125,911.416008,22.86,24.384,Mixed_Coarse
16463,172,46,1,504589.01233538816,4598046.936635305,881.35001953125,911.416008,24.384,28.956,Very_Coarse
16463,172,46,1,504589.01233538816,4598046.936635305,878.30201953125,911.416008,28.956,30.48,Very_Coarse
16468,237,142,0,514275.2730917588,4591578.334041249,845.9668170898437,856.89948,0.0,20.7264,Mixed_Fine
16468,237,142,1,514275.2730917588,4591578.334041249,835.2988170898437,856.89948,20.7264,21.336,Mixed_Coarse
16468,237,142,1,514275.2730917588,4591578.334041249,831.0316170898437,856.89948,21.336,29.2608,Mixed_Fine
16468,237,142,1,514275.2730917588,4591578.334041249,826.4596170898437,856.89948,29.2608,30.48,Sand
16470,188,78,0,507780.37036798423,4596469.980116027,855.0100073242188,860.855784,1.524,6.096,Mixed_Coarse
16470,188,78,0,507780.37036798423,4596469.980116027,850.4380073242188,860.855784,6.096,10.668,Mixed_Coarse
16470,188,78,0,507780.37036798423,4596469.980116027,847.3900073242188,860.855784,10.668,12.192,Mixed_Fine
16470,188,78,0,507780.37036798423,4596469.980116027,845.8660073242188,860.855784,12.192,13.716,Mixed_Coarse
16470,188,78,1,507780.37036798423,4596469.980116027,842.8180073242188,860.855784,13.716,18.288,Mixed_Coarse
16470,188,78,1,507780.37036798423,4596469.980116027,839.7700073242188,860.855784,18.288,19.812,Mixed_Coarse
16470,188,78,1,507780.37036798423,4596469.980116027,836.2648073242187,860.855784,19.812,25.2984,Mixed_Coarse
16470,188,78,1,507780.37036798423,4596469.980116027,832.6072073242187,860.855784,25.2984,27.1272,Mixed_Coarse
16470,188,78,1,507780.37036798423,4596469.980116027,831.5404073242188,860.855784,27.1272,27.432,Mixed_Coarse
16470,188,78,1,507780.37036798423,4596469.980116027,830.6260073242188,860.855784,27.432,28.956,Mixed_Coarse
16470,188,78,1,507780.37036798423,4596469.980116027,829.2544073242187,860.855784,28.956,30.1752,Mixed_Coarse
16470,188,78,1,507780.37036798423,4596469.980116027,828.0352073242187,860.855784,30.1752,31.3944,Sand
16480,319,110,0,511038.608374743,4583420.267364215,871.9036146484375,878.61648,0.0,10.9728,Mixed_Coarse
16480,319,110,0,511038.608374743,4583420.267364215,865.0456146484375,878.61648,10.9728,13.716,Very_Coarse
16480,319,110,1,511038.608374743,4583420.267364215,861.8452146484375,878.61648,13.716,17.3736,Very_Coarse
16480,319,110,1,511038.608374743,4583420.267364215,855.7492146484375,878.61648,17.3736,25.908,Very_Coarse
16480,319,110,1,511038.608374743,4583420.267364215,849.5008146484375,878.61648,25.908,29.8704,Very_Coarse
16487,271,78,0,507850.1987990242,4588205.480205929,938.4331975585937,942.48732,3.9624,5.7912,Mixed_Coarse
16497,302,110,0,511034.8222040475,4585044.022175429,888.006029296875,887.236224,0.0,3.048,Mixed_Fine
16497,302,110,0,511034.8222040475,4585044.022175429,883.434029296875,887.236224,3.048,9.144,Mixed_Fine
16497,302,110,0,511034.8222040475,4585044.022175429,878.862029296875,887.236224,9.144,12.192,Fine
16497,302,110,1,511034.8222040475,4585044.022175429,869.718029296875,887.236224,12.192,27.432,Very_Coarse
16499,205,62,0,506188.1468375811,4594798.964787612,893.179990234375,896.910576,0.3048,7.3152,Very_Coarse
16499,205,62,0,506188.1468375811,4594798.964787612,888.760390234375,896.910576,7.3152,9.144,Mixed_Fine
16499,205,62,1,506188.1468375811,4594798.964787612,877.939990234375,896.910576,9.144,28.956,Mixed_Coarse
16503,302,126,0,512655.3678603663,4585067.546154708,860.665170703125,860.352864,0.0,0.6096,Mixed_Fine
16503,302,126,0,512655.3678603663,4585067.546154708,857.617170703125,860.352864,0.6096,6.096,Mixed_Fine
16503,302,126,0,512655.3678603663,4585067.546154708,854.264370703125,860.352864,6.096,7.3152,Sand
16503,302,126,0,512655.3678603663,4585067.546154708,852.587970703125,860.352864,7.3152,9.4488,Sand
16503,302,126,1,512655.3678603663,4585067.546154708,843.596370703125,860.352864,9.4488,25.2984,Sand
16503,302,126,1,512655.3678603663,4585067.546154708,835.366770703125,860.352864,25.2984,25.908,Sand
16503,302,126,1,512655.3678603663,4585067.546154708,832.166370703125,860.352864,25.908,31.6992,Sand
16503,302,126,1,512655.3678603663,4585067.546154708,827.594370703125,860.352864,31.6992,35.052,Sand
16503,302,126,1,512655.3678603663,4585067.546154708,825.765570703125,860.352864,35.052,35.3568,Sand
16503,302,126,1,512655.3678603663,4585067.546154708,825.460770703125,860.352864,35.3568,35.6616,Sand
16503,302,126,1,512655.3678603663,4585067.546154708,823.936770703125,860.352864,35.6616,38.4048,Very_Coarse
16503,302,126,1,512655.3678603663,4585067.546154708,822.107970703125,860.352864,38.4048,39.3192,Sand
16503,302,126,1,512655.3678603663,4585067.546154708,821.345970703125,860.352864,39.3192,39.9288,Mixed_Fine
16503,302,126,1,512655.3678603663,4585067.546154708,820.736370703125,860.352864,39.9288,40.5384,Very_Coarse
16506,27,142,0,514208.4109902455,4612563.293163339,944.3504219726562,937.269144,0.0,1.2192,Mixed_Fine
16506,27,142,0,514208.4109902455,4612563.293163339,942.5216219726562,937.269144,1.2192,3.6576,Mixed_Fine
16506,27,142,0,514208.4109902455,4612563.293163339,935.8160219726562,937.269144,7.62,10.668,Mixed_Coarse
16506,27,142,0,514208.4109902455,4612563.293163339,933.2252219726563,937.269144,10.668,12.8016,Mixed_Coarse
16506,27,142,1,514208.4109902455,4612563.293163339,929.4152219726562,937.269144,12.8016,18.288,Very_Coarse
16506,27,142,1,514208.4109902455,4612563.293163339,923.6240219726562,937.269144,18.288,24.384,Mixed_Coarse
16506,27,142,1,514208.4109902455,4612563.293163339,916.9184219726562,937.269144,24.384,31.6992,Very_Coarse
16506,27,142,1,514208.4109902455,4612563.293163339,912.0416219726562,937.269144,31.6992,34.1376,Mixed_Coarse
16506,27,142,1,514208.4109902455,4612563.293163339,908.8412219726563,937.269144,34.1376,38.1,Very_Coarse
16517,271,94,0,509435.1900269065,4588223.501885015,942.7075853515626,943.53888,0.0,0.3048,Mixed_Fine
16517,271,94,0,509435.1900269065,4588223.501885015,939.6595853515626,943.53888,0.3048,6.096,Mixed_Fine
16517,271,94,0,509435.1900269065,4588223.501885015,935.5447853515625,943.53888,6.096,8.5344,Mixed_Coarse
16517,271,94,0,509435.1900269065,4588223.501885015,933.1063853515625,943.53888,8.5344,10.9728,Very_Coarse
16539,271,78,0,507850.1987990242,4588205.480205929,942.8527975585938,942.48732,0.0,0.9144,Mixed_Fine
16539,271,78,0,507850.1987990242,4588205.480205929,937.5187975585937,942.48732,0.9144,10.668,Very_Coarse
16539,271,78,1,507850.1987990242,4588205.480205929,925.0219975585937,942.48732,10.668,25.908,Very_Coarse
16539,271,78,1,507850.1987990242,4588205.480205929,916.6399975585938,942.48732,25.908,27.432,Very_Coarse
16561,140,159,0,515908.58766677446,4601246.084723959,883.7879877929688,876.946176,0.0,1.524,Mixed_Fine
16561,140,159,0,515908.58766677446,4601246.084723959,880.7399877929688,876.946176,1.524,6.096,Mixed_Fine
16561,140,159,0,515908.58766677446,4601246.084723959,872.3579877929687,876.946176,6.096,18.288,Fine
16561,140,159,1,515908.58766677446,4601246.084723959,854.0699877929687,876.946176,18.288,42.672,Fine
16564,335,110,0,511058.30797045305,4581786.032178066,905.4059926757812,913.281384,0.0,3.048,Sand
16564,335,110,0,511058.30797045305,4581786.032178066,901.1387926757812,913.281384,3.048,8.5344,Very_Coarse
16564,335,110,0,511058.30797045305,4581786.032178066,896.2619926757812,913.281384,8.5344,12.8016,Very_Coarse
16564,335,110,0,511058.30797045305,4581786.032178066,893.3663926757813,913.281384,12.8016,14.3256,Very_Coarse
16564,335,110,1,511058.30797045305,4581786.032178066,889.8611926757812,913.281384,14.3256,19.812,Very_Coarse
16564,335,110,1,511058.30797045305,4581786.032178066,883.9175926757813,913.281384,19.812,26.2128,Very_Coarse
16564,335,110,1,511058.30797045305,4581786.032178066,873.2495926757813,913.281384,26.2128,41.148,Very_Coarse
16564,335,110,1,511058.30797045305,4581786.032178066,859.9907926757812,913.281384,41.148,52.7304,Very_Coarse
16564,335,110,1,511058.30797045305,4581786.032178066,848.5607926757813,913.281384,52.7304,64.008,Very_Coarse
16564,335,110,1,511058.30797045305,4581786.032178066,833.7779926757812,913.281384,64.008,82.296,Very_Coarse
16564,335,110,1,511058.30797045305,4581786.032178066,821.5859926757812,913.281384,82.296,88.392,Very_Coarse
16564,335,110,1,511058.30797045305,4581786.032178066,817.0139926757813,913.281384,88.392,91.44,Very_Coarse
16566,121,66,0,506672.80287691613,4603144.46390666,862.681209765625,866.201976,0.0,3.6576,Mixed_Coarse
16566,121,66,0,506672.80287691613,4603144.46390666,859.938009765625,866.201976,3.6576,5.4864,Mixed_Coarse
16566,121,66,0,506672.80287691613,4603144.46390666,854.908809765625,866.201976,5.4864,13.716,Mixed_Fine
16566,121,66,1,506672.80287691613,4603144.46390666,848.508009765625,866.201976,13.716,18.288,Very_Coarse
16566,121,66,1,506672.80287691613,4603144.46390666,840.888009765625,866.201976,18.288,28.956,Very_Coarse
16566,121,66,1,506672.80287691613,4603144.46390666,833.268009765625,866.201976,28.956,33.528,Very_Coarse
16566,121,66,1,506672.80287691613,4603144.46390666,829.458009765625,866.201976,33.528,36.576,Very_Coarse
16566,121,66,1,506672.80287691613,4603144.46390666,827.172009765625,866.201976,36.576,38.1,Very_Coarse
16568,205,156,0,515661.47339605686,4594778.3330789935,888.232029296875,890.927352,0.0,6.096,Mixed_Fine
16568,205,156,0,515661.47339605686,4594778.3330789935,880.307229296875,890.927352,6.096,15.8496,Very_Coarse
16568,205,156,1,515661.47339605686,4594778.3330789935,872.230029296875,890.927352,15.8496,22.2504,Very_Coarse
16568,205,156,1,515661.47339605686,4594778.3330789935,865.829229296875,890.927352,22.2504,28.6512,Very_Coarse
16580,189,62,0,506190.83839947195,4596422.715132296,908.5952244140625,927.229032,0.0,0.6096,Mixed_Fine
16580,189,62,0,506190.83839947195,4596422.715132296,898.6892244140626,927.229032,0.6096,19.812,Very_Coarse
16580,189,62,1,506190.83839947195,4596422.715132296,874.6100244140625,927.229032,19.812,48.768,Mixed_Fine
16581,221,126,0,512671.2318536938,4593205.543576375,840.435190234375,840.098904,0.0,0.6096,Mixed_Fine
16581,221,126,0,512671.2318536938,4593205.543576375,838.606390234375,840.098904,0.6096,3.6576,Sand
16581,221,126,0,512671.2318536938,4593205.543576375,828.243190234375,840.098904,3.6576,21.336,Sand
16581,221,126,1,512671.2318536938,4593205.543576375,811.783990234375,840.098904,21.336,36.576,Sand
16586,221,110,0,511060.8941038341,4593190.521313929,840.20598046875,843.378552,0.0,3.048,Mixed_Fine
16586,221,110,0,511060.8941038341,4593190.521313929,837.15798046875,843.378552,3.048,6.096,Sand
16586,221,110,0,511060.8941038341,4593190.521313929,828.01398046875,843.378552,6.096,21.336,Sand
16586,221,110,1,511060.8941038341,4593190.521313929,815.82198046875,843.378552,21.336,30.48,Mixed_Fine
16586,221,110,1,511060.8941038341,4593190.521313929,803.17278046875,843.378552,30.48,46.6344,Sand
16593,302,156,0,515652.17474076204,4585068.344092166,912.84001953125,920.078424,0.0,22.86,Mixed_Fine
16593,302,156,1,515652.17474076204,4585068.344092166,887.08441953125,920.078424,22.86,51.5112,Very_Coarse
16599,221,110,0,511060.8941038341,4593190.521313929,839.74878046875,843.378552,0.0,3.9624,Mixed_Coarse
16599,221,110,0,511060.8941038341,4593190.521313929,834.41478046875,843.378552,3.9624,10.668,Mixed_Coarse
16599,221,110,0,511060.8941038341,4593190.521313929,828.01398046875,843.378552,10.668,16.764,Mixed_Fine
16599,221,110,1,511060.8941038341,4593190.521313929,821.15598046875,843.378552,16.764,24.384,Mixed_Coarse
16599,221,110,1,511060.8941038341,4593190.521313929,815.51718046875,843.378552,24.384,28.0416,Mixed_Coarse
16599,221,110,1,511060.8941038341,4593190.521313929,810.79278046875,843.378552,28.0416,33.8328,Very_Coarse
16599,221,110,1,511060.8941038341,4593190.521313929,806.52558046875,843.378552,33.8328,36.576,Mixed_Fine
16599,221,110,1,511060.8941038341,4593190.521313929,801.34398046875,843.378552,36.576,44.196,Mixed_Coarse
16599,221,110,1,511060.8941038341,4593190.521313929,792.96198046875,843.378552,44.196,53.34,Mixed_Coarse
16599,221,110,1,511060.8941038341,4593190.521313929,783.66558046875,843.378552,53.34,62.7888,Mixed_Coarse
16599,221,110,1,511060.8941038341,4593190.521313929,778.78878046875,843.378552,62.7888,63.0936,Very_Coarse
16601,254,78,0,507864.51934440294,4589870.2220706735,944.6319926757812,944.9562,0.0,6.096,Mixed_Fine
16601,254,78,0,507864.51934440294,4589870.2220706735,938.5359926757812,944.9562,6.096,12.192,Very_Coarse
16601,254,78,1,507864.51934440294,4589870.2220706735,923.2959926757812,944.9562,12.192,36.576,Mixed_Fine
16601,254,78,1,507864.51934440294,4589870.2220706735,908.0559926757812,944.9562,36.576,42.672,Mixed_Fine
16602,254,78,0,507864.51934440294,4589870.2220706735,933.9639926757812,944.9562,0.0,27.432,Mixed_Coarse
16624,189,62,0,506190.83839947195,4596422.715132296,907.3760244140625,927.229032,0.0,3.048,Mixed_Coarse
16624,189,62,0,506190.83839947195,4596422.715132296,904.3280244140625,927.229032,3.048,6.096,Mixed_Coarse
16624,189,62,0,506190.83839947195,4596422.715132296,899.7560244140625,927.229032,6.096,12.192,Mixed_Coarse
16624,189,62,0,506190.83839947195,4596422.715132296,893.6600244140625,927.229032,12.192,18.288,Mixed_Coarse
16624,189,62,1,506190.83839947195,4596422.715132296,888.6308244140625,927.229032,18.288,22.2504,Mixed_Fine
16625,286,110,1,511019.304546678,4586644.780052698,835.384029296875,862.29444,15.24,35.052,Very_Coarse
16630,188,78,0,507780.37036798423,4596469.980116027,855.7720073242187,860.855784,0.0,6.096,Very_Coarse
16630,188,78,0,507780.37036798423,4596469.980116027,852.5716073242188,860.855784,6.096,6.4008,Mixed_Coarse
16630,188,78,0,507780.37036798423,4596469.980116027,849.5236073242188,860.855784,6.4008,12.192,Very_Coarse
16630,188,78,0,507780.37036798423,4596469.980116027,845.8660073242188,860.855784,12.192,13.716,Mixed_Coarse
16632,237,142,0,514275.2730917588,4591578.334041249,854.0440170898438,856.89948,0.0,4.572,Mixed_Fine
16632,237,142,0,514275.2730917588,4591578.334041249,847.1860170898437,856.89948,4.572,13.716,Mixed_Coarse
16632,237,142,1,514275.2730917588,4591578.334041249,838.8040170898438,856.89948,13.716,21.336,Mixed_Fine
16632,237,142,1,514275.2730917588,4591578.334041249,834.6892170898437,856.89948,21.336,21.9456,Mixed_Coarse
16632,237,142,1,514275.2730917588,4591578.334041249,830.8792170898438,856.89948,21.9456,28.956,Mixed_Fine
16632,237,142,1,514275.2730917588,4591578.334041249,826.6120170898438,856.89948,28.956,30.48,Sand
16632,237,142,1,514275.2730917588,4591578.334041249,805.1236170898437,856.89948,30.48,71.9328,Very_Coarse
16636,58,61,0,506104.33040765417,4609457.677506954,817.1099829101563,822.554616,0.0,7.62,Very_Coarse
16636,58,61,1,506104.33040765417,4609457.677506954,801.8699829101563,822.554616,7.62,30.48,Very_Coarse
16636,58,61,1,506104.33040765417,4609457.677506954,766.0559829101562,822.554616,30.48,79.248,Very_Coarse
16640,188,78,0,507780.37036798423,4596469.980116027,857.2960073242187,860.855784,0.0,3.048,Mixed_Coarse
16640,188,78,0,507780.37036798423,4596469.980116027,852.7240073242187,860.855784,3.048,9.144,Mixed_Coarse
16640,188,78,0,507780.37036798423,4596469.980116027,847.3900073242188,860.855784,9.144,13.716,Mixed_Fine
16640,188,78,0,507780.37036798423,4596469.980116027,844.3420073242188,860.855784,13.716,15.24,Mixed_Fine
16640,188,78,1,507780.37036798423,4596469.980116027,840.5320073242187,860.855784,15.24,21.336,Mixed_Fine
16640,188,78,1,507780.37036798423,4596469.980116027,834.4360073242187,860.855784,21.336,27.432,Mixed_Coarse
16640,188,78,1,507780.37036798423,4596469.980116027,829.5592073242187,860.855784,27.432,31.0896,Mixed_Fine
16640,188,78,1,507780.37036798423,4596469.980116027,824.9872073242187,860.855784,31.0896,36.576,Mixed_Coarse
16641,302,156,0,515652.17474076204,4585068.344092166,918.17401953125,920.078424,0.0,12.192,Mixed_Fine
16641,302,156,1,515652.17474076204,4585068.344092166,906.74401953125,920.078424,12.192,22.86,Very_Coarse
16644,172,62,0,506202.91793733166,4598063.455195106,870.4120219726562,875.224056,0.0,6.096,Mixed_Coarse
16644,172,62,0,506202.91793733166,4598063.455195106,867.0592219726562,875.224056,6.096,6.7056,Mixed_Fine
16644,172,62,0,506202.91793733166,4598063.455195106,864.3160219726562,875.224056,6.7056,11.5824,Mixed_Coarse
16644,172,62,0,506202.91793733166,4598063.455195106,860.8108219726563,875.224056,11.5824,13.716,Mixed_Fine
16644,172,62,1,506202.91793733166,4598063.455195106,857.4580219726563,875.224056,13.716,18.288,Mixed_Coarse
16644,172,62,1,506202.91793733166,4598063.455195106,854.8672219726562,875.224056,18.288,18.8976,Mixed_Fine
16644,172,62,1,506202.91793733166,4598063.455195106,851.8192219726562,875.224056,18.8976,24.384,Mixed_Coarse
16644,172,62,1,506202.91793733166,4598063.455195106,848.6188219726563,875.224056,24.384,25.2984,Mixed_Fine
16644,172,62,1,506202.91793733166,4598063.455195106,845.5708219726563,875.224056,25.2984,30.48,Mixed_Coarse
16651,186,68,0,506779.2346448052,4596695.285600333,867.5340073242188,870.56976,0.0,4.572,Very_Coarse
16651,186,68,0,506779.2346448052,4596695.285600333,863.8764073242188,870.56976,4.572,7.3152,Very_Coarse
16651,186,68,0,506779.2346448052,4596695.285600333,861.5904073242187,870.56976,7.3152,9.144,Mixed_Coarse
16651,186,68,1,506779.2346448052,4596695.285600333,851.5320073242187,870.56976,9.144,27.432,Mixed_Fine
16651,186,68,1,506779.2346448052,4596695.285600333,841.6260073242188,870.56976,27.432,28.956,Sand
16651,186,68,1,506779.2346448052,4596695.285600333,834.7680073242187,870.56976,28.956,41.148,Mixed_Coarse
16651,186,68,1,506779.2346448052,4596695.285600333,827.7576073242187,870.56976,41.148,42.9768,Mixed_Coarse
16651,186,68,1,506779.2346448052,4596695.285600333,826.2336073242187,870.56976,42.9768,44.196,Mixed_Fine
16651,186,68,1,506779.2346448052,4596695.285600333,824.8620073242188,870.56976,44.196,45.72,Mixed_Coarse
16653,140,45,0,504573.0380139721,4601299.406656649,943.52278046875,945.88584,0.0,0.9144,Mixed_Fine
16653,140,45,0,504573.0380139721,4601299.406656649,940.77958046875,945.88584,0.9144,5.4864,Mixed_Fine
16653,140,45,0,504573.0380139721,4601299.406656649,935.29318046875,945.88584,5.4864,11.8872,Very_Coarse
16653,140,45,0,504573.0380139721,4601299.406656649,931.94038046875,945.88584,11.8872,12.192,Fine
16653,140,45,1,504573.0380139721,4601299.406656649,928.73998046875,945.88584,12.192,18.288,Very_Coarse
16659,318,142,0,514275.54450807505,4583456.076650876,866.7824024414062,871.92612,0.0,7.3152,Mixed_Fine
16659,318,142,0,514275.54450807505,4583456.076650876,862.8200024414062,871.92612,7.3152,7.9248,Mixed_Coarse
16659,318,142,0,514275.54450807505,4583456.076650876,860.3816024414062,871.92612,7.9248,12.192,Mixed_Fine
16659,318,142,0,514275.54450807505,4583456.076650876,857.9432024414062,871.92612,12.192,12.8016,Mixed_Coarse
16659,318,142,0,514275.54450807505,4583456.076650876,856.8764024414063,871.92612,12.8016,14.3256,Mixed_Fine
16665,237,142,0,514275.2730917588,4591578.334041249,842.3092170898437,856.89948,0.0,28.0416,Mixed_Fine
16665,237,142,1,514275.2730917588,4591578.334041249,827.5264170898438,856.89948,28.0416,29.5656,Mixed_Coarse
16665,237,142,1,514275.2730917588,4591578.334041249,821.7352170898438,856.89948,29.5656,39.624,Mixed_Coarse
16665,237,142,1,514275.2730917588,4591578.334041249,813.6580170898437,856.89948,39.624,45.72,Very_Coarse
16667,286,110,0,511019.304546678,4586644.780052698,857.482029296875,862.29444,0.0,6.096,Very_Coarse
16667,286,110,0,511019.304546678,4586644.780052698,852.148029296875,862.29444,6.096,10.668,Mixed_Coarse
16667,286,110,0,511019.304546678,4586644.780052698,846.814029296875,862.29444,10.668,16.764,Very_Coarse
16667,286,110,1,511019.304546678,4586644.780052698,840.718029296875,862.29444,16.764,22.86,Very_Coarse
16667,286,110,1,511019.304546678,4586644.780052698,833.860029296875,862.29444,22.86,30.48,Very_Coarse
16673,271,78,0,507850.1987990242,4588205.480205929,943.0051975585937,942.48732,0.0,0.6096,Mixed_Fine
16673,271,78,0,507850.1987990242,4588205.480205929,937.5187975585937,942.48732,0.6096,10.9728,Very_Coarse
16687,221,110,0,511060.8941038341,4593190.521313929,840.20598046875,843.378552,0.0,3.048,Mixed_Coarse
16687,221,110,0,511060.8941038341,4593190.521313929,837.46278046875,843.378552,3.048,5.4864,Mixed_Fine
16687,221,110,0,511060.8941038341,4593190.521313929,834.10998046875,843.378552,5.4864,9.7536,Very_Coarse
16687,221,110,0,511060.8941038341,4593190.521313929,832.28118046875,843.378552,9.7536,9.144,Mixed_Fine
16691,189,62,0,506190.83839947195,4596422.715132296,907.3760244140625,927.229032,0.0,3.048,Very_Coarse
16691,189,62,0,506190.83839947195,4596422.715132296,902.8040244140625,927.229032,3.048,9.144,Mixed_Fine
16691,189,62,0,506190.83839947195,4596422.715132296,896.7080244140625,927.229032,9.144,15.24,Mixed_Coarse
16691,189,62,1,506190.83839947195,4596422.715132296,890.6120244140625,927.229032,15.24,21.336,Mixed_Coarse
16691,189,62,1,506190.83839947195,4596422.715132296,884.5160244140625,927.229032,21.336,27.432,Mixed_Coarse
16691,189,62,1,506190.83839947195,4596422.715132296,875.3720244140625,927.229032,27.432,39.624,Mixed_Coarse
16711,271,78,0,507850.1987990242,4588205.480205929,942.0907975585937,942.48732,0.0,2.4384,Mixed_Coarse
16711,271,78,0,507850.1987990242,4588205.480205929,939.9571975585937,942.48732,2.4384,4.2672,Mixed_Coarse
16711,271,78,0,507850.1987990242,4588205.480205929,938.4331975585937,942.48732,4.2672,5.4864,Mixed_Fine
16711,271,78,0,507850.1987990242,4588205.480205929,935.6899975585937,942.48732,5.4864,9.7536,Sand
16711,271,78,0,507850.1987990242,4588205.480205929,932.6419975585937,942.48732,9.7536,11.5824,Mixed_Fine
16711,271,78,0,507850.1987990242,4588205.480205929,930.8131975585937,942.48732,11.5824,13.4112,Fine
16720,270,110,0,511043.13159614685,4588249.262003998,850.714770703125,855.323664,0.3048,6.7056,Mixed_Fine
16720,270,110,0,511043.13159614685,4588249.262003998,847.209570703125,855.323664,6.7056,7.3152,Mixed_Coarse
16720,270,110,0,511043.13159614685,4588249.262003998,846.295170703125,855.323664,7.3152,8.5344,Mixed_Fine
16720,270,110,0,511043.13159614685,4588249.262003998,845.533170703125,855.323664,8.5344,8.8392,Mixed_Coarse
16720,270,110,0,511043.13159614685,4588249.262003998,843.094770703125,855.323664,8.8392,13.4112,Mixed_Fine
16720,270,110,1,511043.13159614685,4588249.262003998,838.370370703125,855.323664,13.4112,18.288,Mixed_Fine
16720,270,110,1,511043.13159614685,4588249.262003998,829.073970703125,855.323664,18.288,32.004,Mixed_Fine
16720,270,110,1,511043.13159614685,4588249.262003998,820.234770703125,855.323664,32.004,35.9664,Very_Coarse
16721,107,29,0,502908.52541698015,4604602.9128678385,857.7779780273438,857.353632,0.0,1.524,Mixed_Fine
16721,107,29,0,502908.52541698015,4604602.9128678385,855.3395780273438,857.353632,1.524,4.8768,Mixed_Coarse
16721,107,29,0,502908.52541698015,4604602.9128678385,853.3583780273437,857.353632,4.8768,5.4864,Very_Coarse
16721,107,29,0,502908.52541698015,4604602.9128678385,852.1391780273437,857.353632,5.4864,7.3152,Mixed_Fine
16721,107,29,0,502908.52541698015,4604602.9128678385,851.0723780273438,857.353632,7.3152,7.62,Sand
16721,107,29,0,502908.52541698015,4604602.9128678385,847.5671780273437,857.353632,7.62,14.3256,Very_Coarse
16721,107,29,0,502908.52541698015,4604602.9128678385,843.7571780273438,857.353632,14.3256,15.24,Mixed_Coarse
16721,107,29,1,502908.52541698015,4604602.9128678385,840.4043780273438,857.353632,15.24,21.0312,Very_Coarse
16721,107,29,1,502908.52541698015,4604602.9128678385,837.2039780273437,857.353632,21.0312,21.6408,Mixed_Coarse
16721,107,29,1,502908.52541698015,4604602.9128678385,835.2227780273438,857.353632,21.6408,24.9936,Very_Coarse
16721,107,29,1,502908.52541698015,4604602.9128678385,832.0223780273437,857.353632,24.9936,28.0416,Mixed_Fine
16721,107,29,1,502908.52541698015,4604602.9128678385,824.7071780273437,857.353632,33.528,34.1376,Mixed_Coarse
16721,107,29,1,502908.52541698015,4604602.9128678385,824.0975780273437,857.353632,34.1376,34.7472,Mixed_Fine
16721,107,29,1,502908.52541698015,4604602.9128678385,822.8783780273437,857.353632,34.7472,36.576,Very_Coarse
16721,107,29,1,502908.52541698015,4604602.9128678385,821.2019780273438,857.353632,36.576,38.1,Mixed_Fine
16721,107,29,1,502908.52541698015,4604602.9128678385,819.8303780273437,857.353632,38.1,39.3192,Mixed_Coarse
16721,107,29,1,502908.52541698015,4604602.9128678385,816.3251780273438,857.353632,39.3192,45.1104,Very_Coarse
16721,107,29,1,502908.52541698015,4604602.9128678385,813.2771780273438,857.353632,45.1104,45.4152,Mixed_Coarse
16721,107,29,1,502908.52541698015,4604602.9128678385,808.8575780273437,857.353632,49.3776,49.9872,Mixed_Coarse
16721,107,29,1,502908.52541698015,4604602.9128678385,807.0287780273437,857.353632,49.9872,53.0352,Mixed_Coarse
16721,107,29,1,502908.52541698015,4604602.9128678385,803.9807780273437,857.353632,53.0352,56.0832,Mixed_Fine
16727,139,110,0,511057.6701620437,4601344.256642235,830.725229296875,831.046344,0.0,0.6096,Mixed_Fine
16727,139,110,0,511057.6701620437,4601344.256642235,830.115629296875,831.046344,0.6096,1.2192,Sand
16727,139,110,0,511057.6701620437,4601344.256642235,829.506029296875,831.046344,1.2192,1.8288,Mixed_Fine
16727,139,110,0,511057.6701620437,4601344.256642235,827.372429296875,831.046344,1.8288,5.4864,Mixed_Fine
16727,139,110,0,511057.6701620437,4601344.256642235,824.781629296875,831.046344,5.4864,7.0104,Mixed_Fine
16727,139,110,0,511057.6701620437,4601344.256642235,822.952829296875,831.046344,7.0104,9.144,Mixed_Coarse
16727,139,110,0,511057.6701620437,4601344.256642235,820.362029296875,831.046344,9.144,12.192,Mixed_Coarse
16727,139,110,0,511057.6701620437,4601344.256642235,816.399629296875,831.046344,12.192,17.0688,Mixed_Coarse
16727,139,110,1,511057.6701620437,4601344.256642235,813.504029296875,831.046344,17.0688,17.9832,Mixed_Fine
16727,139,110,1,511057.6701620437,4601344.256642235,810.913229296875,831.046344,17.9832,22.2504,Mixed_Coarse
16727,139,110,1,511057.6701620437,4601344.256642235,808.474829296875,831.046344,22.2504,22.86,Mixed_Fine
16727,139,110,1,511057.6701620437,4601344.256642235,807.408029296875,831.046344,22.86,24.384,Mixed_Coarse
16728,205,156,0,515661.47339605686,4594778.3330789935,882.898029296875,890.927352,0.0,16.764,Very_Coarse
16728,205,156,1,515661.47339605686,4594778.3330789935,868.420029296875,890.927352,16.764,28.956,Mixed_Fine
16728,205,156,1,515661.47339605686,4594778.3330789935,860.800029296875,890.927352,28.956,32.004,Very_Coarse
16739,72,29,0,502904.1817763993,4608087.727011702,820.7211877929687,823.075824,0.0,3.6576,Mixed_Fine
16739,72,29,0,502904.1817763993,4608087.727011702,816.9111877929688,823.075824,3.6576,7.62,Mixed_Fine
16739,72,29,0,502904.1817763993,4608087.727011702,814.1679877929688,823.075824,7.62,9.144,Mixed_Coarse
16739,72,29,0,502904.1817763993,4608087.727011702,811.7295877929688,823.075824,9.144,12.4968,Mixed_Fine
16739,72,29,0,502904.1817763993,4608087.727011702,807.4623877929688,823.075824,12.4968,17.6784,Very_Coarse
16739,72,29,1,502904.1817763993,4608087.727011702,800.2995877929687,823.075824,17.6784,26.8224,Very_Coarse
16739,72,29,1,502904.1817763993,4608087.727011702,795.1179877929687,823.075824,26.8224,28.0416,Very_Coarse
16739,72,29,1,502904.1817763993,4608087.727011702,790.2411877929687,823.075824,28.0416,36.576,Very_Coarse
16739,72,29,1,502904.1817763993,4608087.727011702,782.9259877929687,823.075824,36.576,42.672,Very_Coarse
16739,72,29,1,502904.1817763993,4608087.727011702,778.3539877929687,823.075824,42.672,45.72,Very_Coarse
16739,72,29,1,502904.1817763993,4608087.727011702,776.0679877929688,823.075824,45.72,47.244,Very_Coarse
16739,72,29,1,502904.1817763993,4608087.727011702,774.5439877929688,823.075824,47.244,48.768,Very_Coarse
16744,237,142,0,514275.2730917588,4591578.334041249,848.5576170898438,856.89948,0.3048,15.24,Mixed_Fine
16744,237,142,1,514275.2730917588,4591578.334041249,840.7852170898437,856.89948,15.24,15.8496,Mixed_Coarse
16744,237,142,1,514275.2730917588,4591578.334041249,836.2132170898437,856.89948,15.8496,24.384,Very_Coarse
16759,221,156,1,515664.07185344066,4593170.580140947,873.88761953125,904.515336,27.7368,33.528,Fine
16759,221,156,1,515664.07185344066,4593170.580140947,867.94401953125,904.515336,33.528,39.624,Fine
16759,221,156,1,515664.07185344066,4593170.580140947,860.32401953125,904.515336,39.624,48.768,Fine
16759,221,156,1,515664.07185344066,4593170.580140947,851.18001953125,904.515336,48.768,57.912,Very_Coarse
16759,221,156,1,515664.07185344066,4593170.580140947,841.27401953125,904.515336,57.912,68.58,Very_Coarse
16767,188,94,0,509392.9912897587,4596482.508090948,840.5051975585937,842.78724,0.0,0.6096,Mixed_Fine
16767,188,94,0,509392.9912897587,4596482.508090948,837.4571975585937,842.78724,0.6096,6.096,Mixed_Coarse
16767,188,94,0,509392.9912897587,4596482.508090948,832.1231975585938,842.78724,6.096,11.2776,Mixed_Coarse
16767,188,94,1,509392.9912897587,4596482.508090948,824.9603975585937,842.78724,11.2776,20.4216,Sand
16767,188,94,1,509392.9912897587,4596482.508090948,818.2547975585937,842.78724,20.4216,24.6888,Mixed_Coarse
16767,188,94,1,509392.9912897587,4596482.508090948,814.4447975585938,842.78724,24.6888,28.0416,Sand
16797,302,110,0,511034.8222040475,4585044.022175429,889.225229296875,887.236224,0.0,0.6096,Mixed_Fine
16797,302,110,0,511034.8222040475,4585044.022175429,888.463229296875,887.236224,0.6096,1.524,Mixed_Fine
16797,302,110,0,511034.8222040475,4585044.022175429,887.548829296875,887.236224,1.524,2.4384,Mixed_Fine
16797,302,110,0,511034.8222040475,4585044.022175429,882.672029296875,887.236224,2.4384,11.2776,Mixed_Fine
16797,302,110,0,511034.8222040475,4585044.022175429,877.795229296875,887.236224,11.2776,12.192,Mixed_Fine
16797,302,110,0,511034.8222040475,4585044.022175429,877.033229296875,887.236224,12.192,12.8016,Mixed_Fine
16797,302,110,0,511034.8222040475,4585044.022175429,876.271229296875,887.236224,12.8016,13.716,Very_Coarse
16798,205,156,0,515661.47339605686,4594778.3330789935,889.756029296875,890.927352,0.0,3.048,Mixed_Fine
16798,205,156,0,515661.47339605686,4594778.3330789935,886.708029296875,890.927352,3.048,6.096,Mixed_Fine
16798,205,156,0,515661.47339605686,4594778.3330789935,883.660029296875,890.927352,6.096,9.144,Mixed_Fine
16798,205,156,1,515661.47339605686,4594778.3330789935,869.944029296875,890.927352,9.144,33.528,Mixed_Coarse
16798,205,156,1,515661.47339605686,4594778.3330789935,856.228029296875,890.927352,33.528,36.576,Fine
16798,205,156,1,515661.47339605686,4594778.3330789935,850.132029296875,890.927352,36.576,45.72,Very_Coarse
16798,205,156,1,515661.47339605686,4594778.3330789935,842.512029296875,890.927352,45.72,51.816,Fine
16798,205,156,1,515661.47339605686,4594778.3330789935,837.330429296875,890.927352,51.816,56.0832,Very_Coarse
16801,254,94,0,509466.00749302073,4589882.736795983,873.5451755859375,877.500912,0.0,0.6096,Mixed_Fine
16801,254,94,0,509466.00749302073,4589882.736795983,870.4971755859375,877.500912,0.6096,6.096,Very_Coarse
16801,254,94,0,509466.00749302073,4589882.736795983,866.5347755859375,877.500912,6.096,8.5344,Mixed_Fine
16801,254,94,0,509466.00749302073,4589882.736795983,865.1631755859376,877.500912,8.5344,8.8392,Sand
16801,254,94,0,509466.00749302073,4589882.736795983,864.8583755859376,877.500912,8.8392,9.144,Mixed_Coarse
16804,221,142,0,514272.27574363764,4593210.307766576,875.630390234375,880.234968,0.0,1.2192,Mixed_Fine
16804,221,142,0,514272.27574363764,4593210.307766576,873.191990234375,880.234968,1.2192,4.8768,Sand
16804,221,142,0,514272.27574363764,4593210.307766576,869.839190234375,880.234968,4.8768,7.9248,Mixed_Coarse
16804,221,142,0,514272.27574363764,4593210.307766576,863.133590234375,880.234968,7.9248,18.288,Mixed_Coarse
16827,271,94,0,509435.1900269065,4588223.501885015,942.7075853515626,943.53888,0.0,0.3048,Mixed_Fine
16827,271,94,0,509435.1900269065,4588223.501885015,940.2691853515626,943.53888,0.3048,4.8768,Mixed_Coarse
16827,271,94,0,509435.1900269065,4588223.501885015,934.9351853515625,943.53888,4.8768,10.9728,Very_Coarse
16829,270,110,0,511043.13159614685,4588249.262003998,851.171970703125,855.323664,0.0,6.096,Mixed_Coarse
16829,270,110,0,511043.13159614685,4588249.262003998,846.904770703125,855.323664,6.096,8.5344,Mixed_Fine
16829,270,110,0,511043.13159614685,4588249.262003998,845.380770703125,855.323664,8.5344,9.144,Sand
16829,270,110,0,511043.13159614685,4588249.262003998,842.789970703125,855.323664,9.144,13.716,Mixed_Fine
16829,270,110,1,511043.13159614685,4588249.262003998,838.217970703125,855.323664,13.716,18.288,Mixed_Fine
16829,270,110,1,511043.13159614685,4588249.262003998,831.359970703125,855.323664,18.288,27.432,Mixed_Fine
16829,270,110,1,511043.13159614685,4588249.262003998,826.635570703125,855.323664,27.432,27.7368,Mixed_Coarse
16829,270,110,1,511043.13159614685,4588249.262003998,824.654370703125,855.323664,27.7368,31.3944,Very_Coarse
16829,270,110,1,511043.13159614685,4588249.262003998,822.368370703125,855.323664,31.3944,32.3088,Sand
16829,270,110,1,511043.13159614685,4588249.262003998,813.681570703125,855.323664,32.3088,48.768,Very_Coarse
16829,270,110,1,511043.13159614685,4588249.262003998,805.147170703125,855.323664,48.768,49.3776,Very_Coarse
16830,237,94,0,509446.977588207,4591555.24265794,851.9120219726562,854.454984,0.0,6.096,Very_Coarse
16830,237,94,0,509446.977588207,4591555.24265794,847.3400219726562,854.454984,6.096,9.144,Sand
16830,237,94,0,509446.977588207,4591555.24265794,845.0540219726563,854.454984,9.144,10.668,Mixed_Fine
16830,237,94,0,509446.977588207,4591555.24265794,843.5300219726563,854.454984,10.668,12.192,Sand
16830,237,94,0,509446.977588207,4591555.24265794,841.2440219726562,854.454984,12.192,15.24,Mixed_Coarse
16830,237,94,1,509446.977588207,4591555.24265794,836.3672219726562,854.454984,15.24,21.9456,Sand
16834,205,78,0,507787.2891102176,4594818.725475631,852.314029296875,867.768648,0.0,27.432,Sand
16835,189,62,0,506190.83839947195,4596422.715132296,907.9856244140625,927.229032,0.0,1.8288,Mixed_Fine
16835,189,62,0,506190.83839947195,4596422.715132296,906.4616244140625,927.229032,1.8288,3.048,Mixed_Coarse
16835,189,62,0,506190.83839947195,4596422.715132296,905.2424244140625,927.229032,3.048,4.2672,Mixed_Fine
16835,189,62,0,506190.83839947195,4596422.715132296,903.8708244140626,927.229032,4.2672,5.7912,Mixed_Fine
16835,189,62,0,506190.83839947195,4596422.715132296,901.4324244140626,927.229032,5.7912,9.144,Mixed_Coarse
16835,189,62,0,506190.83839947195,4596422.715132296,898.9940244140626,927.229032,9.144,10.668,Mixed_Fine
16835,189,62,0,506190.83839947195,4596422.715132296,896.7080244140625,927.229032,10.668,13.716,Sand
16835,189,62,0,506190.83839947195,4596422.715132296,894.4220244140625,927.229032,13.716,15.24,Mixed_Coarse
16835,189,62,1,506190.83839947195,4596422.715132296,892.8980244140625,927.229032,15.24,16.764,Mixed_Fine
16835,189,62,1,506190.83839947195,4596422.715132296,887.5640244140625,927.229032,16.764,25.908,Sand
16835,189,62,1,506190.83839947195,4596422.715132296,878.7248244140625,927.229032,25.908,34.4424,Mixed_Fine
16835,189,62,1,506190.83839947195,4596422.715132296,874.1528244140625,927.229032,34.4424,35.052,Sand
16835,189,62,1,506190.83839947195,4596422.715132296,868.8188244140625,927.229032,35.052,45.1104,Mixed_Fine
16835,189,62,1,506190.83839947195,4596422.715132296,859.9796244140625,927.229032,45.1104,52.7304,Very_Coarse
16835,189,62,1,506190.83839947195,4596422.715132296,855.8648244140625,927.229032,52.7304,53.34,Sand
16838,188,78,0,507780.37036798423,4596469.980116027,853.4860073242188,860.855784,0.0,10.668,Mixed_Fine
16838,188,78,0,507780.37036798423,4596469.980116027,847.3900073242188,860.855784,10.668,12.192,Mixed_Fine
16838,188,78,0,507780.37036798423,4596469.980116027,845.1040073242187,860.855784,12.192,15.24,Sand
16838,188,78,1,507780.37036798423,4596469.980116027,842.0560073242187,860.855784,15.24,18.288,Mixed_Fine
16838,188,78,1,507780.37036798423,4596469.980116027,838.2460073242188,860.855784,18.288,22.86,Mixed_Coarse
16839,237,142,0,514275.2730917588,4591578.334041249,854.1964170898437,856.89948,0.0,4.2672,Mixed_Fine
16839,237,142,0,514275.2730917588,4591578.334041249,842.6140170898437,856.89948,4.2672,23.1648,Mixed_Coarse
16839,237,142,1,514275.2730917588,4591578.334041249,831.6412170898437,856.89948,23.1648,26.2128,Mixed_Fine
16839,237,142,1,514275.2730917588,4591578.334041249,828.5932170898437,856.89948,26.2128,29.2608,Sand
16842,204,94,0,509415.1285954573,4594832.485363868,847.0780268554688,848.956392,0.3048,1.2192,Mixed_Fine
16842,204,94,0,509415.1285954573,4594832.485363868,846.3160268554687,848.956392,1.2192,1.8288,Mixed_Coarse
16842,204,94,0,509415.1285954573,4594832.485363868,844.1824268554687,848.956392,1.8288,5.4864,Mixed_Coarse
16842,204,94,0,509415.1285954573,4594832.485363868,842.2012268554688,848.956392,5.4864,5.7912,Mixed_Coarse
16842,204,94,0,509415.1285954573,4594832.485363868,840.3724268554688,848.956392,5.7912,9.144,Mixed_Fine
16842,204,94,0,509415.1285954573,4594832.485363868,838.0864268554687,848.956392,9.144,10.3632,Mixed_Coarse
16842,204,94,0,509415.1285954573,4594832.485363868,833.8192268554687,848.956392,10.3632,17.6784,Mixed_Coarse
16842,204,94,1,509415.1285954573,4594832.485363868,829.8568268554687,848.956392,17.6784,18.288,Mixed_Fine
16842,204,94,1,509415.1285954573,4594832.485363868,829.2472268554687,848.956392,18.288,18.8976,Very_Coarse
16842,204,94,1,509415.1285954573,4594832.485363868,828.4852268554688,848.956392,18.8976,19.812,Mixed_Fine
16842,204,94,1,509415.1285954573,4594832.485363868,827.8756268554688,848.956392,19.812,20.1168,Mixed_Coarse
16842,204,94,1,509415.1285954573,4594832.485363868,817.3600268554687,848.956392,25.908,35.052,Very_Coarse
16842,204,94,1,509415.1285954573,4594832.485363868,812.0260268554688,848.956392,35.052,36.576,Mixed_Fine
16852,302,110,0,511034.8222040475,4585044.022175429,886.177229296875,887.236224,0.0,6.7056,Mixed_Fine
16852,302,110,0,511034.8222040475,4585044.022175429,879.319229296875,887.236224,6.7056,13.716,Very_Coarse
16852,302,110,0,511034.8222040475,4585044.022175429,874.290029296875,887.236224,13.716,16.764,Very_Coarse
16852,302,110,1,511034.8222040475,4585044.022175429,870.480029296875,887.236224,16.764,21.336,Very_Coarse
16852,302,110,1,511034.8222040475,4585044.022175429,867.432029296875,887.236224,21.336,22.86,Very_Coarse
16852,302,110,1,511034.8222040475,4585044.022175429,861.031229296875,887.236224,22.86,34.1376,Very_Coarse
16852,302,110,1,511034.8222040475,4585044.022175429,854.935229296875,887.236224,34.1376,35.052,Very_Coarse
16853,189,62,0,506190.83839947195,4596422.715132296,905.8520244140625,927.229032,0.0,6.096,Mixed_Coarse
16853,189,62,0,506190.83839947195,4596422.715132296,902.0420244140626,927.229032,6.096,7.62,Mixed_Fine
16853,189,62,0,506190.83839947195,4596422.715132296,900.5180244140626,927.229032,7.62,9.144,Mixed_Coarse
16853,189,62,0,506190.83839947195,4596422.715132296,896.7080244140625,927.229032,9.144,15.24,Mixed_Coarse
16853,189,62,1,506190.83839947195,4596422.715132296,892.4408244140625,927.229032,15.24,17.6784,Mixed_Coarse
16855,189,62,0,506190.83839947195,4596422.715132296,906.6140244140626,927.229032,0.0,4.572,Very_Coarse
16855,189,62,0,506190.83839947195,4596422.715132296,903.5660244140626,927.229032,4.572,6.096,Mixed_Fine
16855,189,62,0,506190.83839947195,4596422.715132296,900.8228244140626,927.229032,6.096,10.0584,Mixed_Coarse
16855,189,62,0,506190.83839947195,4596422.715132296,895.1840244140625,927.229032,10.0584,17.3736,Mixed_Fine
16855,189,62,1,506190.83839947195,4596422.715132296,891.0692244140625,927.229032,17.3736,18.288,Mixed_Coarse
16855,189,62,1,506190.83839947195,4596422.715132296,887.5640244140625,927.229032,18.288,24.384,Mixed_Fine
16855,189,62,1,506190.83839947195,4596422.715132296,880.7060244140625,927.229032,24.384,32.004,Mixed_Coarse
16855,189,62,1,506190.83839947195,4596422.715132296,875.3720244140625,927.229032,32.004,35.052,Mixed_Fine
16855,189,62,1,506190.83839947195,4596422.715132296,871.5620244140625,927.229032,35.052,39.624,Mixed_Coarse
16864,221,156,0,515664.07185344066,4593170.580140947,904.21521953125,904.515336,0.0,0.6096,Mixed_Fine
16864,221,156,0,515664.07185344066,4593170.580140947,901.92921953125,904.515336,0.6096,4.572,Mixed_Fine
16864,221,156,0,515664.07185344066,4593170.580140947,899.03361953125,904.515336,4.572,6.4008,Mixed_Fine
16864,221,156,1,515664.07185344066,4593170.580140947,887.14641953125,904.515336,6.4008,28.3464,Mixed_Fine
16864,221,156,1,515664.07185344066,4593170.580140947,875.56401953125,904.515336,28.3464,29.5656,Sand
16864,221,156,1,515664.07185344066,4593170.580140947,867.79161953125,904.515336,29.5656,43.8912,Mixed_Fine
16864,221,156,1,515664.07185344066,4593170.580140947,860.01921953125,904.515336,43.8912,45.1104,Mixed_Fine
16864,221,156,1,515664.07185344066,4593170.580140947,858.19041953125,904.515336,45.1104,47.5488,Fine
16867,237,142,0,514275.2730917588,4591578.334041249,844.1380170898437,856.89948,0.0,24.384,Mixed_Fine
16867,237,142,1,514275.2730917588,4591578.334041249,831.1840170898438,856.89948,24.384,25.908,Mixed_Coarse
16867,237,142,1,514275.2730917588,4591578.334041249,829.6600170898438,856.89948,25.908,27.432,Mixed_Fine
16867,237,142,1,514275.2730917588,4591578.334041249,825.5452170898437,856.89948,27.432,34.1376,Mixed_Coarse
16867,237,142,1,514275.2730917588,4591578.334041249,821.5828170898437,856.89948,34.1376,35.3568,Mixed_Fine
16871,271,78,0,507850.1987990242,4588205.480205929,939.4999975585938,942.48732,0.0,7.62,Very_Coarse
16871,271,78,0,507850.1987990242,4588205.480205929,935.5375975585938,942.48732,7.62,7.9248,Mixed_Coarse
16871,271,78,0,507850.1987990242,4588205.480205929,933.5563975585937,942.48732,7.9248,11.5824,Very_Coarse
16871,271,78,0,507850.1987990242,4588205.480205929,931.4227975585937,942.48732,11.5824,12.192,Mixed_Coarse
16871,271,78,0,507850.1987990242,4588205.480205929,929.2891975585937,942.48732,12.192,15.8496,Mixed_Coarse
16877,42,142,0,514225.90184060246,4611063.556834806,914.3139755859376,921.617664,0.0,4.572,Mixed_Coarse
16877,42,142,0,514225.90184060246,4611063.556834806,911.2659755859376,921.617664,4.572,6.096,Mixed_Fine
16877,42,142,0,514225.90184060246,4611063.556834806,906.6939755859376,921.617664,6.096,13.716,Mixed_Fine
16877,42,142,1,514225.90184060246,4611063.556834806,899.8359755859375,921.617664,13.716,19.812,Mixed_Fine
16877,42,142,1,514225.90184060246,4611063.556834806,894.5019755859375,921.617664,19.812,24.384,Mixed_Fine
16877,42,142,1,514225.90184060246,4611063.556834806,891.4539755859375,921.617664,24.384,25.908,Very_Coarse
16879,59,94,0,509398.5001905359,4609402.478395712,846.917990234375,846.167472,0.0,9.144,Mixed_Coarse
16879,59,94,0,509398.5001905359,4609402.478395712,840.821990234375,846.167472,9.144,12.192,Mixed_Fine
16879,59,94,1,509398.5001905359,4609402.478395712,836.249990234375,846.167472,12.192,18.288,Mixed_Coarse
16879,59,94,1,509398.5001905359,4609402.478395712,832.439990234375,846.167472,18.288,19.812,Mixed_Fine
16879,59,94,1,509398.5001905359,4609402.478395712,830.153990234375,846.167472,19.812,22.86,Mixed_Coarse
16879,59,94,1,509398.5001905359,4609402.478395712,827.867990234375,846.167472,22.86,24.384,Mixed_Fine
16879,59,94,1,509398.5001905359,4609402.478395712,825.581990234375,846.167472,24.384,27.432,Very_Coarse
16886,172,110,0,511036.02813439147,4598087.774231793,833.5103951171875,834.20712,0.0,1.2192,Mixed_Fine
16886,172,110,0,511036.02813439147,4598087.774231793,831.3767951171875,834.20712,1.2192,4.2672,Sand
16886,172,110,0,511036.02813439147,4598087.774231793,829.2431951171875,834.20712,4.2672,5.4864,Mixed_Fine
16886,172,110,0,511036.02813439147,4598087.774231793,826.1951951171875,834.20712,5.4864,10.3632,Mixed_Coarse
16888,254,94,0,509466.00749302073,4589882.736795983,872.3259755859375,877.500912,0.0,3.048,Mixed_Fine
16888,254,94,0,509466.00749302073,4589882.736795983,869.2779755859375,877.500912,3.048,6.096,Sand
16888,254,94,0,509466.00749302073,4589882.736795983,864.7059755859375,877.500912,6.096,12.192,Mixed_Fine
16888,254,94,1,509466.00749302073,4589882.736795983,858.1527755859375,877.500912,12.192,19.2024,Fine
16897,189,62,0,506190.83839947195,4596422.715132296,908.1380244140626,927.229032,0.0,1.524,Mixed_Fine
16897,189,62,0,506190.83839947195,4596422.715132296,905.8520244140625,927.229032,1.524,4.572,Mixed_Coarse
16897,189,62,0,506190.83839947195,4596422.715132296,901.2800244140625,927.229032,4.572,10.668,Mixed_Coarse
16897,189,62,1,506190.83839947195,4596422.715132296,890.7644244140625,927.229032,10.668,25.6032,Mixed_Fine
16906,63,156,0,515623.0168070458,4608982.078774208,965.2075853515626,968.282544,0.0,0.3048,Mixed_Fine
16906,63,156,0,515623.0168070458,4608982.078774208,962.4643853515626,968.282544,0.3048,5.4864,Sand
16906,63,156,0,515623.0168070458,4608982.078774208,958.3495853515625,968.282544,5.4864,8.5344,Mixed_Fine
16906,63,156,0,515623.0168070458,4608982.078774208,956.2159853515625,968.282544,8.5344,9.7536,Mixed_Coarse
16906,63,156,0,515623.0168070458,4608982.078774208,955.4539853515626,968.282544,9.7536,10.0584,Mixed_Fine
16906,63,156,0,515623.0168070458,4608982.078774208,954.0823853515625,968.282544,10.0584,12.4968,Mixed_Coarse
16906,63,156,0,515623.0168070458,4608982.078774208,951.4915853515625,968.282544,12.4968,15.24,Mixed_Fine
16906,63,156,1,515623.0168070458,4608982.078774208,949.6627853515625,968.282544,15.24,16.1544,Mixed_Coarse
16906,63,156,1,515623.0168070458,4608982.078774208,948.1387853515625,968.282544,16.1544,18.288,Mixed_Fine
16906,63,156,1,515623.0168070458,4608982.078774208,946.3099853515625,968.282544,18.288,19.812,Mixed_Fine
16906,63,156,1,515623.0168070458,4608982.078774208,945.3955853515625,968.282544,19.812,20.1168,Mixed_Coarse
16906,63,156,1,515623.0168070458,4608982.078774208,943.7191853515625,968.282544,20.1168,23.1648,Mixed_Fine
16907,271,78,0,507850.1987990242,4588205.480205929,942.3955975585937,942.48732,0.0,1.8288,Mixed_Fine
16907,271,78,0,507850.1987990242,4588205.480205929,938.7379975585937,942.48732,1.8288,7.3152,Mixed_Coarse
16907,271,78,0,507850.1987990242,4588205.480205929,934.4707975585937,942.48732,7.3152,10.3632,Mixed_Fine
16907,271,78,1,507850.1987990242,4588205.480205929,926.6983975585938,942.48732,10.3632,22.86,Mixed_Coarse
16908,188,78,0,507780.37036798423,4596469.980116027,851.9620073242188,860.855784,0.0,13.716,Mixed_Coarse
16908,188,78,0,507780.37036798423,4596469.980116027,844.3420073242188,860.855784,13.716,15.24,Mixed_Coarse
16908,188,78,1,507780.37036798423,4596469.980116027,839.7700073242188,860.855784,15.24,22.86,Sand
16908,188,78,1,507780.37036798423,4596469.980116027,831.5404073242188,860.855784,22.86,31.6992,Sand
16910,271,78,0,507850.1987990242,4588205.480205929,938.8903975585938,942.48732,0.0,8.8392,Mixed_Coarse
16911,91,13,0,501309.2202193704,4606178.880630536,871.0936170898437,875.653824,0.0,10.9728,Very_Coarse
16911,91,13,0,501309.2202193704,4606178.880630536,862.2544170898437,875.653824,10.9728,17.6784,Very_Coarse
16911,91,13,1,501309.2202193704,4606178.880630536,852.5008170898437,875.653824,17.6784,30.48,Very_Coarse
16922,286,126,0,512651.8961585595,4586676.040995862,853.9360219726562,855.997272,0.0,3.048,Sand
16922,286,126,0,512651.8961585595,4586676.040995862,850.8880219726562,855.997272,3.048,6.096,Sand
16922,286,126,0,512651.8961585595,4586676.040995862,847.8400219726562,855.997272,6.096,9.144,Mixed_Coarse
16922,286,126,0,512651.8961585595,4586676.040995862,844.7920219726562,855.997272,9.144,12.192,Mixed_Coarse
16922,286,126,0,512651.8961585595,4586676.040995862,841.7440219726562,855.997272,12.192,15.24,Mixed_Coarse
16922,286,126,1,512651.8961585595,4586676.040995862,838.6960219726562,855.997272,15.24,18.288,Mixed_Coarse
16922,286,126,1,512651.8961585595,4586676.040995862,835.6480219726562,855.997272,18.288,21.336,Sand
16922,286,126,1,512651.8961585595,4586676.040995862,832.6000219726562,855.997272,21.336,24.384,Sand
16922,286,126,1,512651.8961585595,4586676.040995862,829.5520219726562,855.997272,24.384,27.432,Sand
16922,286,126,1,512651.8961585595,4586676.040995862,824.9800219726562,855.997272,27.432,33.528,Very_Coarse
16930,335,110,0,511058.30797045305,4581786.032178066,902.8151926757813,913.281384,0.0,8.2296,Very_Coarse
16930,335,110,0,511058.30797045305,4581786.032178066,892.1471926757813,913.281384,8.2296,21.336,Very_Coarse
16930,335,110,1,511058.30797045305,4581786.032178066,881.3267926757812,913.281384,21.336,29.8704,Very_Coarse
16930,335,110,1,511058.30797045305,4581786.032178066,875.9927926757813,913.281384,29.8704,32.004,Very_Coarse
16930,335,110,1,511058.30797045305,4581786.032178066,868.0679926757813,913.281384,32.004,45.72,Very_Coarse
16934,189,62,0,506190.83839947195,4596422.715132296,907.3760244140625,927.229032,0.0,3.048,Mixed_Coarse
16934,189,62,0,506190.83839947195,4596422.715132296,904.3280244140625,927.229032,3.048,6.096,Mixed_Fine
16934,189,62,0,506190.83839947195,4596422.715132296,897.7748244140626,927.229032,6.096,16.1544,Mixed_Fine
16948,221,78,0,507812.90002100694,4593151.981067932,872.191990234375,870.597192,0.0,6.096,Sand
16948,221,78,0,507812.90002100694,4593151.981067932,866.857990234375,870.597192,6.096,10.668,Sand
16948,221,78,0,507812.90002100694,4593151.981067932,863.809990234375,870.597192,10.668,12.192,Sand
16948,221,78,0,507812.90002100694,4593151.981067932,860.761990234375,870.597192,12.192,16.764,Sand
16948,221,78,1,507812.90002100694,4593151.981067932,856.189990234375,870.597192,16.764,21.336,Mixed_Coarse
16948,221,78,1,507812.90002100694,4593151.981067932,852.379990234375,870.597192,21.336,24.384,Mixed_Coarse
16949,319,109,0,510904.5361042118,4583391.642633882,878.6015780273437,884.642376,0.0,4.8768,Mixed_Fine
16949,319,109,0,510904.5361042118,4583391.642633882,873.2675780273438,884.642376,4.8768,10.668,Mixed_Fine
16949,319,109,1,510904.5361042118,4583391.642633882,858.9419780273438,884.642376,10.668,33.528,Very_Coarse
16949,319,109,1,510904.5361042118,4583391.642633882,845.9879780273437,884.642376,33.528,36.576,Very_Coarse
16949,319,109,1,510904.5361042118,4583391.642633882,836.2343780273437,884.642376,36.576,53.0352,Very_Coarse
16949,319,109,1,510904.5361042118,4583391.642633882,827.2427780273438,884.642376,53.0352,54.5592,Very_Coarse
16950,123,110,0,511057.927335097,4602954.523274897,843.4983951171876,843.585816,0.0,2.7432,Mixed_Fine
16950,123,110,0,511057.927335097,4602954.523274897,841.6695951171876,843.585816,2.7432,3.6576,Sand
16950,123,110,0,511057.927335097,4602954.523274897,839.3835951171875,843.585816,3.6576,7.3152,Mixed_Fine
16950,123,110,0,511057.927335097,4602954.523274897,833.8971951171875,843.585816,7.3152,14.6304,Very_Coarse
16950,123,110,1,511057.927335097,4602954.523274897,823.3815951171875,843.585816,14.6304,28.3464,Very_Coarse
16950,123,110,1,511057.927335097,4602954.523274897,814.6947951171875,843.585816,28.3464,32.004,Very_Coarse
16950,123,110,1,511057.927335097,4602954.523274897,807.2271951171875,843.585816,32.004,43.2816,Very_Coarse
16950,123,110,1,511057.927335097,4602954.523274897,798.0831951171875,843.585816,43.2816,50.292,Very_Coarse
16952,318,142,0,514275.54450807505,4583456.076650876,867.3920024414062,871.92612,0.0,6.096,Mixed_Coarse
16952,318,142,0,514275.54450807505,4583456.076650876,862.0580024414063,871.92612,6.096,10.668,Mixed_Coarse
16952,318,142,0,514275.54450807505,4583456.076650876,856.7240024414062,871.92612,10.668,16.764,Very_Coarse
16952,318,142,1,514275.54450807505,4583456.076650876,849.8660024414063,871.92612,16.764,24.384,Very_Coarse
16955,157,156,0,515671.58094403386,4599542.073266244,917.056009765625,922.952688,12.192,13.716,Mixed_Fine
16955,157,156,0,515671.58094403386,4599542.073266244,915.532009765625,922.952688,13.716,15.24,Mixed_Coarse
16955,157,156,1,515671.58094403386,4599542.073266244,912.484009765625,922.952688,15.24,19.812,Very_Coarse
16963,271,94,0,509435.1900269065,4588223.501885015,942.7075853515626,943.53888,0.0,0.3048,Mixed_Fine
16963,271,94,0,509435.1900269065,4588223.501885015,935.6971853515626,943.53888,5.7912,8.5344,Mixed_Coarse
16963,271,94,0,509435.1900269065,4588223.501885015,931.5823853515625,943.53888,8.5344,14.0208,Mixed_Fine
16963,271,94,0,509435.1900269065,4588223.501885015,928.5343853515625,943.53888,14.0208,14.6304,Very_Coarse
16965,59,29,0,502907.7690240827,4609411.403646278,824.3619731445312,846.112608,0.0,6.096,Mixed_Fine
16965,59,29,0,502907.7690240827,4609411.403646278,819.0279731445313,846.112608,6.096,10.668,Mixed_Coarse
16965,59,29,0,502907.7690240827,4609411.403646278,813.6939731445312,846.112608,10.668,16.764,Mixed_Fine
16965,59,29,1,502907.7690240827,4609411.403646278,809.1219731445312,846.112608,16.764,19.812,Mixed_Coarse
16965,59,29,1,502907.7690240827,4609411.403646278,805.6167731445313,846.112608,19.812,23.7744,Mixed_Fine
16965,59,29,1,502907.7690240827,4609411.403646278,802.5687731445313,846.112608,23.7744,25.908,Mixed_Coarse
16965,59,29,1,502907.7690240827,4609411.403646278,800.4351731445313,846.112608,25.908,28.0416,Very_Coarse
16965,59,29,1,502907.7690240827,4609411.403646278,798.1491731445312,846.112608,28.0416,30.48,Very_Coarse
16970,271,94,0,509435.1900269065,4588223.501885015,942.7075853515626,943.53888,0.0,0.3048,Mixed_Fine
16970,271,94,0,509435.1900269065,4588223.501885015,942.5551853515625,943.53888,0.3048,0.3048,Sand
16976,286,110,0,511019.304546678,4586644.780052698,859.615629296875,862.29444,0.0,1.8288,Mixed_Fine
16976,286,110,0,511019.304546678,4586644.780052698,856.872429296875,862.29444,1.8288,5.4864,Mixed_Fine
16976,286,110,0,511019.304546678,4586644.780052698,850.166829296875,862.29444,5.4864,15.24,Mixed_Fine
16976,286,110,1,511019.304546678,4586644.780052698,838.432029296875,862.29444,15.24,28.956,Very_Coarse
16977,63,170,0,517057.265679743,4608989.344847677,951.1112024414062,965.176632,0.0,3.6576,Mixed_Fine
16977,63,170,0,517057.265679743,4608989.344847677,947.3012024414063,965.176632,3.6576,7.62,Very_Coarse
16977,63,170,0,517057.265679743,4608989.344847677,939.9860024414063,965.176632,7.62,18.288,Very_Coarse
16977,63,170,1,517057.265679743,4608989.344847677,932.3660024414063,965.176632,18.288,22.86,Very_Coarse
16977,63,170,1,517057.265679743,4608989.344847677,924.7460024414063,965.176632,22.86,33.528,Very_Coarse
16977,63,170,1,517057.265679743,4608989.344847677,911.7920024414062,965.176632,33.528,48.768,Very_Coarse
16977,63,170,1,517057.265679743,4608989.344847677,899.6000024414062,965.176632,48.768,57.912,Very_Coarse
16977,63,170,1,517057.265679743,4608989.344847677,894.2660024414063,965.176632,57.912,59.436,Very_Coarse
16979,189,62,0,506190.83839947195,4596422.715132296,907.3760244140625,927.229032,0.0,3.048,Very_Coarse
16979,189,62,0,506190.83839947195,4596422.715132296,904.3280244140625,927.229032,3.048,6.096,Sand
16979,189,62,0,506190.83839947195,4596422.715132296,899.7560244140625,927.229032,6.096,12.192,Sand
16979,189,62,0,506190.83839947195,4596422.715132296,893.6600244140625,927.229032,12.192,18.288,Mixed_Coarse
16979,189,62,1,506190.83839947195,4596422.715132296,889.0880244140625,927.229032,18.288,21.336,Mixed_Coarse
16979,189,62,1,506190.83839947195,4596422.715132296,879.3344244140625,927.229032,21.336,37.7952,Mixed_Coarse
16982,271,94,0,509435.1900269065,4588223.501885015,942.7075853515626,943.53888,0.0,0.3048,Mixed_Fine
16982,271,94,0,509435.1900269065,4588223.501885015,932.3443853515626,943.53888,9.4488,11.5824,Very_Coarse
16982,271,94,0,509435.1900269065,4588223.501885015,930.0583853515625,943.53888,11.8872,13.716,Sand
16982,271,94,1,509435.1900269065,4588223.501885015,927.4675853515625,943.53888,14.0208,16.764,Mixed_Coarse
16982,271,94,1,509435.1900269065,4588223.501885015,923.6575853515625,943.53888,17.0688,21.336,Very_Coarse
16984,237,142,0,514275.2730917588,4591578.334041249,853.2820170898437,856.89948,0.0,6.096,Mixed_Coarse
16984,237,142,0,514275.2730917588,4591578.334041249,847.1860170898437,856.89948,6.096,12.192,Mixed_Coarse
16984,237,142,1,514275.2730917588,4591578.334041249,841.0900170898437,856.89948,12.192,18.288,Mixed_Coarse
16984,237,142,1,514275.2730917588,4591578.334041249,834.9940170898437,856.89948,18.288,24.384,Mixed_Coarse
16984,237,142,1,514275.2730917588,4591578.334041249,828.8980170898437,856.89948,24.384,30.48,Mixed_Coarse
16986,123,78,0,507797.63657663035,4602952.220332925,856.2911951171875,858.944688,0.0,3.6576,Mixed_Fine
16986,123,78,0,507797.63657663035,4602952.220332925,852.4811951171876,858.944688,3.6576,7.62,Mixed_Coarse
16986,123,78,0,507797.63657663035,4602952.220332925,848.9759951171875,858.944688,7.62,10.668,Mixed_Coarse
16986,123,78,0,507797.63657663035,4602952.220332925,844.7087951171875,858.944688,10.668,16.1544,Mixed_Coarse
16986,123,78,1,507797.63657663035,4602952.220332925,840.4415951171875,858.944688,16.1544,19.2024,Mixed_Coarse
16989,172,78,0,507779.9580637302,4598079.980381747,851.5200170898438,857.064072,0.0,7.62,Mixed_Coarse
16989,172,78,0,507779.9580637302,4598079.980381747,847.2528170898438,857.064072,7.62,8.5344,Mixed_Fine
16989,172,78,0,507779.9580637302,4598079.980381747,845.7288170898438,857.064072,8.5344,10.668,Sand
16989,172,78,0,507779.9580637302,4598079.980381747,843.9000170898438,857.064072,10.668,12.192,Mixed_Fine
16989,172,78,1,507779.9580637302,4598079.980381747,840.0900170898437,857.064072,12.192,18.288,Sand
16989,172,78,1,507779.9580637302,4598079.980381747,835.5180170898437,857.064072,18.288,21.336,Mixed_Fine
16989,172,78,1,507779.9580637302,4598079.980381747,831.7080170898438,857.064072,21.336,25.908,Mixed_Coarse
16989,172,78,1,507779.9580637302,4598079.980381747,827.1360170898438,857.064072,25.908,30.48,Mixed_Coarse
16990,189,62,1,506190.83839947195,4596422.715132296,886.0400244140625,927.229032,21.336,24.384,Mixed_Coarse
16990,189,62,1,506190.83839947195,4596422.715132296,882.9920244140625,927.229032,24.384,27.432,Mixed_Coarse
16990,189,62,1,506190.83839947195,4596422.715132296,879.9440244140625,927.229032,27.432,30.48,Mixed_Coarse
16990,189,62,1,506190.83839947195,4596422.715132296,877.6580244140625,927.229032,30.48,32.004,Mixed_Coarse
16996,188,78,0,507780.37036798423,4596469.980116027,857.2960073242187,860.855784,0.0,3.048,Mixed_Coarse
16996,188,78,0,507780.37036798423,4596469.980116027,854.2480073242187,860.855784,3.048,6.096,Mixed_Coarse
16996,188,78,0,507780.37036798423,4596469.980116027,849.6760073242187,860.855784,6.096,12.192,Mixed_Coarse
16996,188,78,1,507780.37036798423,4596469.980116027,840.5320073242187,860.855784,12.192,24.384,Mixed_Coarse
16996,188,78,1,507780.37036798423,4596469.980116027,831.3880073242187,860.855784,24.384,30.48,Mixed_Fine
17002,302,126,0,512655.3678603663,4585067.546154708,859.750770703125,860.352864,0.0,2.4384,Mixed_Fine
17002,302,126,0,512655.3678603663,4585067.546154708,856.397970703125,860.352864,2.4384,6.7056,Mixed_Coarse
17002,302,126,0,512655.3678603663,4585067.546154708,853.807170703125,860.352864,6.7056,7.62,Mixed_Coarse
17002,302,126,0,512655.3678603663,4585067.546154708,851.825970703125,860.352864,7.62,10.668,Mixed_Fine
17002,302,126,0,512655.3678603663,4585067.546154708,848.015970703125,860.352864,10.668,15.24,Mixed_Fine
17002,302,126,1,512655.3678603663,4585067.546154708,844.205970703125,860.352864,15.24,18.288,Mixed_Fine
17002,302,126,1,512655.3678603663,4585067.546154708,841.919970703125,860.352864,18.288,19.812,Mixed_Fine
17002,302,126,1,512655.3678603663,4585067.546154708,841.005570703125,860.352864,19.812,20.1168,Mixed_Fine
17002,302,126,1,512655.3678603663,4585067.546154708,839.786370703125,860.352864,20.1168,22.2504,Mixed_Fine
17002,302,126,1,512655.3678603663,4585067.546154708,837.195570703125,860.352864,22.2504,25.2984,Mixed_Fine
17002,302,126,1,512655.3678603663,4585067.546154708,835.366770703125,860.352864,25.2984,25.908,Very_Coarse
17005,271,78,0,507850.1987990242,4588205.480205929,940.8715975585937,942.48732,0.0,4.8768,Mixed_Fine
17005,271,78,0,507850.1987990242,4588205.480205929,935.0803975585937,942.48732,4.8768,11.5824,Sand
17007,189,62,0,506190.83839947195,4596422.715132296,908.2904244140625,927.229032,0.3048,0.9144,Very_Coarse
17007,189,62,0,506190.83839947195,4596422.715132296,904.1756244140626,927.229032,0.9144,8.5344,Very_Coarse
17007,189,62,0,506190.83839947195,4596422.715132296,893.9648244140625,927.229032,8.5344,21.336,Mixed_Fine
17007,189,62,1,506190.83839947195,4596422.715132296,868.8188244140625,927.229032,37.4904,42.672,Very_Coarse
17007,189,62,1,506190.83839947195,4596422.715132296,866.0756244140625,927.229032,42.672,42.9768,Very_Coarse
17007,189,62,1,506190.83839947195,4596422.715132296,864.5516244140625,927.229032,42.9768,45.72,Very_Coarse
17011,189,62,0,506190.83839947195,4596422.715132296,902.3468244140626,927.229032,1.2192,11.8872,Mixed_Fine
17011,189,62,0,506190.83839947195,4596422.715132296,896.8604244140625,927.229032,11.8872,12.192,Mixed_Coarse
17011,189,62,0,506190.83839947195,4596422.715132296,895.1840244140625,927.229032,12.192,15.24,Mixed_Fine
17017,254,127,0,512681.4955983508,4589913.28800328,846.7027731445313,847.92312,0.0,0.9144,Mixed_Fine
17017,254,127,0,512681.4955983508,4589913.28800328,842.8927731445312,847.92312,0.9144,7.62,Mixed_Coarse
17017,254,127,0,512681.4955983508,4589913.28800328,838.7779731445313,847.92312,7.62,9.144,Mixed_Coarse
17019,123,159,0,515903.78744648985,4602937.571983027,876.6391755859376,880.625112,0.0,20.4216,Mixed_Coarse
17019,123,159,1,515903.78744648985,4602937.571983027,865.6663755859375,880.625112,20.4216,21.9456,Sand
17019,123,159,1,515903.78744648985,4602937.571983027,862.4659755859375,880.625112,21.9456,26.8224,Mixed_Fine
17019,123,159,1,515903.78744648985,4602937.571983027,858.9607755859375,880.625112,26.8224,28.956,Mixed_Coarse
17019,123,159,1,515903.78744648985,4602937.571983027,851.0359755859375,880.625112,28.956,42.672,Mixed_Coarse
17019,123,159,1,515903.78744648985,4602937.571983027,843.1111755859375,880.625112,42.672,44.8056,Mixed_Coarse
17019,123,159,1,515903.78744648985,4602937.571983027,841.2823755859375,880.625112,44.8056,46.3296,Mixed_Coarse
17019,123,159,1,515903.78744648985,4602937.571983027,839.3011755859375,880.625112,46.3296,48.768,Fine
17019,123,159,1,515903.78744648985,4602937.571983027,828.4807755859375,880.625112,48.768,67.9704,Very_Coarse
17019,123,159,1,515903.78744648985,4602937.571983027,812.6311755859375,880.625112,67.9704,80.4672,Very_Coarse
17019,123,159,1,515903.78744648985,4602937.571983027,805.9255755859375,880.625112,80.4672,81.3816,Sand
17019,123,159,1,515903.78744648985,4602937.571983027,794.8003755859374,880.625112,81.3816,102.7176,Very_Coarse
17019,123,159,1,515903.78744648985,4602937.571983027,776.5123755859374,880.625112,102.7176,117.9576,Very_Coarse
17020,188,94,0,509392.9912897587,4596482.508090948,838.3715975585937,842.78724,0.0,4.8768,Mixed_Fine
17020,188,94,1,509392.9912897587,4596482.508090948,821.4551975585938,842.78724,4.8768,33.8328,Mixed_Fine
17025,221,110,0,511060.8941038341,4593190.521313929,840.20598046875,843.378552,0.0,3.048,Mixed_Fine
17025,221,110,0,511060.8941038341,4593190.521313929,837.91998046875,843.378552,3.048,4.572,Mixed_Fine
17025,221,110,1,511060.8941038341,4593190.521313929,823.59438046875,843.378552,4.572,31.6992,Mixed_Coarse
17027,222,171,0,517079.2011685037,4593100.350642564,938.6452122070312,959.074536,0.0,0.6096,Mixed_Fine
17027,222,171,0,517079.2011685037,4593100.350642564,931.4824122070313,959.074536,0.6096,14.3256,Mixed_Fine
17027,222,171,0,517079.2011685037,4593100.350642564,924.4720122070313,959.074536,14.3256,14.6304,Mixed_Fine
17027,222,171,1,517079.2011685037,4593100.350642564,922.9480122070313,959.074536,14.6304,17.3736,Mixed_Coarse
17027,222,171,1,517079.2011685037,4593100.350642564,920.6620122070312,959.074536,17.3736,19.2024,Very_Coarse
17028,319,110,0,511038.608374743,4583420.267364215,876.4756146484375,878.61648,0.0,1.8288,Mixed_Fine
17028,319,110,0,511038.608374743,4583420.267364215,873.8848146484376,878.61648,1.8288,5.1816,Mixed_Coarse
17028,319,110,0,511038.608374743,4583420.267364215,870.9892146484375,878.61648,5.1816,7.62,Mixed_Fine
17028,319,110,0,511038.608374743,4583420.267364215,867.4840146484376,878.61648,7.62,12.192,Mixed_Fine
17028,319,110,0,511038.608374743,4583420.267364215,863.9788146484375,878.61648,12.192,14.6304,Mixed_Coarse
17028,319,110,1,511038.608374743,4583420.267364215,861.8452146484375,878.61648,14.6304,16.4592,Mixed_Fine
17028,319,110,1,511038.608374743,4583420.267364215,860.0164146484375,878.61648,16.4592,18.288,Mixed_Coarse
17028,319,110,1,511038.608374743,4583420.267364215,858.4924146484375,878.61648,18.288,19.5072,Very_Coarse
17029,205,156,0,515661.47339605686,4594778.3330789935,890.975229296875,890.927352,0.0,0.6096,Mixed_Fine
17029,205,156,0,515661.47339605686,4594778.3330789935,880.307229296875,890.927352,0.6096,21.336,Mixed_Fine
17029,205,156,1,515661.47339605686,4594778.3330789935,850.132029296875,890.927352,21.336,60.96,Very_Coarse
17038,172,143,0,514279.234202884,4598098.542957188,864.1975755859376,865.924608,0.0,0.3048,Mixed_Fine
17038,172,143,0,514279.234202884,4598098.542957188,861.6067755859375,865.924608,0.3048,5.1816,Mixed_Fine
17038,172,143,0,514279.234202884,4598098.542957188,858.8635755859375,865.924608,5.1816,5.7912,Mixed_Coarse
17038,172,143,0,514279.234202884,4598098.542957188,857.4919755859376,865.924608,5.7912,7.9248,Mixed_Fine
17038,172,143,0,514279.234202884,4598098.542957188,854.9011755859375,865.924608,7.9248,10.9728,Mixed_Coarse
17038,172,143,0,514279.234202884,4598098.542957188,850.9387755859375,865.924608,10.9728,15.8496,Mixed_Coarse
17038,172,143,1,514279.234202884,4598098.542957188,847.5859755859375,865.924608,15.8496,17.6784,Mixed_Fine
17038,172,143,1,514279.234202884,4598098.542957188,843.3187755859375,865.924608,17.6784,24.384,Mixed_Coarse
17038,172,143,1,514279.234202884,4598098.542957188,836.0035755859375,865.924608,24.384,32.3088,Mixed_Coarse
17038,172,143,1,514279.234202884,4598098.542957188,826.8595755859375,865.924608,32.3088,42.672,Mixed_Coarse
17038,172,143,1,514279.234202884,4598098.542957188,820.7635755859375,865.924608,42.672,44.5008,Mixed_Fine
17039,254,94,0,509466.00749302073,4589882.736795983,873.0879755859376,877.500912,0.0,1.524,Mixed_Coarse
17039,254,94,0,509466.00749302073,4589882.736795983,870.8019755859375,877.500912,1.524,4.572,Mixed_Coarse
17039,254,94,0,509466.00749302073,4589882.736795983,868.2111755859376,877.500912,4.572,6.7056,Sand
17039,254,94,0,509466.00749302073,4589882.736795983,866.0775755859376,877.500912,6.7056,8.8392,Mixed_Coarse
17039,254,94,0,509466.00749302073,4589882.736795983,863.9439755859376,877.500912,8.8392,10.9728,Sand
17039,254,94,0,509466.00749302073,4589882.736795983,862.2675755859375,877.500912,10.9728,12.192,Sand
17043,107,126,0,512668.8829996832,4604557.280154369,828.0752048828125,828.72072,0.0,0.6096,Mixed_Fine
17043,107,126,0,512668.8829996832,4604557.280154369,824.4176048828125,828.72072,0.6096,7.3152,Mixed_Fine
17043,107,126,0,512668.8829996832,4604557.280154369,820.4552048828125,828.72072,7.3152,8.5344,Sand
17043,107,126,0,512668.8829996832,4604557.280154369,817.2548048828126,828.72072,8.5344,13.716,Sand
17043,107,126,0,512668.8829996832,4604557.280154369,813.4448048828125,828.72072,13.716,16.1544,Mixed_Fine
17043,107,126,1,512668.8829996832,4604557.280154369,809.0252048828125,828.72072,16.1544,22.5552,Mixed_Coarse
17043,107,126,1,512668.8829996832,4604557.280154369,802.7768048828125,828.72072,22.5552,28.6512,Mixed_Fine
17043,107,126,1,512668.8829996832,4604557.280154369,795.7664048828125,828.72072,28.6512,36.576,Sand
17044,254,78,0,507864.51934440294,4589870.2220706735,944.6319926757812,944.9562,0.0,6.096,Mixed_Fine
17044,254,78,0,507864.51934440294,4589870.2220706735,939.2979926757813,944.9562,6.096,10.668,Mixed_Fine
17044,254,78,0,507864.51934440294,4589870.2220706735,933.9639926757812,944.9562,10.668,16.764,Mixed_Fine
17044,254,78,1,507864.51934440294,4589870.2220706735,927.8679926757812,944.9562,16.764,22.86,Mixed_Fine
17044,254,78,1,507864.51934440294,4589870.2220706735,921.7719926757812,944.9562,22.86,28.956,Mixed_Fine
17044,254,78,1,507864.51934440294,4589870.2220706735,915.6759926757812,944.9562,28.956,35.052,Mixed_Coarse
17044,254,78,1,507864.51934440294,4589870.2220706735,909.5799926757812,944.9562,35.052,41.148,Mixed_Fine
17046,237,142,0,514275.2730917588,4591578.334041249,853.2820170898437,856.89948,0.0,6.096,Mixed_Fine
17046,237,142,0,514275.2730917588,4591578.334041249,844.1380170898437,856.89948,6.096,18.288,Mixed_Fine
17046,237,142,1,514275.2730917588,4591578.334041249,836.5180170898437,856.89948,18.288,21.336,Mixed_Fine
17046,237,142,1,514275.2730917588,4591578.334041249,830.4220170898437,856.89948,21.336,30.48,Mixed_Fine
17046,237,142,1,514275.2730917588,4591578.334041249,816.7060170898437,856.89948,30.48,48.768,Mixed_Fine
17062,156,94,0,509406.3551362927,4599715.018044495,841.19121953125,843.927192,0.0,3.6576,Mixed_Fine
17062,156,94,0,509406.3551362927,4599715.018044495,836.31441953125,843.927192,3.6576,9.7536,Very_Coarse
17062,156,94,0,509406.3551362927,4599715.018044495,830.06601953125,843.927192,9.7536,16.1544,Very_Coarse
17062,156,94,1,509406.3551362927,4599715.018044495,823.81761953125,843.927192,16.1544,22.2504,Very_Coarse
17062,156,94,1,509406.3551362927,4599715.018044495,818.63601953125,843.927192,22.2504,26.5176,Very_Coarse
17062,156,94,1,509406.3551362927,4599715.018044495,813.45441953125,843.927192,26.5176,32.6136,Very_Coarse
17062,156,94,1,509406.3551362927,4599715.018044495,807.20601953125,843.927192,32.6136,39.0144,Very_Coarse
17062,156,94,1,509406.3551362927,4599715.018044495,800.95761953125,843.927192,39.0144,45.1104,Very_Coarse
17062,156,94,1,509406.3551362927,4599715.018044495,796.38561953125,843.927192,45.1104,48.1584,Very_Coarse
17062,156,94,1,509406.3551362927,4599715.018044495,793.18521953125,843.927192,48.1584,51.5112,Very_Coarse
17062,156,94,1,509406.3551362927,4599715.018044495,788.46081953125,843.927192,51.5112,57.6072,Very_Coarse
17063,188,78,0,507780.37036798423,4596469.980116027,857.4484073242188,860.855784,0.0,2.7432,Mixed_Fine
17063,188,78,0,507780.37036798423,4596469.980116027,855.6196073242188,860.855784,2.7432,3.6576,Mixed_Coarse
17063,188,78,0,507780.37036798423,4596469.980116027,854.2480073242187,860.855784,3.6576,5.4864,Mixed_Fine
17063,188,78,0,507780.37036798423,4596469.980116027,852.5716073242188,860.855784,5.4864,7.0104,Mixed_Coarse
17063,188,78,0,507780.37036798423,4596469.980116027,850.7428073242188,860.855784,7.0104,9.144,Mixed_Fine
17063,188,78,0,507780.37036798423,4596469.980116027,849.2188073242188,860.855784,9.144,10.0584,Mixed_Coarse
17063,188,78,0,507780.37036798423,4596469.980116027,848.3044073242188,860.855784,10.0584,10.9728,Mixed_Fine
17063,188,78,0,507780.37036798423,4596469.980116027,846.7804073242188,860.855784,10.9728,13.1064,Mixed_Coarse
17063,188,78,0,507780.37036798423,4596469.980116027,844.0372073242188,860.855784,13.1064,16.4592,Mixed_Fine
17063,188,78,1,507780.37036798423,4596469.980116027,840.9892073242188,860.855784,16.4592,19.2024,Mixed_Coarse
17065,271,78,0,507850.1987990242,4588205.480205929,934.3183975585938,942.48732,0.0,17.9832,Mixed_Fine
17065,271,78,1,507850.1987990242,4588205.480205929,922.8883975585937,942.48732,17.9832,22.86,Very_Coarse
17077,156,62,0,506192.9122810815,4599679.95500635,873.6656170898437,876.662712,0.0,1.8288,Sand
17077,156,62,0,506192.9122810815,4599679.95500635,871.3796170898438,876.662712,1.8288,4.572,Very_Coarse
17077,156,62,0,506192.9122810815,4599679.95500635,867.7220170898438,876.662712,4.572,9.144,Very_Coarse
17077,156,62,0,506192.9122810815,4599679.95500635,865.2836170898438,876.662712,9.144,9.4488,Mixed_Coarse
17077,156,62,1,506192.9122810815,4599679.95500635,842.4236170898438,876.662712,9.4488,54.864,Very_Coarse
17077,156,62,1,506192.9122810815,4599679.95500635,819.4112170898437,876.662712,54.864,55.4736,Sand
17077,156,62,1,506192.9122810815,4599679.95500635,816.3632170898437,876.662712,55.4736,60.96,Very_Coarse
17078,237,142,0,514275.2730917588,4591578.334041249,846.7288170898438,856.89948,0.0,19.2024,Mixed_Fine
17078,237,142,1,514275.2730917588,4591578.334041249,836.9752170898438,856.89948,19.2024,19.5072,Mixed_Coarse
17078,237,142,1,514275.2730917588,4591578.334041249,834.9940170898437,856.89948,19.5072,23.1648,Mixed_Fine
17078,237,142,1,514275.2730917588,4591578.334041249,832.5556170898437,856.89948,23.1648,24.384,Mixed_Coarse
17078,237,142,1,514275.2730917588,4591578.334041249,831.1840170898438,856.89948,24.384,25.908,Mixed_Fine
17078,237,142,1,514275.2730917588,4591578.334041249,829.6600170898438,856.89948,25.908,27.432,Mixed_Coarse
17078,237,142,1,514275.2730917588,4591578.334041249,822.4972170898437,856.89948,27.432,40.2336,Mixed_Fine
17089,59,13,0,501310.9162186247,4609402.890484893,807.2859975585937,811.80432,0.0,3.048,Mixed_Fine
17089,59,13,0,501310.9162186247,4609402.890484893,803.3235975585937,811.80432,3.048,7.9248,Mixed_Fine
17089,59,13,1,501310.9162186247,4609402.890484893,791.1315975585937,811.80432,7.9248,27.432,Very_Coarse
17089,59,13,1,501310.9162186247,4609402.890484893,779.8539975585937,811.80432,27.432,30.48,Very_Coarse
17089,59,13,1,501310.9162186247,4609402.890484893,776.8059975585937,811.80432,30.48,33.528,Very_Coarse
17089,59,13,1,501310.9162186247,4609402.890484893,772.2339975585937,811.80432,33.528,39.624,Very_Coarse
17089,59,13,1,501310.9162186247,4609402.890484893,766.1379975585937,811.80432,39.624,45.72,Very_Coarse
17089,59,13,1,501310.9162186247,4609402.890484893,760.0419975585937,811.80432,45.72,51.816,Very_Coarse
17091,221,142,0,514272.27574363764,4593210.307766576,875.630390234375,880.234968,0.0,1.2192,Mixed_Fine
17091,221,142,0,514272.27574363764,4593210.307766576,872.582390234375,880.234968,1.2192,6.096,Mixed_Fine
17091,221,142,0,514272.27574363764,4593210.307766576,867.553190234375,880.234968,6.096,11.2776,Mixed_Fine
17091,221,142,0,514272.27574363764,4593210.307766576,864.200390234375,880.234968,11.2776,12.8016,Very_Coarse
17091,221,142,1,514272.27574363764,4593210.307766576,860.695190234375,880.234968,12.8016,18.288,Sand
17095,156,143,0,514284.5922280994,4599720.829449601,843.018029296875,842.948784,0.0,1.524,Mixed_Fine
17095,156,143,0,514284.5922280994,4599720.829449601,834.636029296875,842.948784,1.524,16.764,Mixed_Fine
17095,156,143,1,514284.5922280994,4599720.829449601,825.949229296875,842.948784,16.764,18.8976,Mixed_Coarse
17095,156,143,1,514284.5922280994,4599720.829449601,823.663229296875,842.948784,18.8976,21.336,Mixed_Fine
17095,156,143,1,514284.5922280994,4599720.829449601,817.567229296875,842.948784,21.336,31.0896,Mixed_Coarse
17095,156,143,1,514284.5922280994,4599720.829449601,812.538029296875,842.948784,31.0896,31.3944,Mixed_Coarse
17095,156,143,1,514284.5922280994,4599720.829449601,811.776029296875,842.948784,31.3944,32.6136,Sand
17095,156,143,1,514284.5922280994,4599720.829449601,810.252029296875,842.948784,32.6136,34.4424,Mixed_Fine
17095,156,143,1,514284.5922280994,4599720.829449601,808.270829296875,842.948784,34.4424,36.576,Mixed_Coarse
17095,156,143,1,514284.5922280994,4599720.829449601,806.137229296875,842.948784,36.576,38.7096,Mixed_Fine
17095,156,143,1,514284.5922280994,4599720.829449601,804.613229296875,842.948784,38.7096,39.624,Mixed_Coarse
17095,156,143,1,514284.5922280994,4599720.829449601,802.632029296875,842.948784,39.624,42.672,Mixed_Fine
17095,156,143,1,514284.5922280994,4599720.829449601,800.803229296875,842.948784,42.672,43.2816,Mixed_Coarse
17095,156,143,1,514284.5922280994,4599720.829449601,800.041229296875,842.948784,43.2816,44.196,Mixed_Fine
17101,221,110,0,511060.8941038341,4593190.521313929,840.96798046875,843.378552,0.0,1.524,Mixed_Fine
17101,221,110,0,511060.8941038341,4593190.521313929,838.68198046875,843.378552,1.524,4.572,Mixed_Fine
17101,221,110,0,511060.8941038341,4593190.521313929,833.65278046875,843.378552,4.572,11.5824,Mixed_Coarse
17112,63,170,0,517057.265679743,4608989.344847677,949.8920024414062,965.176632,0.0,6.096,Very_Coarse
17112,63,170,0,517057.265679743,4608989.344847677,944.5580024414063,965.176632,6.096,10.668,Mixed_Coarse
17112,63,170,0,517057.265679743,4608989.344847677,939.2240024414062,965.176632,10.668,16.764,Mixed_Coarse
17112,63,170,1,517057.265679743,4608989.344847677,933.1280024414062,965.176632,16.764,22.86,Mixed_Coarse
17112,63,170,1,517057.265679743,4608989.344847677,928.5560024414062,965.176632,22.86,25.908,Very_Coarse
17112,63,170,1,517057.265679743,4608989.344847677,925.2032024414062,965.176632,25.908,29.5656,Very_Coarse
17113,270,110,0,511043.13159614685,4588249.262003998,851.019570703125,855.323664,0.3048,6.096,Mixed_Fine
17113,270,110,0,511043.13159614685,4588249.262003998,845.075970703125,855.323664,6.096,12.192,Mixed_Fine
17113,270,110,1,511043.13159614685,4588249.262003998,838.370370703125,855.323664,12.192,19.5072,Very_Coarse
17114,123,175,0,517536.4486493182,4602980.8479068205,859.4795926757813,862.91928,0.0,6.4008,Mixed_Fine
17114,123,175,0,517536.4486493182,4602980.8479068205,855.5171926757813,862.91928,6.4008,7.9248,Fine
17114,123,175,0,517536.4486493182,4602980.8479068205,851.8595926757813,862.91928,7.9248,13.716,Very_Coarse
17114,123,175,1,517536.4486493182,4602980.8479068205,846.2207926757812,862.91928,13.716,19.2024,Very_Coarse
17114,123,175,1,517536.4486493182,4602980.8479068205,838.4483926757813,862.91928,19.2024,29.2608,Very_Coarse
17114,123,175,1,517536.4486493182,4602980.8479068205,832.8095926757812,862.91928,29.2608,30.48,Very_Coarse
17114,123,175,1,517536.4486493182,4602980.8479068205,829.9139926757813,862.91928,30.48,35.052,Very_Coarse
17114,123,175,1,517536.4486493182,4602980.8479068205,826.4087926757812,862.91928,35.052,37.4904,Very_Coarse
17115,172,127,0,512678.4554939442,4598086.772561584,834.3304024414062,834.956928,0.0,1.2192,Mixed_Fine
17115,172,127,0,512678.4554939442,4598086.772561584,833.5684024414063,834.956928,1.2192,1.524,Sand
17115,172,127,0,512678.4554939442,4598086.772561584,831.1300024414063,834.956928,1.524,6.096,Mixed_Fine
17115,172,127,0,512678.4554939442,4598086.772561584,824.5768024414062,834.956928,6.096,14.6304,Mixed_Coarse
17115,172,127,1,512678.4554939442,4598086.772561584,819.3952024414062,834.956928,14.6304,16.4592,Mixed_Coarse
17115,172,127,1,512678.4554939442,4598086.772561584,818.3284024414063,834.956928,16.4592,16.764,Mixed_Fine
17115,172,127,1,512678.4554939442,4598086.772561584,817.7188024414063,834.956928,16.764,17.6784,Mixed_Coarse
17115,172,127,1,512678.4554939442,4598086.772561584,816.9568024414062,834.956928,17.6784,18.288,Mixed_Fine
17115,172,127,1,512678.4554939442,4598086.772561584,815.2804024414063,834.956928,18.288,21.0312,Mixed_Coarse
17118,79,170,0,517069.59452401224,4607386.848543369,986.238,991.328472,0.0,1.524,Mixed_Fine
17118,79,170,0,517069.59452401224,4607386.848543369,980.904,991.328472,1.524,10.668,Mixed_Coarse
17118,79,170,0,517069.59452401224,4607386.848543369,974.046,991.328472,10.668,15.24,Mixed_Coarse
17118,79,170,1,517069.59452401224,4607386.848543369,968.1024,991.328472,15.24,22.5552,Mixed_Coarse
17118,79,170,1,517069.59452401224,4607386.848543369,962.9208,991.328472,22.5552,25.6032,Sand
17118,79,170,1,517069.59452401224,4607386.848543369,960.0252,991.328472,25.6032,28.3464,Mixed_Fine
17118,79,170,1,517069.59452401224,4607386.848543369,953.9292,991.328472,28.3464,37.7952,Sand
17119,319,126,0,512667.11952858214,4583424.550468311,926.6427755859376,934.708824,0.3048,0.6096,Mixed_Fine
17119,319,126,0,512667.11952858214,4583424.550468311,926.3379755859376,934.708824,0.6096,0.9144,Mixed_Fine
17119,319,126,0,512667.11952858214,4583424.550468311,923.8995755859376,934.708824,0.9144,5.4864,Mixed_Fine
17119,319,126,0,512667.11952858214,4583424.550468311,921.4611755859376,934.708824,5.4864,5.7912,Sand
17119,319,126,0,512667.11952858214,4583424.550468311,919.3275755859376,934.708824,5.7912,9.7536,Mixed_Fine
17119,319,126,0,512667.11952858214,4583424.550468311,915.5175755859375,934.708824,9.7536,13.4112,Very_Coarse
17120,189,62,0,506190.83839947195,4596422.715132296,907.3760244140625,927.229032,0.0,3.048,Mixed_Fine
17120,189,62,0,506190.83839947195,4596422.715132296,904.3280244140625,927.229032,3.048,6.096,Sand
17120,189,62,0,506190.83839947195,4596422.715132296,898.2320244140625,927.229032,6.096,15.24,Mixed_Coarse
17120,189,62,1,506190.83839947195,4596422.715132296,887.5640244140625,927.229032,15.24,27.432,Mixed_Coarse
17120,189,62,1,506190.83839947195,4596422.715132296,873.8480244140625,927.229032,27.432,42.672,Mixed_Fine
17120,189,62,1,506190.83839947195,4596422.715132296,861.6560244140625,927.229032,42.672,51.816,Mixed_Fine
17122,302,156,0,515652.17474076204,4585068.344092166,923.50801953125,920.078424,0.0,1.524,Mixed_Fine
17122,302,156,0,515652.17474076204,4585068.344092166,914.36401953125,920.078424,1.524,18.288,Fine
17122,302,156,1,515652.17474076204,4585068.344092166,893.79001953125,920.078424,18.288,42.672,Fine
17127,222,187,0,518711.98216668563,4593045.132659265,976.6459829101562,974.91804,0.0,3.048,Mixed_Fine
17127,222,187,0,518711.98216668563,4593045.132659265,973.5979829101562,974.91804,3.048,6.096,Mixed_Fine
17127,222,187,0,518711.98216668563,4593045.132659265,970.5499829101562,974.91804,6.096,9.144,Sand
17127,222,187,0,518711.98216668563,4593045.132659265,966.8923829101562,974.91804,9.144,13.4112,Sand
17127,222,187,0,518711.98216668563,4593045.132659265,964.3015829101563,974.91804,13.4112,14.3256,Sand
17127,222,187,1,518711.98216668563,4593045.132659265,962.6251829101562,974.91804,14.3256,16.764,Mixed_Fine
17127,222,187,1,518711.98216668563,4593045.132659265,960.3391829101563,974.91804,16.764,18.8976,Sand
17127,222,187,1,518711.98216668563,4593045.132659265,957.1387829101562,974.91804,20.7264,21.336,Sand
17127,222,187,1,518711.98216668563,4593045.132659265,955.6147829101562,974.91804,21.336,23.7744,Mixed_Fine
17127,222,187,1,518711.98216668563,4593045.132659265,953.7859829101562,974.91804,23.7744,24.9936,Sand
17127,222,187,1,518711.98216668563,4593045.132659265,950.8903829101563,974.91804,24.9936,29.5656,Sand
17127,222,187,1,518711.98216668563,4593045.132659265,947.3851829101562,974.91804,29.5656,32.004,Sand
17127,222,187,1,518711.98216668563,4593045.132659265,945.0991829101563,974.91804,32.004,34.1376,Sand
17127,222,187,1,518711.98216668563,4593045.132659265,942.8131829101562,974.91804,34.1376,36.576,Mixed_Coarse
17137,271,78,0,507850.1987990242,4588205.480205929,941.6335975585938,942.48732,0.3048,3.048,Very_Coarse
17137,271,78,0,507850.1987990242,4588205.480205929,940.1095975585938,942.48732,3.048,3.3528,Sand
17137,271,78,0,507850.1987990242,4588205.480205929,939.1951975585938,942.48732,3.3528,4.8768,Very_Coarse
17137,271,78,0,507850.1987990242,4588205.480205929,937.9759975585938,942.48732,4.8768,5.7912,Very_Coarse
17137,271,78,0,507850.1987990242,4588205.480205929,936.6043975585937,942.48732,5.7912,7.62,Mixed_Coarse
17137,271,78,0,507850.1987990242,4588205.480205929,935.0803975585937,942.48732,7.62,8.8392,Very_Coarse
17137,271,78,0,507850.1987990242,4588205.480205929,934.3183975585938,942.48732,8.8392,9.144,Sand
17141,154,77,0,507731.44387311337,4599913.4924605405,854.5911829101562,857.99676,0.0,3.6576,Mixed_Fine
17141,154,77,0,507731.44387311337,4599913.4924605405,851.3907829101563,857.99676,3.6576,6.4008,Mixed_Fine
17141,154,77,0,507731.44387311337,4599913.4924605405,849.2571829101563,857.99676,6.4008,7.9248,Mixed_Coarse
17141,154,77,0,507731.44387311337,4599913.4924605405,844.8375829101562,857.99676,7.9248,15.24,Mixed_Fine
17141,154,77,1,507731.44387311337,4599913.4924605405,839.5035829101563,857.99676,15.24,18.5928,Mixed_Fine
17141,154,77,1,507731.44387311337,4599913.4924605405,834.9315829101563,857.99676,18.5928,24.384,Mixed_Fine
17141,154,77,1,507731.44387311337,4599913.4924605405,830.8167829101562,857.99676,24.384,26.8224,Mixed_Coarse
17141,154,77,1,507731.44387311337,4599913.4924605405,828.9879829101562,857.99676,26.8224,28.0416,Very_Coarse
17141,154,77,1,507731.44387311337,4599913.4924605405,823.3491829101563,857.99676,28.0416,38.1,Very_Coarse
17141,154,77,1,507731.44387311337,4599913.4924605405,817.5579829101563,857.99676,38.1,39.624,Very_Coarse
17141,154,77,1,507731.44387311337,4599913.4924605405,815.2719829101562,857.99676,39.624,42.672,Very_Coarse
17141,154,77,1,507731.44387311337,4599913.4924605405,811.4619829101563,857.99676,42.672,47.244,Very_Coarse
17141,154,77,1,507731.44387311337,4599913.4924605405,808.4139829101563,857.99676,47.244,48.768,Very_Coarse
17148,107,142,0,514272.4123923897,4604574.820778063,876.32758046875,885.12396,0.0,0.3048,Mixed_Fine
17148,107,142,0,514272.4123923897,4604574.820778063,870.23158046875,885.12396,0.3048,12.192,Mixed_Fine
17148,107,142,0,514272.4123923897,4604574.820778063,863.52598046875,885.12396,12.192,13.716,Mixed_Fine
17148,107,142,1,514272.4123923897,4604574.820778063,859.71598046875,885.12396,13.716,19.812,Mixed_Fine
17148,107,142,1,514272.4123923897,4604574.820778063,852.85798046875,885.12396,19.812,27.432,Mixed_Coarse
17148,107,142,1,514272.4123923897,4604574.820778063,845.23798046875,885.12396,27.432,35.052,Mixed_Coarse
17151,302,126,0,512655.3678603663,4585067.546154708,860.817570703125,860.352864,0.0,0.3048,Mixed_Fine
17151,302,126,0,512655.3678603663,4585067.546154708,858.988770703125,860.352864,0.3048,3.6576,Mixed_Coarse
17151,302,126,0,512655.3678603663,4585067.546154708,856.093170703125,860.352864,3.6576,6.096,Mixed_Coarse
17151,302,126,0,512655.3678603663,4585067.546154708,852.892770703125,860.352864,6.096,10.0584,Mixed_Coarse
17151,302,126,0,512655.3678603663,4585067.546154708,850.149570703125,860.352864,10.0584,11.5824,Mixed_Coarse
17151,302,126,0,512655.3678603663,4585067.546154708,848.625570703125,860.352864,11.5824,13.1064,Mixed_Fine
17155,254,110,0,511070.12183379737,4589896.265016456,856.1160146484375,859.56648,0.0,3.048,Very_Coarse
17155,254,110,0,511070.12183379737,4589896.265016456,853.0680146484375,859.56648,3.048,6.096,Mixed_Coarse
17155,254,110,0,511070.12183379737,4589896.265016456,848.4960146484375,859.56648,6.096,12.192,Sand
17155,254,110,1,511070.12183379737,4589896.265016456,837.8280146484375,859.56648,12.192,27.432,Sand
17155,254,110,1,511070.12183379737,4589896.265016456,828.9888146484375,859.56648,27.432,29.8704,Sand
17157,320,147,0,514703.21748973394,4583274.352073502,875.63398046875,878.348256,0.0,12.192,Mixed_Coarse
17157,320,147,1,514703.21748973394,4583274.352073502,847.43998046875,878.348256,12.192,56.388,Mixed_Coarse
17166,271,78,0,507850.1987990242,4588205.480205929,941.7859975585937,942.48732,0.0,3.048,Very_Coarse
17166,271,78,0,507850.1987990242,4588205.480205929,938.7379975585937,942.48732,3.048,6.096,Mixed_Coarse
17166,271,78,0,507850.1987990242,4588205.480205929,935.6899975585937,942.48732,6.096,9.144,Mixed_Coarse
17166,271,78,0,507850.1987990242,4588205.480205929,931.1179975585937,942.48732,9.144,15.24,Mixed_Fine
17166,271,78,1,507850.1987990242,4588205.480205929,926.5459975585937,942.48732,15.24,18.288,Mixed_Fine
17169,59,44,0,504473.7522627029,4609422.681367525,832.0496,838.556616,0.0,6.4008,Mixed_Fine
17169,59,44,0,504473.7522627029,4609422.681367525,826.7156,838.556616,6.4008,10.668,Very_Coarse
17169,59,44,0,504473.7522627029,4609422.681367525,823.82,838.556616,10.668,12.192,Very_Coarse
17169,59,44,1,504473.7522627029,4609422.681367525,814.9808,838.556616,12.192,28.3464,Very_Coarse
17177,302,110,0,511034.8222040475,4585044.022175429,888.006029296875,887.236224,0.0,3.048,Mixed_Coarse
17177,302,110,0,511034.8222040475,4585044.022175429,883.434029296875,887.236224,3.048,9.144,Mixed_Coarse
17182,205,78,0,507787.2891102176,4594818.725475631,862.677229296875,867.768648,0.0,6.7056,Very_Coarse
17182,205,78,0,507787.2891102176,4594818.725475631,857.800429296875,867.768648,6.7056,9.7536,Mixed_Fine
17182,205,78,0,507787.2891102176,4594818.725475631,855.514429296875,867.768648,9.7536,11.2776,Very_Coarse
17182,205,78,0,507787.2891102176,4594818.725475631,852.009229296875,867.768648,11.2776,16.764,Mixed_Coarse
17182,205,78,1,507787.2891102176,4594818.725475631,848.046829296875,867.768648,16.764,19.2024,Mixed_Coarse
17190,123,29,0,502938.5813618992,4602963.650737464,879.9360219726562,881.57304,0.0,3.048,Mixed_Fine
17190,123,29,0,502938.5813618992,4602963.650737464,877.6500219726563,881.57304,3.048,4.572,Mixed_Fine
17190,123,29,0,502938.5813618992,4602963.650737464,876.4308219726563,881.57304,4.572,5.4864,Mixed_Fine
17190,123,29,0,502938.5813618992,4602963.650737464,875.3640219726562,881.57304,5.4864,6.7056,Mixed_Coarse
17190,123,29,0,502938.5813618992,4602963.650737464,874.2972219726563,881.57304,6.7056,7.62,Sand
17190,123,29,0,502938.5813618992,4602963.650737464,872.3160219726562,881.57304,7.62,10.668,Mixed_Fine
17190,123,29,0,502938.5813618992,4602963.650737464,870.3348219726563,881.57304,10.668,11.5824,Mixed_Coarse
17190,123,29,0,502938.5813618992,4602963.650737464,868.5060219726563,881.57304,11.5824,14.3256,Mixed_Coarse
17190,123,29,0,502938.5813618992,4602963.650737464,866.6772219726563,881.57304,14.3256,15.24,Mixed_Fine
17190,123,29,1,502938.5813618992,4602963.650737464,865.0008219726562,881.57304,15.24,17.6784,Mixed_Coarse
17190,123,29,1,502938.5813618992,4602963.650737464,863.3244219726563,881.57304,17.6784,18.5928,Mixed_Fine
17190,123,29,1,502938.5813618992,4602963.650737464,859.9716219726563,881.57304,18.5928,24.384,Mixed_Coarse
17190,123,29,1,502938.5813618992,4602963.650737464,856.4664219726562,881.57304,24.384,25.6032,Mixed_Fine
17190,123,29,1,502938.5813618992,4602963.650737464,853.4184219726562,881.57304,25.6032,30.48,Mixed_Coarse
17190,123,29,1,502938.5813618992,4602963.650737464,850.5228219726563,881.57304,30.48,31.3944,Mixed_Fine
17190,123,29,1,502938.5813618992,4602963.650737464,848.3892219726563,881.57304,31.3944,34.7472,Mixed_Coarse
17190,123,29,1,502938.5813618992,4602963.650737464,846.1032219726562,881.57304,34.7472,35.9664,Mixed_Fine
17190,123,29,1,502938.5813618992,4602963.650737464,844.2744219726562,881.57304,35.9664,38.4048,Mixed_Coarse
17194,254,94,0,509466.00749302073,4589882.736795983,872.6307755859375,877.500912,0.0,2.4384,Very_Coarse
17194,254,94,0,509466.00749302073,4589882.736795983,870.1923755859375,877.500912,2.4384,4.8768,Mixed_Coarse
17194,254,94,0,509466.00749302073,4589882.736795983,867.7539755859375,877.500912,4.8768,7.3152,Very_Coarse
17194,254,94,0,509466.00749302073,4589882.736795983,865.6203755859375,877.500912,7.3152,9.144,Sand
17194,254,94,0,509466.00749302073,4589882.736795983,864.4011755859375,877.500912,9.144,9.7536,Mixed_Coarse
17196,335,110,0,511058.30797045305,4581786.032178066,902.9675926757812,913.281384,0.0,7.9248,Mixed_Fine
17196,335,110,0,511058.30797045305,4581786.032178066,896.8715926757812,913.281384,7.9248,12.192,Very_Coarse
17196,335,110,1,511058.30797045305,4581786.032178066,883.1555926757812,913.281384,12.192,35.3568,Very_Coarse
17201,91,94,0,509411.71732051176,4606179.240861771,872.6660024414062,871.063536,0.0,3.048,Mixed_Fine
17201,91,94,0,509411.71732051176,4606179.240861771,869.6180024414062,871.063536,3.048,6.096,Sand
17201,91,94,0,509411.71732051176,4606179.240861771,866.5700024414062,871.063536,6.096,9.144,Sand
17201,91,94,0,509411.71732051176,4606179.240861771,863.5220024414062,871.063536,9.144,12.192,Sand
17201,91,94,0,509411.71732051176,4606179.240861771,860.4740024414062,871.063536,12.192,15.24,Mixed_Coarse
17201,91,94,1,509411.71732051176,4606179.240861771,855.9020024414062,871.063536,15.24,21.336,Mixed_Coarse
17201,91,94,1,509411.71732051176,4606179.240861771,846.7580024414062,871.063536,21.336,33.528,Mixed_Coarse
17201,91,94,1,509411.71732051176,4606179.240861771,833.0420024414062,871.063536,33.528,48.768,Mixed_Coarse
17201,91,94,1,509411.71732051176,4606179.240861771,822.3740024414062,871.063536,48.768,54.864,Mixed_Coarse
17201,91,94,1,509411.71732051176,4606179.240861771,817.8020024414062,871.063536,54.864,57.912,Mixed_Coarse
17201,91,94,1,509411.71732051176,4606179.240861771,806.3720024414063,871.063536,57.912,77.724,Very_Coarse
17202,254,110,0,511070.12183379737,4589896.265016456,857.3352146484375,859.56648,0.0,0.6096,Mixed_Fine
17202,254,110,0,511070.12183379737,4589896.265016456,851.2392146484375,859.56648,0.6096,12.192,Very_Coarse
17202,254,110,0,511070.12183379737,4589896.265016456,844.8384146484375,859.56648,12.192,13.4112,Mixed_Coarse
17202,254,110,1,511070.12183379737,4589896.265016456,841.0284146484375,859.56648,13.4112,19.812,Very_Coarse
17202,254,110,1,511070.12183379737,4589896.265016456,836.3040146484375,859.56648,19.812,22.86,Mixed_Coarse
17202,254,110,1,511070.12183379737,4589896.265016456,832.4940146484375,859.56648,22.86,27.432,Mixed_Coarse
17205,271,78,0,507850.1987990242,4588205.480205929,935.2327975585938,942.48732,0.0,16.1544,Mixed_Fine
17205,271,78,1,507850.1987990242,4588205.480205929,923.8027975585937,942.48732,16.1544,22.86,Very_Coarse
17207,188,78,0,507780.37036798423,4596469.980116027,857.2960073242187,860.855784,0.0,3.048,Mixed_Fine
17207,188,78,0,507780.37036798423,4596469.980116027,854.2480073242187,860.855784,3.048,6.096,Mixed_Coarse
17207,188,78,0,507780.37036798423,4596469.980116027,851.2000073242187,860.855784,6.096,9.144,Mixed_Coarse
17207,188,78,0,507780.37036798423,4596469.980116027,848.1520073242187,860.855784,9.144,12.192,Mixed_Coarse
17207,188,78,0,507780.37036798423,4596469.980116027,845.1040073242187,860.855784,12.192,15.24,Mixed_Coarse
17207,188,78,1,507780.37036798423,4596469.980116027,839.4652073242188,860.855784,15.24,23.4696,Mixed_Coarse
17214,75,142,0,514249.48474344506,4607811.551251247,843.488,846.121752,0.0,1.524,Mixed_Fine
17214,75,142,0,514249.48474344506,4607811.551251247,839.3732,846.121752,1.524,8.2296,Mixed_Fine
17214,75,142,0,514249.48474344506,4607811.551251247,834.9536,846.121752,8.2296,10.3632,Mixed_Coarse
17214,75,142,0,514249.48474344506,4607811.551251247,832.9724,846.121752,10.3632,12.192,Very_Coarse
17214,75,142,0,514249.48474344506,4607811.551251247,830.534,846.121752,12.192,15.24,Sand
17214,75,142,1,514249.48474344506,4607811.551251247,825.962,846.121752,15.24,21.336,Very_Coarse
17214,75,142,1,514249.48474344506,4607811.551251247,822.152,846.121752,21.336,22.86,Mixed_Fine
17214,75,142,1,514249.48474344506,4607811.551251247,820.0184,846.121752,22.86,25.6032,Sand
17214,75,142,1,514249.48474344506,4607811.551251247,816.818,846.121752,25.6032,29.2608,Sand
17214,75,142,1,514249.48474344506,4607811.551251247,813.77,846.121752,29.2608,31.6992,Sand
17216,302,143,0,514285.7429723587,4585076.568767307,979.805629296875,970.663032,0.0,9.4488,Mixed_Fine
17216,302,143,1,514285.7429723587,4585076.568767307,967.613629296875,970.663032,9.4488,24.384,Very_Coarse
17216,302,143,1,514285.7429723587,4585076.568767307,957.098029296875,970.663032,24.384,30.48,Very_Coarse
17219,188,78,0,507780.37036798423,4596469.980116027,858.5152073242187,860.855784,0.0,0.6096,Very_Coarse
17219,188,78,0,507780.37036798423,4596469.980116027,852.4192073242187,860.855784,0.6096,12.192,Very_Coarse
17219,188,78,1,507780.37036798423,4596469.980116027,840.6844073242188,860.855784,12.192,24.0792,Mixed_Fine
17219,188,78,1,507780.37036798423,4596469.980116027,833.9788073242188,860.855784,24.0792,25.6032,Mixed_Coarse
17219,188,78,1,507780.37036798423,4596469.980116027,830.1688073242187,860.855784,25.6032,31.6992,Mixed_Fine
17219,188,78,1,507780.37036798423,4596469.980116027,826.6636073242188,860.855784,31.6992,32.6136,Mixed_Coarse
17219,188,78,1,507780.37036798423,4596469.980116027,823.1584073242187,860.855784,32.6136,38.7096,Mixed_Fine
17219,188,78,1,507780.37036798423,4596469.980116027,818.1292073242188,860.855784,38.7096,42.672,Mixed_Fine
17230,270,110,0,511043.13159614685,4588249.262003998,853.915170703125,855.323664,0.0,0.6096,Mixed_Fine
17230,270,110,0,511043.13159614685,4588249.262003998,851.171970703125,855.323664,0.6096,5.4864,Mixed_Fine
17230,270,110,0,511043.13159614685,4588249.262003998,848.123970703125,855.323664,5.4864,6.7056,Mixed_Coarse
17230,270,110,0,511043.13159614685,4588249.262003998,846.142770703125,855.323664,6.7056,9.4488,Mixed_Fine
17230,270,110,0,511043.13159614685,4588249.262003998,843.399570703125,855.323664,9.4488,12.192,Mixed_Coarse
17230,270,110,0,511043.13159614685,4588249.262003998,839.741970703125,855.323664,12.192,16.764,Mixed_Fine
17230,270,110,1,511043.13159614685,4588249.262003998,835.931970703125,855.323664,16.764,19.812,Mixed_Fine
17230,270,110,1,511043.13159614685,4588249.262003998,833.950770703125,855.323664,19.812,20.7264,Mixed_Coarse
17230,270,110,1,511043.13159614685,4588249.262003998,832.426770703125,855.323664,20.7264,22.86,Mixed_Fine
17232,156,78,0,507796.85240764165,4599696.72870344,854.3160268554687,857.853504,0.0,3.048,Mixed_Fine
17232,156,78,0,507796.85240764165,4599696.72870344,851.2680268554687,857.853504,3.048,6.096,Mixed_Coarse
17232,156,78,0,507796.85240764165,4599696.72870344,848.2200268554687,857.853504,6.096,9.144,Mixed_Fine
17232,156,78,0,507796.85240764165,4599696.72870344,843.6480268554687,857.853504,9.144,15.24,Mixed_Fine
17232,156,78,1,507796.85240764165,4599696.72870344,837.5520268554687,857.853504,15.24,21.336,Very_Coarse
17232,156,78,1,507796.85240764165,4599696.72870344,833.1324268554688,857.853504,21.336,24.0792,Very_Coarse
17233,189,62,0,506190.83839947195,4596422.715132296,902.4992244140625,927.229032,0.0,12.8016,Mixed_Coarse
17233,189,62,1,506190.83839947195,4596422.715132296,889.5452244140625,927.229032,12.8016,25.908,Very_Coarse
17233,189,62,1,506190.83839947195,4596422.715132296,880.7060244140625,927.229032,25.908,30.48,Very_Coarse
17233,189,62,1,506190.83839947195,4596422.715132296,877.6580244140625,927.229032,30.48,32.004,Mixed_Fine
17233,189,62,1,506190.83839947195,4596422.715132296,874.6100244140625,927.229032,32.004,36.576,Mixed_Coarse
17233,189,62,1,506190.83839947195,4596422.715132296,871.5620244140625,927.229032,36.576,38.1,Mixed_Fine
17233,189,62,1,506190.83839947195,4596422.715132296,870.4952244140625,927.229032,38.1,38.7096,Mixed_Fine
17233,189,62,1,506190.83839947195,4596422.715132296,869.8856244140625,927.229032,38.7096,39.3192,Mixed_Fine
17233,189,62,1,506190.83839947195,4596422.715132296,869.2760244140625,927.229032,39.3192,39.9288,Mixed_Coarse
17233,189,62,1,506190.83839947195,4596422.715132296,867.2948244140625,927.229032,39.9288,43.2816,Mixed_Fine
17233,189,62,1,506190.83839947195,4596422.715132296,863.7896244140625,927.229032,43.2816,46.9392,Mixed_Fine
17233,189,62,1,506190.83839947195,4596422.715132296,857.9984244140625,927.229032,46.9392,54.864,Mixed_Coarse
17233,189,62,1,506190.83839947195,4596422.715132296,851.2928244140625,927.229032,54.864,60.3504,Sand
17233,189,62,1,506190.83839947195,4596422.715132296,847.9400244140625,927.229032,60.3504,61.5696,Sand
17233,189,62,1,506190.83839947195,4596422.715132296,847.1780244140625,927.229032,61.5696,61.8744,Mixed_Fine
17233,189,62,1,506190.83839947195,4596422.715132296,843.6728244140625,927.229032,61.8744,68.58,Very_Coarse
17233,189,62,1,506190.83839947195,4596422.715132296,839.5580244140625,927.229032,68.58,70.104,Mixed_Coarse
17233,189,62,1,506190.83839947195,4596422.715132296,836.8148244140625,927.229032,70.104,74.0664,Mixed_Fine
17234,123,13,0,501328.29038746073,4602983.625960674,931.018029296875,934.199808,0.0,1.524,Mixed_Coarse
17234,123,13,0,501328.29038746073,4602983.625960674,921.874029296875,934.199808,1.524,18.288,Mixed_Fine
17234,123,13,1,501328.29038746073,4602983.625960674,912.730029296875,934.199808,18.288,19.812,Mixed_Coarse
17234,123,13,1,501328.29038746073,4602983.625960674,910.444029296875,934.199808,19.812,22.86,Mixed_Fine
17234,123,13,1,501328.29038746073,4602983.625960674,907.396029296875,934.199808,22.86,25.908,Mixed_Coarse
17245,43,94,0,509406.66508986143,4610980.480155117,921.6860219726562,926.122608,0.0,3.048,Mixed_Coarse
17245,43,94,0,509406.66508986143,4610980.480155117,917.8760219726563,926.122608,3.048,7.62,Mixed_Coarse
17245,43,94,0,509406.66508986143,4610980.480155117,912.5420219726562,926.122608,7.62,13.716,Sand
17245,43,94,1,509406.66508986143,4610980.480155117,907.2080219726563,926.122608,13.716,18.288,Mixed_Fine
17245,43,94,1,509406.66508986143,4610980.480155117,902.7884219726562,926.122608,18.288,22.5552,Mixed_Fine
17245,43,94,1,509406.66508986143,4610980.480155117,900.0452219726562,926.122608,22.5552,23.7744,Very_Coarse
17245,43,94,1,509406.66508986143,4610980.480155117,850.3628219726562,926.122608,23.7744,121.92,Very_Coarse
17257,271,78,0,507850.1987990242,4588205.480205929,941.4811975585937,942.48732,0.3048,3.3528,Very_Coarse
17257,271,78,0,507850.1987990242,4588205.480205929,938.8903975585938,942.48732,3.3528,5.4864,Very_Coarse
17261,335,110,0,511058.30797045305,4581786.032178066,906.6251926757812,913.281384,0.0,0.6096,Mixed_Fine
17261,335,110,0,511058.30797045305,4581786.032178066,900.9863926757813,913.281384,0.6096,11.2776,Very_Coarse
17261,335,110,1,511058.30797045305,4581786.032178066,883.0031926757813,913.281384,11.2776,36.576,Very_Coarse
17261,335,110,1,511058.30797045305,4581786.032178066,863.4959926757813,913.281384,36.576,50.292,Very_Coarse
17261,335,110,1,511058.30797045305,4581786.032178066,850.3895926757813,913.281384,50.292,62.7888,Very_Coarse
17272,74,78,0,507781.16903959814,4607833.45319231,819.923190234375,831.104256,0.0,2.1336,Mixed_Fine
17272,74,78,0,507781.16903959814,4607833.45319231,817.484790234375,831.104256,2.1336,4.8768,Mixed_Coarse
17272,74,78,0,507781.16903959814,4607833.45319231,815.808390234375,831.104256,4.8768,5.4864,Mixed_Fine
17272,74,78,0,507781.16903959814,4607833.45319231,809.102790234375,831.104256,5.4864,18.288,Mixed_Coarse
17272,74,78,1,507781.16903959814,4607833.45319231,801.939990234375,831.104256,18.288,19.812,Mixed_Fine
17272,74,78,1,507781.16903959814,4607833.45319231,799.653990234375,831.104256,19.812,22.86,Mixed_Coarse
17272,74,78,1,507781.16903959814,4607833.45319231,797.672790234375,831.104256,22.86,23.7744,Mixed_Fine
17272,74,78,1,507781.16903959814,4607833.45319231,793.862790234375,831.104256,23.7744,30.48,Mixed_Coarse
17275,335,155,0,515571.7903371577,4581820.596083243,986.1380219726562,1016.78232,0.0,9.144,Mixed_Fine
17275,335,155,0,515571.7903371577,4581820.596083243,979.7372219726562,1016.78232,9.144,12.8016,Very_Coarse
17275,335,155,1,515571.7903371577,4581820.596083243,968.3072219726563,1016.78232,13.1064,31.6992,Very_Coarse
17275,335,155,1,515571.7903371577,4581820.596083243,936.7604219726562,1016.78232,31.6992,76.2,Very_Coarse
17284,302,156,0,515652.17474076204,4585068.344092166,924.11761953125,920.078424,0.0,0.3048,Mixed_Fine
17284,302,156,0,515652.17474076204,4585068.344092166,921.22201953125,920.078424,0.3048,5.7912,Sand
17284,302,156,0,515652.17474076204,4585068.344092166,917.56441953125,920.078424,5.7912,7.62,Sand
17284,302,156,0,515652.17474076204,4585068.344092166,913.44961953125,920.078424,7.62,14.0208,Fine
17284,302,156,1,515652.17474076204,4585068.344092166,903.84841953125,920.078424,14.0208,26.8224,Fine
17284,302,156,1,515652.17474076204,4585068.344092166,896.68561953125,920.078424,26.8224,28.3464,Fine
17284,302,156,1,515652.17474076204,4585068.344092166,894.85681953125,920.078424,28.3464,30.48,Fine
17302,319,110,0,511038.608374743,4583420.267364215,867.0268146484375,878.61648,4.8768,15.8496,Mixed_Coarse
17302,319,110,1,511038.608374743,4583420.267364215,861.3880146484375,878.61648,15.8496,16.1544,Mixed_Coarse
17302,319,110,1,511038.608374743,4583420.267364215,858.6448146484375,878.61648,16.1544,21.336,Very_Coarse
17308,189,62,0,506190.83839947195,4596422.715132296,904.3280244140625,927.229032,0.0,9.144,Mixed_Coarse
17308,189,62,0,506190.83839947195,4596422.715132296,897.7748244140626,927.229032,9.144,13.1064,Mixed_Fine
17308,189,62,0,506190.83839947195,4596422.715132296,894.7268244140625,927.229032,13.1064,15.24,Mixed_Coarse
17308,189,62,1,506190.83839947195,4596422.715132296,892.1360244140625,927.229032,15.24,18.288,Mixed_Coarse
17308,189,62,1,506190.83839947195,4596422.715132296,889.0880244140625,927.229032,18.288,21.336,Mixed_Coarse
17308,189,62,1,506190.83839947195,4596422.715132296,886.0400244140625,927.229032,21.336,24.384,Mixed_Fine
17308,189,62,1,506190.83839947195,4596422.715132296,881.4680244140625,927.229032,24.384,30.48,Mixed_Coarse
17309,123,143,0,514288.4059690814,4602946.05986211,839.82238046875,842.936592,0.0,7.3152,Mixed_Fine
17309,123,143,0,514288.4059690814,4602946.05986211,829.45918046875,842.936592,7.3152,20.7264,Mixed_Coarse
17309,123,143,1,514288.4059690814,4602946.05986211,821.99158046875,842.936592,20.7264,22.2504,Mixed_Coarse
17309,123,143,1,514288.4059690814,4602946.05986211,818.33398046875,842.936592,22.2504,28.0416,Mixed_Fine
17309,123,143,1,514288.4059690814,4602946.05986211,814.52398046875,842.936592,28.0416,29.8704,Mixed_Coarse
17309,123,143,1,514288.4059690814,4602946.05986211,812.39038046875,842.936592,29.8704,32.3088,Mixed_Coarse
17309,123,143,1,514288.4059690814,4602946.05986211,808.12318046875,842.936592,32.3088,38.4048,Mixed_Fine
17309,123,143,1,514288.4059690814,4602946.05986211,801.72238046875,842.936592,38.4048,45.1104,Mixed_Fine
17309,123,143,1,514288.4059690814,4602946.05986211,797.91238046875,842.936592,45.1104,46.0248,Mixed_Coarse
17309,123,143,1,514288.4059690814,4602946.05986211,795.62638046875,842.936592,46.0248,49.6824,Mixed_Fine
17309,123,143,1,514288.4059690814,4602946.05986211,793.49278046875,842.936592,49.6824,50.292,Very_Coarse
17309,123,143,1,514288.4059690814,4602946.05986211,792.73078046875,842.936592,50.292,51.2064,Mixed_Coarse
17309,123,143,1,514288.4059690814,4602946.05986211,791.66398046875,842.936592,51.2064,52.4256,Mixed_Coarse
17309,123,143,1,514288.4059690814,4602946.05986211,790.90198046875,842.936592,52.4256,52.7304,Mixed_Fine
17309,123,143,1,514288.4059690814,4602946.05986211,788.92078046875,842.936592,52.7304,56.388,Very_Coarse
17322,59,77,0,507770.25475611165,4609419.228210608,824.6251926757812,830.704968,0.0,0.6096,Mixed_Fine
17322,59,77,0,507770.25475611165,4609419.228210608,823.4059926757812,830.704968,0.6096,2.4384,Mixed_Coarse
17322,59,77,0,507770.25475611165,4609419.228210608,820.3579926757812,830.704968,2.4384,6.7056,Mixed_Fine
17322,59,77,0,507770.25475611165,4609419.228210608,817.0051926757812,830.704968,6.7056,9.144,Mixed_Coarse
17322,59,77,0,507770.25475611165,4609419.228210608,810.4519926757813,830.704968,9.144,19.812,Mixed_Coarse
17322,59,77,1,507770.25475611165,4609419.228210608,804.9655926757813,830.704968,19.812,20.1168,Sand
17322,59,77,1,507770.25475611165,4609419.228210608,803.8987926757812,830.704968,20.1168,21.9456,Mixed_Coarse
17322,59,77,1,507770.25475611165,4609419.228210608,796.8883926757812,830.704968,21.9456,34.1376,Mixed_Coarse
17322,59,77,1,507770.25475611165,4609419.228210608,789.4207926757813,830.704968,34.1376,36.8808,Very_Coarse
17322,59,77,1,507770.25475611165,4609419.228210608,787.4395926757812,830.704968,36.8808,38.1,Mixed_Coarse
17322,59,77,1,507770.25475611165,4609419.228210608,783.6295926757813,830.704968,38.1,44.5008,Mixed_Fine
17322,59,77,1,507770.25475611165,4609419.228210608,780.1243926757812,830.704968,44.5008,45.1104,Mixed_Fine
17322,59,77,1,507770.25475611165,4609419.228210608,769.1515926757812,830.704968,45.1104,66.4464,Fine
17322,59,77,1,507770.25475611165,4609419.228210608,755.7403926757812,830.704968,66.4464,71.9328,Very_Coarse
17322,59,77,1,507770.25475611165,4609419.228210608,751.9303926757813,830.704968,71.9328,74.0664,Very_Coarse
17339,271,78,0,507850.1987990242,4588205.480205929,941.7859975585937,942.48732,0.0,3.048,Very_Coarse
17339,271,78,0,507850.1987990242,4588205.480205929,938.7379975585937,942.48732,3.048,6.096,Mixed_Coarse
17339,271,78,0,507850.1987990242,4588205.480205929,935.6899975585937,942.48732,6.096,9.144,Very_Coarse
17339,271,78,0,507850.1987990242,4588205.480205929,932.6419975585937,942.48732,9.144,12.192,Very_Coarse
17339,271,78,0,507850.1987990242,4588205.480205929,928.8319975585938,942.48732,12.192,16.764,Very_Coarse
17340,271,78,0,507850.1987990242,4588205.480205929,940.8715975585937,942.48732,0.0,4.8768,Very_Coarse
17340,271,78,0,507850.1987990242,4588205.480205929,936.7567975585938,942.48732,4.8768,8.2296,Mixed_Coarse
17340,271,78,0,507850.1987990242,4588205.480205929,932.0323975585937,942.48732,8.2296,14.3256,Sand
17350,43,110,0,511064.4775768326,4610957.25896718,863.0911829101562,859.10928,0.0,3.6576,Mixed_Fine
17350,43,110,0,511064.4775768326,4610957.25896718,858.5191829101562,859.10928,3.6576,9.144,Very_Coarse
17350,43,110,0,511064.4775768326,4610957.25896718,853.4899829101563,859.10928,9.144,13.716,Mixed_Fine
17350,43,110,1,511064.4775768326,4610957.25896718,849.6799829101562,859.10928,13.716,16.764,Mixed_Fine
17350,43,110,1,511064.4775768326,4610957.25896718,845.5651829101563,859.10928,16.764,21.9456,Mixed_Coarse
17350,43,110,1,511064.4775768326,4610957.25896718,842.5171829101563,859.10928,21.9456,22.86,Very_Coarse
17358,271,78,0,507850.1987990242,4588205.480205929,942.8527975585938,942.48732,0.0,0.9144,Mixed_Fine
17358,271,78,0,507850.1987990242,4588205.480205929,938.7379975585937,942.48732,0.9144,8.2296,Very_Coarse
17358,271,78,0,507850.1987990242,4588205.480205929,934.9279975585938,942.48732,8.2296,8.5344,Very_Coarse
17358,271,78,0,507850.1987990242,4588205.480205929,933.5563975585937,942.48732,8.5344,10.9728,Very_Coarse
17358,271,78,0,507850.1987990242,4588205.480205929,932.0323975585937,942.48732,10.9728,11.5824,Very_Coarse
17358,271,78,0,507850.1987990242,4588205.480205929,929.7463975585938,942.48732,11.5824,15.5448,Very_Coarse
17358,271,78,1,507850.1987990242,4588205.480205929,926.6983975585938,942.48732,15.5448,17.6784,Very_Coarse
17358,271,78,1,507850.1987990242,4588205.480205929,924.8695975585938,942.48732,17.6784,19.2024,Very_Coarse
17358,271,78,1,507850.1987990242,4588205.480205929,923.8027975585937,942.48732,19.2024,19.812,Very_Coarse
17359,222,171,0,517079.2011685037,4593100.350642564,938.7976122070313,959.074536,0.0,0.3048,Mixed_Fine
17359,222,171,0,517079.2011685037,4593100.350642564,934.9876122070312,959.074536,0.3048,7.62,Mixed_Fine
17359,222,171,0,517079.2011685037,4593100.350642564,930.5680122070313,959.074536,7.62,9.144,Mixed_Coarse
17359,222,171,0,517079.2011685037,4593100.350642564,928.2820122070312,959.074536,9.144,12.192,Mixed_Fine
17359,222,171,0,517079.2011685037,4593100.350642564,925.2340122070312,959.074536,12.192,15.24,Mixed_Coarse
17359,222,171,1,517079.2011685037,4593100.350642564,919.1380122070312,959.074536,15.24,24.384,Fine
17360,237,142,0,514275.2730917588,4591578.334041249,843.3760170898438,856.89948,0.0,25.908,Mixed_Fine
17360,237,142,1,514275.2730917588,4591578.334041249,818.9920170898438,856.89948,25.908,48.768,Very_Coarse
17370,286,110,0,511019.304546678,4586644.780052698,859.006029296875,862.29444,0.0,3.048,Mixed_Fine
17370,286,110,0,511019.304546678,4586644.780052698,855.958029296875,862.29444,3.048,6.096,Sand
17370,286,110,0,511019.304546678,4586644.780052698,852.910029296875,862.29444,6.096,9.144,Sand
17370,286,110,0,511019.304546678,4586644.780052698,849.862029296875,862.29444,9.144,12.192,Mixed_Coarse
17370,286,110,0,511019.304546678,4586644.780052698,846.814029296875,862.29444,12.192,15.24,Mixed_Coarse
17370,286,110,1,511019.304546678,4586644.780052698,840.718029296875,862.29444,15.24,24.384,Mixed_Coarse
17370,286,110,1,511019.304546678,4586644.780052698,834.622029296875,862.29444,24.384,27.432,Very_Coarse
17370,286,110,1,511019.304546678,4586644.780052698,830.050029296875,862.29444,27.432,33.528,Very_Coarse
17387,254,78,0,507864.51934440294,4589870.2220706735,947.3751926757812,944.9562,0.0,0.6096,Mixed_Fine
17387,254,78,0,507864.51934440294,4589870.2220706735,942.1935926757812,944.9562,0.6096,10.3632,Mixed_Fine
17387,254,78,1,507864.51934440294,4589870.2220706735,932.1351926757812,944.9562,10.3632,20.7264,Mixed_Fine
17387,254,78,1,507864.51934440294,4589870.2220706735,917.8095926757812,944.9562,20.7264,39.0144,Mixed_Coarse
17387,254,78,1,507864.51934440294,4589870.2220706735,903.1791926757812,944.9562,39.0144,49.9872,Very_Coarse
17402,189,62,0,506190.83839947195,4596422.715132296,905.0900244140626,927.229032,0.0,7.62,Sand
17402,189,62,0,506190.83839947195,4596422.715132296,898.0796244140626,927.229032,7.62,14.0208,Mixed_Fine
17402,189,62,1,506190.83839947195,4596422.715132296,891.8312244140625,927.229032,14.0208,20.1168,Mixed_Coarse
17402,189,62,1,506190.83839947195,4596422.715132296,885.5828244140625,927.229032,20.1168,26.5176,Sand
17402,189,62,1,506190.83839947195,4596422.715132296,876.2864244140625,927.229032,26.5176,38.7096,Very_Coarse
17406,254,78,0,507864.51934440294,4589870.2220706735,944.6319926757812,944.9562,0.0,6.096,Mixed_Coarse
17406,254,78,0,507864.51934440294,4589870.2220706735,939.2979926757813,944.9562,6.096,10.668,Mixed_Fine
17406,254,78,0,507864.51934440294,4589870.2220706735,933.9639926757812,944.9562,10.668,16.764,Mixed_Fine
17406,254,78,1,507864.51934440294,4589870.2220706735,927.8679926757812,944.9562,16.764,22.86,Very_Coarse
17406,254,78,1,507864.51934440294,4589870.2220706735,921.7719926757812,944.9562,22.86,28.956,Very_Coarse
17406,254,78,1,507864.51934440294,4589870.2220706735,915.6759926757812,944.9562,28.956,35.052,Mixed_Fine
17406,254,78,1,507864.51934440294,4589870.2220706735,909.5799926757812,944.9562,35.052,41.148,Mixed_Fine
17406,254,78,1,507864.51934440294,4589870.2220706735,903.4839926757812,944.9562,41.148,47.244,Mixed_Fine
17409,254,94,0,509466.00749302073,4589882.736795983,873.0879755859376,877.500912,0.0,1.524,Mixed_Fine
17409,254,94,0,509466.00749302073,4589882.736795983,870.9543755859376,877.500912,1.524,4.2672,Mixed_Coarse
17409,254,94,0,509466.00749302073,4589882.736795983,868.3635755859375,877.500912,4.2672,6.7056,Mixed_Fine
17413,286,126,0,512651.8961585595,4586676.040995862,853.9360219726562,855.997272,0.0,3.048,Sand
17413,286,126,0,512651.8961585595,4586676.040995862,850.8880219726562,855.997272,3.048,6.096,Sand
17413,286,126,0,512651.8961585595,4586676.040995862,847.8400219726562,855.997272,6.096,9.144,Mixed_Coarse
17413,286,126,0,512651.8961585595,4586676.040995862,841.7440219726562,855.997272,9.144,18.288,Mixed_Coarse
17413,286,126,1,512651.8961585595,4586676.040995862,834.1240219726562,855.997272,18.288,24.384,Mixed_Coarse
17413,286,126,1,512651.8961585595,4586676.040995862,828.4852219726563,855.997272,24.384,29.5656,Very_Coarse
17416,79,187,0,518678.2489367833,4607388.376192371,895.1559926757812,902.287248,0.0,3.048,Mixed_Fine
17416,79,187,0,518678.2489367833,4607388.376192371,891.3459926757813,902.287248,3.048,7.62,Mixed_Coarse
17416,79,187,0,518678.2489367833,4607388.376192371,888.2979926757813,902.287248,7.62,9.144,Mixed_Coarse
17416,79,187,0,518678.2489367833,4607388.376192371,884.3355926757813,902.287248,9.144,15.5448,Mixed_Fine
17416,79,187,1,518678.2489367833,4607388.376192371,879.6111926757812,902.287248,15.5448,18.5928,Mixed_Coarse
17416,79,187,1,518678.2489367833,4607388.376192371,877.1727926757812,902.287248,18.5928,20.4216,Mixed_Coarse
17416,79,187,1,518678.2489367833,4607388.376192371,875.9535926757812,902.287248,20.4216,21.0312,Sand
17416,79,187,1,518678.2489367833,4607388.376192371,874.7343926757812,902.287248,21.0312,22.86,Mixed_Coarse
17416,79,187,1,518678.2489367833,4607388.376192371,873.5151926757812,902.287248,22.86,23.4696,Sand
17416,79,187,1,518678.2489367833,4607388.376192371,872.9055926757812,902.287248,23.4696,24.0792,Mixed_Coarse
17416,79,187,1,518678.2489367833,4607388.376192371,872.1435926757813,902.287248,24.0792,24.9936,Sand
17416,79,187,1,518678.2489367833,4607388.376192371,871.2291926757813,902.287248,24.9936,25.908,Mixed_Fine
17416,79,187,1,518678.2489367833,4607388.376192371,870.4671926757812,902.287248,25.908,26.5176,Sand
17416,79,187,1,518678.2489367833,4607388.376192371,868.0287926757812,902.287248,26.5176,30.7848,Sand
17427,91,29,0,502918.48158015887,4606182.658759032,836.391170703125,839.32776,0.0,3.6576,Mixed_Fine
17427,91,29,0,502918.48158015887,4606182.658759032,831.361970703125,839.32776,3.6576,10.0584,Mixed_Fine
17427,91,29,0,502918.48158015887,4606182.658759032,827.094770703125,839.32776,10.0584,12.192,Mixed_Coarse
17427,91,29,0,502918.48158015887,4606182.658759032,824.199170703125,839.32776,12.192,15.8496,Mixed_Fine
17427,91,29,1,502918.48158015887,4606182.658759032,822.065570703125,839.32776,15.8496,16.4592,Mixed_Coarse
17427,91,29,1,502918.48158015887,4606182.658759032,819.017570703125,839.32776,16.4592,21.9456,Mixed_Fine
17430,271,78,0,507850.1987990242,4588205.480205929,935.2327975585938,942.48732,5.7912,10.3632,Mixed_Coarse
17434,271,94,0,509435.1900269065,4588223.501885015,938.8975853515625,943.53888,0.0,7.9248,Mixed_Fine
17434,271,94,0,509435.1900269065,4588223.501885015,934.6303853515625,943.53888,7.9248,8.5344,Very_Coarse
17440,286,110,0,511019.304546678,4586644.780052698,859.310829296875,862.29444,0.0,2.4384,Mixed_Fine
17440,286,110,0,511019.304546678,4586644.780052698,857.939229296875,862.29444,2.4384,2.7432,Mixed_Coarse
17440,286,110,0,511019.304546678,4586644.780052698,854.129229296875,862.29444,2.7432,10.0584,Mixed_Fine
17440,286,110,0,511019.304546678,4586644.780052698,849.557229296875,862.29444,10.0584,11.8872,Mixed_Coarse
17440,286,110,0,511019.304546678,4586644.780052698,847.576029296875,862.29444,11.8872,14.0208,Mixed_Fine
17440,286,110,1,511019.304546678,4586644.780052698,844.375629296875,862.29444,14.0208,18.288,Very_Coarse
17444,271,78,0,507850.1987990242,4588205.480205929,941.1763975585937,942.48732,0.0,4.2672,Mixed_Coarse
17444,271,78,0,507850.1987990242,4588205.480205929,938.5855975585938,942.48732,4.2672,5.1816,Very_Coarse
17444,271,78,0,507850.1987990242,4588205.480205929,935.6899975585937,942.48732,5.1816,10.0584,Very_Coarse
17444,271,78,0,507850.1987990242,4588205.480205929,932.7943975585938,942.48732,10.0584,10.9728,Very_Coarse
17444,271,78,0,507850.1987990242,4588205.480205929,930.5083975585937,942.48732,10.9728,14.6304,Sand
17444,271,78,1,507850.1987990242,4588205.480205929,927.9175975585938,942.48732,14.6304,16.1544,Very_Coarse
17445,58,142,0,514235.57810249034,4609431.313204005,854.482029296875,856.77756,0.0,6.096,Very_Coarse
17445,58,142,0,514235.57810249034,4609431.313204005,850.672029296875,856.77756,6.096,7.62,Sand
17445,58,142,0,514235.57810249034,4609431.313204005,849.148029296875,856.77756,7.62,9.144,Mixed_Fine
17445,58,142,0,514235.57810249034,4609431.313204005,846.862029296875,856.77756,9.144,12.192,Mixed_Coarse
17445,58,142,1,514235.57810249034,4609431.313204005,841.528029296875,856.77756,12.192,19.812,Mixed_Fine
17445,58,142,1,514235.57810249034,4609431.313204005,835.736829296875,856.77756,19.812,23.7744,Mixed_Fine
17445,58,142,1,514235.57810249034,4609431.313204005,833.450829296875,856.77756,23.7744,24.384,Very_Coarse
17456,107,13,0,501326.20380875043,4604599.133023381,887.0712244140625,889.22352,0.0,3.6576,Mixed_Fine
17456,107,13,0,501326.20380875043,4604599.133023381,882.8040244140625,889.22352,3.6576,8.5344,Mixed_Coarse
17456,107,13,0,501326.20380875043,4604599.133023381,874.7268244140625,889.22352,8.5344,19.812,Very_Coarse
17456,107,13,1,501326.20380875043,4604599.133023381,867.2592244140625,889.22352,19.812,23.4696,Very_Coarse
17456,107,13,1,501326.20380875043,4604599.133023381,863.1444244140625,889.22352,23.4696,28.0416,Very_Coarse
17456,107,13,1,501326.20380875043,4604599.133023381,856.5912244140625,889.22352,28.0416,36.576,Very_Coarse
17456,107,13,1,501326.20380875043,4604599.133023381,847.4472244140625,889.22352,36.576,46.3296,Very_Coarse
17456,107,13,1,501326.20380875043,4604599.133023381,840.5892244140625,889.22352,46.3296,50.292,Very_Coarse
17456,107,13,1,501326.20380875043,4604599.133023381,837.0840244140625,889.22352,50.292,53.34,Very_Coarse
17457,204,94,0,509415.1285954573,4594832.485363868,847.2304268554687,848.956392,0.0,1.2192,Mixed_Fine
17457,204,94,0,509415.1285954573,4594832.485363868,843.1156268554688,848.956392,1.2192,8.2296,Sand
17457,204,94,0,509415.1285954573,4594832.485363868,838.3912268554687,848.956392,8.5344,10.3632,Sand
17457,204,94,0,509415.1285954573,4594832.485363868,836.8672268554687,848.956392,10.3632,11.5824,Sand
17457,204,94,0,509415.1285954573,4594832.485363868,836.1052268554688,848.956392,11.5824,11.8872,Very_Coarse
17457,204,94,0,509415.1285954573,4594832.485363868,833.8192268554687,848.956392,12.192,15.8496,Mixed_Fine
17457,204,94,1,509415.1285954573,4594832.485363868,830.1616268554687,848.956392,15.8496,19.5072,Mixed_Coarse
17457,204,94,1,509415.1285954573,4594832.485363868,826.9612268554688,848.956392,19.5072,22.2504,Mixed_Coarse
17457,204,94,1,509415.1285954573,4594832.485363868,824.5228268554688,848.956392,22.2504,24.384,Mixed_Coarse
17457,204,94,1,509415.1285954573,4594832.485363868,823.3036268554688,848.956392,24.384,24.6888,Very_Coarse
17471,254,78,0,507864.51934440294,4589870.2220706735,947.3751926757812,944.9562,0.0,0.6096,Mixed_Fine
17471,254,78,0,507864.51934440294,4589870.2220706735,945.5463926757812,944.9562,0.6096,3.6576,Sand
17471,254,78,0,507864.51934440294,4589870.2220706735,943.5651926757813,944.9562,3.6576,4.572,Very_Coarse
17471,254,78,0,507864.51934440294,4589870.2220706735,942.3459926757813,944.9562,4.572,6.096,Mixed_Fine
17471,254,78,0,507864.51934440294,4589870.2220706735,940.8219926757813,944.9562,6.096,7.62,Very_Coarse
17471,254,78,1,507864.51934440294,4589870.2220706735,931.6779926757813,944.9562,7.62,24.384,Mixed_Fine
17471,254,78,1,507864.51934440294,4589870.2220706735,920.2479926757812,944.9562,24.384,30.48,Mixed_Fine
17471,254,78,1,507864.51934440294,4589870.2220706735,913.3899926757813,944.9562,30.48,38.1,Mixed_Coarse
17476,237,94,0,509446.977588207,4591555.24265794,851.9120219726562,854.454984,0.0,6.096,Mixed_Coarse
17476,237,94,0,509446.977588207,4591555.24265794,841.2440219726562,854.454984,6.096,21.336,Mixed_Fine
17476,237,94,1,509446.977588207,4591555.24265794,827.6804219726563,854.454984,21.336,33.2232,Mixed_Fine
17481,254,110,0,511070.12183379737,4589896.265016456,855.5064146484375,859.56648,0.0,4.2672,Very_Coarse
17481,254,110,0,511070.12183379737,4589896.265016456,850.0200146484375,859.56648,4.2672,10.9728,Very_Coarse
17481,254,110,0,511070.12183379737,4589896.265016456,846.5148146484376,859.56648,10.9728,11.2776,Very_Coarse
17481,254,110,0,511070.12183379737,4589896.265016456,843.7716146484375,859.56648,11.2776,16.4592,Very_Coarse
17481,254,110,1,511070.12183379737,4589896.265016456,839.0472146484375,859.56648,16.4592,20.7264,Mixed_Fine
17481,254,110,1,511070.12183379737,4589896.265016456,836.6088146484375,859.56648,20.7264,21.336,Very_Coarse
17483,123,127,0,512687.1176591665,4602950.546344903,827.2111780273437,828.927984,0.0,3.6576,Mixed_Fine
17483,123,127,0,512687.1176591665,4602950.546344903,819.8959780273437,828.927984,3.6576,14.6304,Mixed_Coarse
17483,123,127,1,512687.1176591665,4602950.546344903,812.4283780273438,828.927984,14.6304,18.5928,Mixed_Coarse
17483,123,127,1,512687.1176591665,4602950.546344903,809.0755780273438,828.927984,18.5928,21.336,Sand
17483,123,127,1,512687.1176591665,4602950.546344903,804.6559780273437,828.927984,21.336,27.432,Mixed_Coarse
17483,123,127,1,512687.1176591665,4602950.546344903,801.1507780273438,828.927984,27.432,28.3464,Mixed_Coarse
17483,123,127,1,512687.1176591665,4602950.546344903,794.5975780273437,828.927984,28.3464,40.5384,Mixed_Coarse
17484,124,61,0,506172.96810109,4602921.944388224,908.3051853515625,897.19404,0.0,0.6096,Mixed_Fine
17484,124,61,0,506172.96810109,4602921.944388224,903.7331853515625,897.19404,0.6096,9.144,Mixed_Coarse
17484,124,61,0,506172.96810109,4602921.944388224,894.8939853515625,897.19404,9.144,18.288,Mixed_Fine
17484,124,61,1,506172.96810109,4602921.944388224,885.7499853515625,897.19404,18.288,27.432,Mixed_Fine
17484,124,61,1,506172.96810109,4602921.944388224,880.4159853515625,897.19404,27.432,28.956,Mixed_Fine
17484,124,61,1,506172.96810109,4602921.944388224,878.8919853515625,897.19404,28.956,30.48,Very_Coarse
17484,124,61,1,506172.96810109,4602921.944388224,876.6059853515625,897.19404,30.48,33.528,Very_Coarse
17484,124,61,1,506172.96810109,4602921.944388224,874.3199853515625,897.19404,33.528,35.052,Very_Coarse
17484,124,61,1,506172.96810109,4602921.944388224,872.7959853515625,897.19404,35.052,36.576,Very_Coarse
17484,124,61,1,506172.96810109,4602921.944388224,870.5099853515625,897.19404,36.576,39.624,Very_Coarse
17500,91,126,0,512669.3335823687,4606189.299812063,830.0911829101562,831.342,0.0,3.6576,Mixed_Fine
17500,91,126,0,512669.3335823687,4606189.299812063,826.1287829101562,831.342,3.6576,7.9248,Mixed_Fine
17500,91,126,0,512669.3335823687,4606189.299812063,821.8615829101562,831.342,7.9248,12.192,Mixed_Coarse
17500,91,126,0,512669.3335823687,4606189.299812063,818.9659829101563,831.342,12.192,13.716,Mixed_Fine
17500,91,126,1,512669.3335823687,4606189.299812063,816.6799829101562,831.342,13.716,16.764,Mixed_Coarse
17500,91,126,1,512669.3335823687,4606189.299812063,814.0891829101563,831.342,16.764,18.8976,Mixed_Fine
17500,91,126,1,512669.3335823687,4606189.299812063,810.2791829101562,831.342,18.8976,24.384,Mixed_Coarse
17501,189,62,1,506190.83839947195,4596422.715132296,892.8980244140625,927.229032,0.0,32.004,Very_Coarse
17501,189,62,1,506190.83839947195,4596422.715132296,868.5140244140625,927.229032,32.004,48.768,Very_Coarse
17502,286,126,0,512651.8961585595,4586676.040995862,853.9360219726562,855.997272,0.0,3.048,Mixed_Fine
17502,286,126,0,512651.8961585595,4586676.040995862,850.8880219726562,855.997272,3.048,6.096,Mixed_Coarse
17502,286,126,0,512651.8961585595,4586676.040995862,843.2680219726562,855.997272,6.096,18.288,Mixed_Coarse
17505,172,78,0,507779.9580637302,4598079.980381747,851.9772170898437,857.064072,0.0,6.7056,Mixed_Fine
17505,172,78,0,507779.9580637302,4598079.980381747,847.4052170898437,857.064072,6.7056,9.144,Sand
17505,172,78,0,507779.9580637302,4598079.980381747,844.2048170898438,857.064072,9.144,13.1064,Mixed_Fine
17505,172,78,1,507779.9580637302,4598079.980381747,839.6328170898438,857.064072,13.1064,18.288,Mixed_Coarse
17505,172,78,1,507779.9580637302,4598079.980381747,834.7560170898438,857.064072,18.288,22.86,Mixed_Fine
17505,172,78,1,507779.9580637302,4598079.980381747,828.9648170898438,857.064072,22.86,29.8704,Mixed_Coarse
17505,172,78,1,507779.9580637302,4598079.980381747,825.1548170898437,857.064072,29.8704,30.48,Mixed_Fine
17508,302,126,0,512655.3678603663,4585067.546154708,859.445970703125,860.352864,0.0,3.048,Sand
17508,302,126,0,512655.3678603663,4585067.546154708,848.777970703125,860.352864,3.048,21.336,Mixed_Coarse
17508,302,126,1,512655.3678603663,4585067.546154708,836.585970703125,860.352864,21.336,27.432,Sand
17508,302,126,1,512655.3678603663,4585067.546154708,829.727970703125,860.352864,27.432,35.052,Very_Coarse
17510,318,142,0,514275.54450807505,4583456.076650876,869.2208024414062,871.92612,0.0,2.4384,Mixed_Fine
17510,318,142,0,514275.54450807505,4583456.076650876,867.6968024414062,871.92612,2.4384,3.048,Mixed_Coarse
17510,318,142,0,514275.54450807505,4583456.076650876,865.8680024414062,871.92612,3.048,6.096,Sand
17510,318,142,0,514275.54450807505,4583456.076650876,863.5820024414063,871.92612,6.096,7.62,Mixed_Fine
17510,318,142,0,514275.54450807505,4583456.076650876,861.2960024414062,871.92612,7.62,10.668,Mixed_Coarse
17510,318,142,0,514275.54450807505,4583456.076650876,859.0100024414063,871.92612,10.668,12.192,Mixed_Fine
17510,318,142,0,514275.54450807505,4583456.076650876,855.5048024414062,871.92612,12.192,17.6784,Mixed_Coarse
17510,318,142,1,514275.54450807505,4583456.076650876,851.3900024414063,871.92612,17.6784,20.4216,Very_Coarse
17512,186,65,0,506537.50349675515,4596718.043481929,868.3748048828126,872.76432,0.0,7.0104,Mixed_Fine
17512,186,65,0,506537.50349675515,4596718.043481929,862.2788048828126,872.76432,7.0104,12.192,Mixed_Fine
17512,186,65,0,506537.50349675515,4596718.043481929,858.1640048828125,872.76432,12.192,15.24,Mixed_Fine
17512,186,65,1,506537.50349675515,4596718.043481929,855.1160048828125,872.76432,15.24,18.288,Mixed_Fine
17512,186,65,1,506537.50349675515,4596718.043481929,849.7820048828125,872.76432,18.288,25.908,Mixed_Coarse
17512,186,65,1,506537.50349675515,4596718.043481929,843.6860048828125,872.76432,25.908,30.48,Mixed_Fine
17512,186,65,1,506537.50349675515,4596718.043481929,837.5900048828125,872.76432,30.48,38.1,Mixed_Fine
17516,271,78,0,507850.1987990242,4588205.480205929,937.2139975585937,942.48732,0.0,12.192,Sand
17517,189,62,0,506190.83839947195,4596422.715132296,905.2424244140625,927.229032,0.0,7.3152,Mixed_Coarse
17517,189,62,0,506190.83839947195,4596422.715132296,899.9084244140626,927.229032,7.3152,10.668,Mixed_Coarse
17517,189,62,0,506190.83839947195,4596422.715132296,894.4220244140625,927.229032,10.668,18.288,Mixed_Coarse
17517,189,62,1,506190.83839947195,4596422.715132296,887.5640244140625,927.229032,18.288,24.384,Mixed_Coarse
17517,189,62,1,506190.83839947195,4596422.715132296,879.9440244140625,927.229032,24.384,33.528,Mixed_Coarse
17519,237,142,0,514275.2730917588,4591578.334041249,853.2820170898437,856.89948,0.0,6.096,Mixed_Coarse
17519,237,142,0,514275.2730917588,4591578.334041249,847.1860170898437,856.89948,6.096,12.192,Mixed_Coarse
17519,237,142,1,514275.2730917588,4591578.334041249,841.0900170898437,856.89948,12.192,18.288,Mixed_Coarse
17519,237,142,1,514275.2730917588,4591578.334041249,834.9940170898437,856.89948,18.288,24.384,Mixed_Coarse
17519,237,142,1,514275.2730917588,4591578.334041249,828.8980170898437,856.89948,24.384,30.48,Mixed_Coarse
17519,237,142,1,514275.2730917588,4591578.334041249,823.5640170898438,856.89948,30.48,35.052,Mixed_Coarse
17522,91,110,0,511050.69207467587,4606185.029038946,906.5667975585937,892.106928,0.0,5.4864,Mixed_Fine
17522,91,110,0,511050.69207467587,4606185.029038946,903.5187975585937,892.106928,5.4864,6.096,Mixed_Fine
17522,91,110,0,511050.69207467587,4606185.029038946,901.6899975585937,892.106928,6.096,9.144,Mixed_Fine
17522,91,110,0,511050.69207467587,4606185.029038946,897.8799975585938,892.106928,9.144,13.716,Sand
17522,91,110,1,511050.69207467587,4606185.029038946,894.0699975585937,892.106928,13.716,16.764,Mixed_Coarse
17522,91,110,1,511050.69207467587,4606185.029038946,889.9551975585938,892.106928,16.764,21.9456,Mixed_Fine
17532,254,78,0,507864.51934440294,4589870.2220706735,946.1559926757812,944.9562,0.0,3.048,Mixed_Fine
17532,254,78,0,507864.51934440294,4589870.2220706735,937.0119926757812,944.9562,3.048,18.288,Mixed_Fine
17532,254,78,1,507864.51934440294,4589870.2220706735,926.3439926757812,944.9562,18.288,24.384,Mixed_Coarse
17532,254,78,1,507864.51934440294,4589870.2220706735,921.7719926757812,944.9562,24.384,27.432,Mixed_Fine
17552,319,110,0,511038.608374743,4583420.267364215,874.3420146484375,878.61648,0.0,6.096,Mixed_Fine
17552,319,110,0,511038.608374743,4583420.267364215,865.0456146484375,878.61648,6.096,18.5928,Very_Coarse
17560,107,142,0,514272.4123923897,4604574.820778063,871.14598046875,885.12396,0.0,10.668,Mixed_Fine
17560,107,142,0,514272.4123923897,4604574.820778063,865.04998046875,885.12396,10.668,12.192,Mixed_Coarse
17560,107,142,0,514272.4123923897,4604574.820778063,862.76398046875,885.12396,12.192,15.24,Mixed_Fine
17560,107,142,1,514272.4123923897,4604574.820778063,858.95398046875,885.12396,15.24,19.812,Mixed_Coarse
17560,107,142,1,514272.4123923897,4604574.820778063,855.90598046875,885.12396,19.812,21.336,Mixed_Coarse
17560,107,142,1,514272.4123923897,4604574.820778063,854.22958046875,885.12396,21.336,23.1648,Mixed_Coarse
17573,254,127,0,512681.4955983508,4589913.28800328,845.6359731445312,847.92312,0.0,3.048,Very_Coarse
17573,254,127,0,512681.4955983508,4589913.28800328,842.5879731445312,847.92312,3.048,6.096,Mixed_Coarse
17573,254,127,0,512681.4955983508,4589913.28800328,839.5399731445312,847.92312,6.096,9.144,Mixed_Coarse
17573,254,127,0,512681.4955983508,4589913.28800328,834.9679731445312,847.92312,9.144,15.24,Mixed_Fine
17589,139,94,0,509422.0112230536,4601336.503747234,851.215990234375,851.455752,0.0,3.048,Mixed_Fine
17589,139,94,0,509422.0112230536,4601336.503747234,848.167990234375,851.455752,3.048,6.096,Mixed_Fine
17589,139,94,0,509422.0112230536,4601336.503747234,845.119990234375,851.455752,6.096,9.144,Sand
17589,139,94,1,509422.0112230536,4601336.503747234,837.499990234375,851.455752,9.144,21.336,Mixed_Fine
17589,139,94,1,509422.0112230536,4601336.503747234,829.879990234375,851.455752,21.336,24.384,Sand
17589,139,94,1,509422.0112230536,4601336.503747234,824.545990234375,851.455752,24.384,32.004,Mixed_Fine
17594,254,94,0,509466.00749302073,4589882.736795983,872.3259755859375,877.500912,0.0,3.048,Mixed_Fine
17594,254,94,1,509466.00749302073,4589882.736795983,858.6099755859375,877.500912,3.048,27.432,Mixed_Fine
17598,237,142,0,514275.2730917588,4591578.334041249,842.6140170898437,856.89948,0.0,27.432,Mixed_Fine
17598,237,142,1,514275.2730917588,4591578.334041249,828.7456170898438,856.89948,27.432,27.7368,Mixed_Coarse
17598,237,142,1,514275.2730917588,4591578.334041249,827.2216170898438,856.89948,27.7368,30.48,Mixed_Coarse
17598,237,142,1,514275.2730917588,4591578.334041249,823.5640170898438,856.89948,30.48,35.052,Sand
17598,237,142,1,514275.2730917588,4591578.334041249,818.9920170898438,856.89948,35.052,39.624,Very_Coarse
17609,237,142,0,514275.2730917588,4591578.334041249,842.6140170898437,856.89948,0.0,27.432,Mixed_Fine
17609,237,142,1,514275.2730917588,4591578.334041249,828.7456170898438,856.89948,27.432,27.7368,Mixed_Coarse
17609,237,142,1,514275.2730917588,4591578.334041249,827.2216170898438,856.89948,27.7368,30.48,Mixed_Coarse
17609,237,142,1,514275.2730917588,4591578.334041249,823.5640170898438,856.89948,30.48,35.052,Sand
17609,237,142,1,514275.2730917588,4591578.334041249,818.9920170898438,856.89948,35.052,39.624,Mixed_Fine
17611,302,156,0,515652.17474076204,4585068.344092166,922.74601953125,920.078424,0.0,3.048,Sand
17611,302,156,0,515652.17474076204,4585068.344092166,919.69801953125,920.078424,3.048,6.096,Mixed_Coarse
17611,302,156,0,515652.17474076204,4585068.344092166,912.07801953125,920.078424,6.096,18.288,Mixed_Coarse
17611,302,156,1,515652.17474076204,4585068.344092166,904.45801953125,920.078424,18.288,21.336,Fine
17611,302,156,1,515652.17474076204,4585068.344092166,899.88601953125,920.078424,21.336,27.432,Very_Coarse
17611,302,156,1,515652.17474076204,4585068.344092166,892.26601953125,920.078424,27.432,36.576,Very_Coarse
17614,156,29,0,502956.0004605446,4599669.902096206,956.2772048828125,978.063576,0.0,6.7056,Mixed_Fine
17614,156,29,0,502956.0004605446,4599669.902096206,951.8576048828126,978.063576,6.7056,8.8392,Mixed_Fine
17614,156,29,0,502956.0004605446,4599669.902096206,948.3524048828125,978.063576,8.8392,13.716,Mixed_Fine
17614,156,29,0,502956.0004605446,4599669.902096206,945.1520048828125,978.063576,13.716,15.24,Very_Coarse
17614,156,29,1,502956.0004605446,4599669.902096206,939.0560048828125,978.063576,15.24,25.908,Mixed_Fine
17614,156,29,1,502956.0004605446,4599669.902096206,932.1980048828125,978.063576,25.908,28.956,Mixed_Coarse
17614,156,29,1,502956.0004605446,4599669.902096206,929.9120048828125,978.063576,28.956,30.48,Mixed_Fine
17622,302,126,0,512655.3678603663,4585067.546154708,860.512770703125,860.352864,0.0,0.9144,Mixed_Fine
17622,302,126,0,512655.3678603663,4585067.546154708,858.683970703125,860.352864,0.9144,3.6576,Sand
17622,302,126,0,512655.3678603663,4585067.546154708,854.873970703125,860.352864,3.6576,8.5344,Mixed_Coarse
17622,302,126,0,512655.3678603663,4585067.546154708,852.130770703125,860.352864,8.5344,9.144,Mixed_Coarse
17622,302,126,0,512655.3678603663,4585067.546154708,850.301970703125,860.352864,9.144,12.192,Mixed_Coarse
17622,302,126,0,512655.3678603663,4585067.546154708,846.034770703125,860.352864,12.192,17.6784,Mixed_Coarse
17622,302,126,1,512655.3678603663,4585067.546154708,842.986770703125,860.352864,17.6784,18.288,Mixed_Coarse
17622,302,126,1,512655.3678603663,4585067.546154708,841.919970703125,860.352864,18.288,19.812,Very_Coarse
17627,254,94,0,509466.00749302073,4589882.736795983,872.3259755859375,877.500912,0.0,3.048,Very_Coarse
17627,254,94,0,509466.00749302073,4589882.736795983,869.2779755859375,877.500912,3.048,6.096,Mixed_Coarse
17627,254,94,0,509466.00749302073,4589882.736795983,866.2299755859375,877.500912,6.096,9.144,Mixed_Coarse
17627,254,94,0,509466.00749302073,4589882.736795983,863.1819755859375,877.500912,9.144,12.192,Sand
17627,254,94,0,509466.00749302073,4589882.736795983,860.1339755859375,877.500912,12.192,15.24,Sand
17627,254,94,1,509466.00749302073,4589882.736795983,857.0859755859375,877.500912,15.24,18.288,Sand
17627,254,94,1,509466.00749302073,4589882.736795983,854.4951755859375,877.500912,18.288,20.4216,Very_Coarse
17627,254,94,1,509466.00749302073,4589882.736795983,847.1799755859375,877.500912,20.4216,32.9184,Very_Coarse
17649,302,110,0,511034.8222040475,4585044.022175429,887.396429296875,887.236224,1.2192,3.048,Very_Coarse
17649,302,110,0,511034.8222040475,4585044.022175429,883.129229296875,887.236224,3.048,9.7536,Mixed_Fine
17649,302,110,0,511034.8222040475,4585044.022175429,877.795229296875,887.236224,9.7536,13.716,Mixed_Fine
17649,302,110,0,511034.8222040475,4585044.022175429,875.052029296875,887.236224,13.716,15.24,Mixed_Fine
17649,302,110,1,511034.8222040475,4585044.022175429,873.375629296875,887.236224,15.24,17.0688,Sand
17649,302,110,1,511034.8222040475,4585044.022175429,871.851629296875,887.236224,17.0688,18.288,Very_Coarse
17649,302,110,1,511034.8222040475,4585044.022175429,868.651229296875,887.236224,18.288,23.4696,Very_Coarse
17649,302,110,1,511034.8222040475,4585044.022175429,864.079229296875,887.236224,23.4696,27.432,Very_Coarse
17649,302,110,1,511034.8222040475,4585044.022175429,859.050029296875,887.236224,27.432,33.528,Very_Coarse
17659,205,156,0,515661.47339605686,4594778.3330789935,877.716429296875,890.927352,0.0,27.1272,Very_Coarse
17659,205,156,1,515661.47339605686,4594778.3330789935,858.971229296875,890.927352,27.1272,37.4904,Very_Coarse
17661,230,147,0,514748.7165616866,4592314.0195098305,859.4564268554687,860.407728,0.0,4.2672,Mixed_Fine
17661,230,147,0,514748.7165616866,4592314.0195098305,847.8740268554687,860.407728,4.2672,23.1648,Mixed_Coarse
17661,230,147,1,514748.7165616866,4592314.0195098305,836.9012268554687,860.407728,23.1648,26.2128,Mixed_Fine
17661,230,147,1,514748.7165616866,4592314.0195098305,833.8532268554687,860.407728,26.2128,29.2608,Sand
17661,230,147,1,514748.7165616866,4592314.0195098305,831.7196268554687,860.407728,29.2608,30.48,Mixed_Fine
17662,237,127,0,512678.5539897183,4591568.786517361,842.4355755859375,843.125568,0.0,1.8288,Mixed_Fine
17662,237,127,1,512678.5539897183,4591568.786517361,827.8051755859375,843.125568,1.8288,29.2608,Mixed_Coarse
17662,237,127,1,512678.5539897183,4591568.786517361,811.9555755859375,843.125568,29.2608,33.528,Mixed_Coarse
17669,172,29,0,502972.73120322597,4598059.4209064115,972.6359731445312,967.721712,0.0,3.048,Mixed_Fine
17669,172,29,0,502972.73120322597,4598059.4209064115,969.5879731445312,967.721712,3.048,6.096,Mixed_Fine
17669,172,29,0,502972.73120322597,4598059.4209064115,966.5399731445312,967.721712,6.096,9.144,Mixed_Fine
17669,172,29,0,502972.73120322597,4598059.4209064115,964.2539731445313,967.721712,9.144,10.668,Mixed_Fine
17669,172,29,0,502972.73120322597,4598059.4209064115,959.9867731445313,967.721712,10.668,17.6784,Fine
17669,172,29,1,502972.73120322597,4598059.4209064115,950.9951731445312,967.721712,17.6784,28.6512,Very_Coarse
17669,172,29,1,502972.73120322597,4598059.4209064115,938.4983731445312,967.721712,28.6512,42.672,Very_Coarse
17669,172,29,1,502972.73120322597,4598059.4209064115,929.9639731445312,967.721712,42.672,45.72,Very_Coarse
17669,172,29,1,502972.73120322597,4598059.4209064115,920.8199731445312,967.721712,45.72,60.96,Very_Coarse
17671,286,110,0,511019.304546678,4586644.780052698,859.920429296875,862.29444,0.0,1.2192,Mixed_Fine
17671,286,110,0,511019.304546678,4586644.780052698,856.567629296875,862.29444,1.2192,6.7056,Mixed_Fine
17671,286,110,0,511019.304546678,4586644.780052698,849.557229296875,862.29444,6.7056,15.24,Mixed_Fine
17671,286,110,1,511019.304546678,4586644.780052698,843.308829296875,862.29444,15.24,19.2024,Mixed_Fine
17671,286,110,1,511019.304546678,4586644.780052698,840.260829296875,862.29444,19.2024,21.336,Mixed_Coarse
17671,286,110,1,511019.304546678,4586644.780052698,836.908029296875,862.29444,21.336,25.908,Very_Coarse
17671,286,110,1,511019.304546678,4586644.780052698,824.716029296875,862.29444,25.908,45.72,Fine
17671,286,110,1,511019.304546678,4586644.780052698,812.676429296875,862.29444,45.72,49.9872,Very_Coarse
17671,286,110,1,511019.304546678,4586644.780052698,805.666029296875,862.29444,49.9872,59.7408,Fine
17680,63,203,0,520291.27102997695,4609004.132477971,901.282790234375,906.10944,0.0,0.9144,Mixed_Fine
17680,63,203,0,520291.27102997695,4609004.132477971,899.758790234375,906.10944,0.9144,3.048,Mixed_Fine
17680,63,203,0,520291.27102997695,4609004.132477971,898.387190234375,906.10944,3.048,3.6576,Mixed_Fine
17680,63,203,0,520291.27102997695,4609004.132477971,896.101190234375,906.10944,3.6576,7.62,Mixed_Fine
17680,63,203,0,520291.27102997695,4609004.132477971,893.967590234375,906.10944,7.62,7.9248,Mixed_Fine
17680,63,203,0,520291.27102997695,4609004.132477971,893.205590234375,906.10944,7.9248,9.144,Mixed_Fine
17680,63,203,0,520291.27102997695,4609004.132477971,888.023990234375,906.10944,9.144,18.288,Mixed_Fine
17680,63,203,1,520291.27102997695,4609004.132477971,871.259990234375,906.10944,18.288,42.672,Very_Coarse
17680,63,203,1,520291.27102997695,4609004.132477971,857.543990234375,906.10944,42.672,45.72,Mixed_Fine
17680,63,203,1,520291.27102997695,4609004.132477971,854.191190234375,906.10944,45.72,49.3776,Mixed_Coarse
17680,63,203,1,520291.27102997695,4609004.132477971,843.827990234375,906.10944,54.864,60.96,Very_Coarse
17684,75,110,0,511047.4428053355,4607798.989237449,813.4736170898437,827.9892,9.144,17.0688,Mixed_Coarse
17684,75,110,1,511047.4428053355,4607798.989237449,803.4152170898437,827.9892,17.0688,29.2608,Mixed_Coarse
17684,75,110,1,511047.4428053355,4607798.989237449,795.9476170898438,827.9892,29.2608,32.004,Mixed_Coarse
17684,75,110,1,511047.4428053355,4607798.989237449,793.0520170898437,827.9892,32.004,35.052,Mixed_Coarse
17684,75,110,1,511047.4428053355,4607798.989237449,790.7660170898438,827.9892,35.052,36.576,Mixed_Fine
17684,75,110,1,511047.4428053355,4607798.989237449,789.5468170898438,827.9892,36.576,37.4904,Mixed_Fine
17687,334,142,0,514273.7425956403,4581834.323760223,872.6355853515626,874.233456,4.572,4.8768,Mixed_Coarse
17687,334,142,0,514273.7425956403,4581834.323760223,872.3307853515626,874.233456,4.8768,5.1816,Mixed_Coarse
17687,334,142,0,514273.7425956403,4581834.323760223,871.4163853515626,874.233456,5.1816,6.7056,Very_Coarse
17687,334,142,0,514273.7425956403,4581834.323760223,869.4351853515625,874.233456,6.7056,9.144,Very_Coarse
17687,334,142,0,514273.7425956403,4581834.323760223,866.9967853515625,874.233456,9.144,11.5824,Very_Coarse
17687,334,142,0,514273.7425956403,4581834.323760223,865.1679853515625,874.233456,11.5824,12.8016,Mixed_Coarse
17687,334,142,0,514273.7425956403,4581834.323760223,863.0343853515625,874.233456,12.8016,15.8496,Very_Coarse
17687,334,142,1,514273.7425956403,4581834.323760223,860.7483853515625,874.233456,15.8496,17.3736,Very_Coarse
17689,107,78,0,507795.6085176762,4604550.471023008,837.127629296875,837.017376,0.0,0.3048,Mixed_Fine
17689,107,78,0,507795.6085176762,4604550.471023008,834.536829296875,837.017376,0.3048,5.1816,Mixed_Fine
17689,107,78,0,507795.6085176762,4604550.471023008,831.641229296875,837.017376,5.1816,6.096,Mixed_Coarse
17689,107,78,0,507795.6085176762,4604550.471023008,830.574429296875,837.017376,6.096,7.3152,Mixed_Fine
17689,107,78,0,507795.6085176762,4604550.471023008,829.660029296875,837.017376,7.3152,7.9248,Mixed_Coarse
17689,107,78,0,507795.6085176762,4604550.471023008,828.898029296875,837.017376,7.9248,8.8392,Mixed_Fine
17689,107,78,0,507795.6085176762,4604550.471023008,827.526429296875,837.017376,8.8392,10.668,Mixed_Fine
17689,107,78,0,507795.6085176762,4604550.471023008,826.002429296875,837.017376,10.668,11.8872,Mixed_Coarse
17689,107,78,0,507795.6085176762,4604550.471023008,825.240429296875,837.017376,11.8872,12.192,Mixed_Fine
17690,254,94,0,509466.00749302073,4589882.736795983,870.8019755859375,877.500912,0.0,6.096,Very_Coarse
17695,271,78,0,507850.1987990242,4588205.480205929,941.0239975585938,942.48732,0.0,4.572,Very_Coarse
17695,271,78,0,507850.1987990242,4588205.480205929,935.3851975585937,942.48732,4.572,11.2776,Very_Coarse
17695,271,78,0,507850.1987990242,4588205.480205929,930.0511975585938,942.48732,11.2776,15.24,Very_Coarse
17695,271,78,1,507850.1987990242,4588205.480205929,925.7839975585938,942.48732,15.24,19.812,Very_Coarse
17695,271,78,1,507850.1987990242,4588205.480205929,922.5835975585937,942.48732,19.812,21.6408,Very_Coarse
17695,271,78,1,507850.1987990242,4588205.480205929,918.4687975585938,942.48732,21.6408,28.0416,Mixed_Fine
17705,302,156,0,515652.17474076204,4585068.344092166,924.11761953125,920.078424,0.0,0.3048,Mixed_Fine
17705,302,156,0,515652.17474076204,4585068.344092166,921.37441953125,920.078424,0.3048,5.4864,Mixed_Fine
17705,302,156,0,515652.17474076204,4585068.344092166,911.77321953125,920.078424,5.4864,19.5072,Very_Coarse
17705,302,156,1,515652.17474076204,4585068.344092166,890.13241953125,920.078424,19.5072,48.768,Very_Coarse
17718,189,62,0,506190.83839947195,4596422.715132296,907.3760244140625,927.229032,0.0,3.048,Mixed_Fine
17718,189,62,0,506190.83839947195,4596422.715132296,904.0232244140625,927.229032,3.048,6.7056,Mixed_Fine
17718,189,62,0,506190.83839947195,4596422.715132296,900.9752244140625,927.229032,6.7056,9.144,Sand
17718,189,62,0,506190.83839947195,4596422.715132296,896.7080244140625,927.229032,9.144,15.24,Mixed_Fine
17718,189,62,1,506190.83839947195,4596422.715132296,890.6120244140625,927.229032,15.24,21.336,Mixed_Fine
17718,189,62,1,506190.83839947195,4596422.715132296,884.5160244140625,927.229032,21.336,27.432,Very_Coarse
17718,189,62,1,506190.83839947195,4596422.715132296,878.8772244140625,927.229032,27.432,32.6136,Fine
17718,189,62,1,506190.83839947195,4596422.715132296,872.7812244140625,927.229032,32.6136,39.624,Fine
17718,189,62,1,506190.83839947195,4596422.715132296,867.7520244140625,927.229032,39.624,42.672,Very_Coarse
17719,222,187,0,518711.98216668563,4593045.132659265,972.0739829101562,974.91804,0.0,12.192,Mixed_Coarse
17719,222,187,0,518711.98216668563,4593045.132659265,964.3015829101563,974.91804,12.192,15.5448,Mixed_Fine
17719,222,187,1,518711.98216668563,4593045.132659265,962.4727829101563,974.91804,15.5448,15.8496,Very_Coarse
17719,222,187,1,518711.98216668563,4593045.132659265,955.0051829101562,974.91804,15.8496,30.48,Very_Coarse
17726,335,110,0,511058.30797045305,4581786.032178066,906.0155926757812,913.281384,0.0,1.8288,Very_Coarse
17726,335,110,0,511058.30797045305,4581786.032178066,902.9675926757812,913.281384,1.8288,6.096,Very_Coarse
17726,335,110,0,511058.30797045305,4581786.032178066,900.2243926757812,913.281384,6.096,7.3152,Very_Coarse
17726,335,110,1,511058.30797045305,4581786.032178066,889.5563926757812,913.281384,7.3152,27.432,Very_Coarse
17726,335,110,1,511058.30797045305,4581786.032178066,866.5439926757813,913.281384,27.432,53.34,Very_Coarse
17740,271,78,0,507850.1987990242,4588205.480205929,936.7567975585938,942.48732,0.0,13.1064,Mixed_Fine
17740,271,78,1,507850.1987990242,4588205.480205929,925.3267975585937,942.48732,13.1064,22.86,Very_Coarse
17748,188,94,0,509392.9912897587,4596482.508090948,840.0479975585938,842.78724,0.0,1.524,Mixed_Fine
17748,188,94,0,509392.9912897587,4596482.508090948,835.4759975585938,842.78724,1.524,9.144,Sand
17748,188,94,0,509392.9912897587,4596482.508090948,830.9039975585938,842.78724,9.144,10.668,Mixed_Coarse
17748,188,94,0,509392.9912897587,4596482.508090948,829.3799975585938,842.78724,10.668,12.192,Mixed_Fine
17748,188,94,0,509392.9912897587,4596482.508090948,827.8559975585938,842.78724,12.192,13.716,Sand
17748,188,94,0,509392.9912897587,4596482.508090948,826.3319975585938,842.78724,13.716,15.24,Mixed_Fine
17748,188,94,1,509392.9912897587,4596482.508090948,824.0459975585937,842.78724,15.24,18.288,Sand
17751,237,142,0,514275.2730917588,4591578.334041249,851.7580170898437,856.89948,0.0,9.144,Mixed_Fine
17751,237,142,1,514275.2730917588,4591578.334041249,841.0900170898437,856.89948,9.144,21.336,Mixed_Coarse
17751,237,142,1,514275.2730917588,4591578.334041249,831.0316170898437,856.89948,21.336,29.2608,Mixed_Fine
17757,271,78,0,507850.1987990242,4588205.480205929,939.4999975585938,942.48732,0.0,7.62,Mixed_Coarse
17757,271,78,0,507850.1987990242,4588205.480205929,932.6419975585937,942.48732,7.62,13.716,Mixed_Fine
17757,271,78,0,507850.1987990242,4588205.480205929,928.6795975585937,942.48732,13.716,15.5448,Mixed_Coarse
17757,271,78,1,507850.1987990242,4588205.480205929,926.6983975585938,942.48732,15.5448,17.6784,Mixed_Coarse
17761,189,62,0,506190.83839947195,4596422.715132296,902.8040244140625,927.229032,0.0,12.192,Very_Coarse
17761,189,62,0,506190.83839947195,4596422.715132296,893.6600244140625,927.229032,12.192,18.288,Mixed_Coarse
17761,189,62,1,506190.83839947195,4596422.715132296,886.8020244140625,927.229032,18.288,25.908,Mixed_Coarse
17767,188,78,0,507780.37036798423,4596469.980116027,855.7720073242187,860.855784,0.0,6.096,Mixed_Coarse
17767,188,78,0,507780.37036798423,4596469.980116027,851.9620073242188,860.855784,6.096,7.62,Mixed_Fine
17767,188,78,0,507780.37036798423,4596469.980116027,849.6760073242187,860.855784,7.62,10.668,Mixed_Coarse
17767,188,78,0,507780.37036798423,4596469.980116027,847.3900073242188,860.855784,10.668,12.192,Mixed_Fine
17767,188,78,0,507780.37036798423,4596469.980116027,845.8660073242188,860.855784,12.192,13.716,Mixed_Coarse
17767,188,78,0,507780.37036798423,4596469.980116027,844.6468073242188,860.855784,13.716,14.6304,Mixed_Fine
17767,188,78,1,507780.37036798423,4596469.980116027,843.4276073242188,860.855784,14.6304,16.1544,Mixed_Coarse
17769,187,65,0,506532.7148236593,4596570.160930963,872.1760122070312,876.013488,0.0,3.048,Mixed_Fine
17769,187,65,0,506532.7148236593,4596570.160930963,863.0320122070312,876.013488,3.048,18.288,Mixed_Fine
17769,187,65,1,506532.7148236593,4596570.160930963,853.8880122070312,876.013488,18.288,21.336,Mixed_Coarse
17769,187,65,1,506532.7148236593,4596570.160930963,847.7920122070312,876.013488,21.336,30.48,Mixed_Fine
17769,187,65,1,506532.7148236593,4596570.160930963,832.5520122070312,876.013488,30.48,51.816,Mixed_Fine
17802,221,142,0,514272.27574363764,4593210.307766576,867.705590234375,880.234968,0.0,17.0688,Mixed_Coarse
17802,221,142,1,514272.27574363764,4593210.307766576,852.922790234375,880.234968,17.0688,29.5656,Sand
17802,221,142,1,514272.27574363764,4593210.307766576,846.217190234375,880.234968,29.5656,30.48,Very_Coarse
17803,318,142,0,514275.54450807505,4583456.076650876,869.9828024414063,871.92612,0.0,0.9144,Mixed_Fine
17803,318,142,0,514275.54450807505,4583456.076650876,868.4588024414063,871.92612,0.9144,3.048,Mixed_Fine
17803,318,142,1,514275.54450807505,4583456.076650876,850.6280024414062,871.92612,3.048,36.576,Very_Coarse
17804,43,78,0,507850.1437154657,4611004.220397073,970.5859853515625,985.009968,0.0,3.048,Mixed_Fine
17804,43,78,0,507850.1437154657,4611004.220397073,965.7091853515625,985.009968,3.048,9.7536,Mixed_Fine
17804,43,78,0,507850.1437154657,4611004.220397073,958.0891853515625,985.009968,9.7536,18.288,Mixed_Coarse
17804,43,78,1,507850.1437154657,4611004.220397073,950.6215853515625,985.009968,18.288,24.6888,Fine
17809,319,126,0,512667.11952858214,4583424.550468311,926.4903755859375,934.708824,0.0,1.2192,Mixed_Fine
17809,319,126,0,512667.11952858214,4583424.550468311,923.4423755859375,934.708824,1.2192,6.096,Very_Coarse
17809,319,126,0,512667.11952858214,4583424.550468311,919.3275755859376,934.708824,6.096,9.4488,Mixed_Fine
17809,319,126,0,512667.11952858214,4583424.550468311,917.3463755859375,934.708824,9.4488,10.0584,Mixed_Fine
17809,319,126,0,512667.11952858214,4583424.550468311,916.1271755859375,934.708824,10.0584,11.8872,Mixed_Fine
17809,319,126,0,512667.11952858214,4583424.550468311,914.7555755859375,934.708824,11.8872,12.8016,Very_Coarse
17809,319,126,0,512667.11952858214,4583424.550468311,913.3839755859375,934.708824,12.8016,14.6304,Very_Coarse
17809,319,126,1,512667.11952858214,4583424.550468311,911.2503755859375,934.708824,14.6304,17.0688,Very_Coarse
17809,319,126,1,512667.11952858214,4583424.550468311,908.3547755859375,934.708824,17.0688,20.4216,Very_Coarse
17809,319,126,1,512667.11952858214,4583424.550468311,906.5259755859375,934.708824,20.4216,20.7264,Very_Coarse
17812,254,110,0,511070.12183379737,4589896.265016456,855.2016146484375,859.56648,0.3048,4.572,Sand
17821,189,62,0,506190.83839947195,4596422.715132296,907.3760244140625,927.229032,0.0,3.048,Mixed_Coarse
17821,189,62,0,506190.83839947195,4596422.715132296,904.3280244140625,927.229032,3.048,6.096,Mixed_Coarse
17821,189,62,0,506190.83839947195,4596422.715132296,900.5180244140626,927.229032,6.096,10.668,Mixed_Coarse
17821,189,62,1,506190.83839947195,4596422.715132296,889.0880244140625,927.229032,10.668,28.956,Mixed_Coarse
17821,189,62,1,506190.83839947195,4596422.715132296,878.4200244140625,927.229032,28.956,32.004,Mixed_Fine
17821,189,62,1,506190.83839947195,4596422.715132296,872.3240244140625,927.229032,32.004,41.148,Very_Coarse
17821,189,62,1,506190.83839947195,4596422.715132296,863.9420244140625,927.229032,41.148,48.768,Very_Coarse
17830,271,94,0,509435.1900269065,4588223.501885015,938.5927853515625,943.53888,0.0,8.5344,Mixed_Fine
17830,271,94,0,509435.1900269065,4588223.501885015,930.9727853515625,943.53888,8.5344,15.24,Very_Coarse
17830,271,94,1,509435.1900269065,4588223.501885015,918.3235853515625,943.53888,15.24,33.8328,Very_Coarse
17830,271,94,1,509435.1900269065,4588223.501885015,901.5595853515625,943.53888,33.8328,48.768,Very_Coarse
17830,271,94,1,509435.1900269065,4588223.501885015,891.0439853515625,943.53888,48.768,54.864,Very_Coarse
17839,270,110,0,511043.13159614685,4588249.262003998,849.952770703125,855.323664,0.0,8.5344,Very_Coarse
17839,270,110,0,511043.13159614685,4588249.262003998,845.075970703125,855.323664,8.5344,9.7536,Mixed_Coarse
17839,270,110,1,511043.13159614685,4588249.262003998,834.407970703125,855.323664,9.7536,29.8704,Very_Coarse
17839,270,110,1,511043.13159614685,4588249.262003998,824.044770703125,855.323664,29.8704,30.48,Very_Coarse
17846,91,94,0,509411.71732051176,4606179.240861771,873.4280024414063,871.063536,0.0,1.524,Mixed_Fine
17846,91,94,0,509411.71732051176,4606179.240861771,868.8560024414063,871.063536,1.524,9.144,Mixed_Fine
17846,91,94,0,509411.71732051176,4606179.240861771,863.2172024414062,871.063536,9.144,12.8016,Mixed_Coarse
17846,91,94,1,509411.71732051176,4606179.240861771,858.0356024414062,871.063536,12.8016,19.5072,Mixed_Fine
17846,91,94,1,509411.71732051176,4606179.240861771,853.7684024414062,871.063536,19.5072,21.336,Mixed_Coarse
17846,91,94,1,509411.71732051176,4606179.240861771,848.5868024414062,871.063536,25.2984,25.908,Mixed_Fine
17847,271,94,0,509435.1900269065,4588223.501885015,941.3359853515625,943.53888,0.0,3.048,Mixed_Fine
17847,271,94,1,509435.1900269065,4588223.501885015,921.9811853515625,943.53888,3.048,38.7096,Very_Coarse
17847,271,94,1,509435.1900269065,4588223.501885015,901.1023853515625,943.53888,38.7096,44.8056,Very_Coarse
17847,271,94,1,509435.1900269065,4588223.501885015,894.8539853515625,943.53888,44.8056,51.2064,Very_Coarse
17847,271,94,1,509435.1900269065,4588223.501885015,888.6055853515625,943.53888,51.2064,57.3024,Very_Coarse
17847,271,94,1,509435.1900269065,4588223.501885015,882.3571853515625,943.53888,57.3024,63.7032,Very_Coarse
17847,271,94,1,509435.1900269065,4588223.501885015,874.4323853515625,943.53888,63.7032,73.152,Very_Coarse
17847,271,94,1,509435.1900269065,4588223.501885015,868.1839853515625,943.53888,73.152,76.2,Very_Coarse
17847,271,94,1,509435.1900269065,4588223.501885015,863.6119853515625,943.53888,76.2,82.296,Very_Coarse
17847,271,94,1,509435.1900269065,4588223.501885015,854.4679853515624,943.53888,82.296,94.488,Very_Coarse
17850,302,143,0,514285.7429723587,4585076.568767307,980.567629296875,970.663032,0.0,7.9248,Mixed_Fine
17850,302,143,0,514285.7429723587,4585076.568767307,976.452829296875,970.663032,7.9248,8.2296,Very_Coarse
17850,302,143,0,514285.7429723587,4585076.568767307,974.014429296875,970.663032,8.2296,12.8016,Very_Coarse
17850,302,143,1,514285.7429723587,4585076.568767307,964.718029296875,970.663032,12.8016,26.8224,Very_Coarse
17850,302,143,1,514285.7429723587,4585076.568767307,956.488429296875,970.663032,26.8224,29.2608,Mixed_Fine
17850,302,143,1,514285.7429723587,4585076.568767307,947.801629296875,970.663032,29.2608,44.196,Very_Coarse
17904,59,44,0,504473.7522627029,4609422.681367525,833.726,838.556616,0.0,3.048,Mixed_Fine
17904,59,44,0,504473.7522627029,4609422.681367525,829.154,838.556616,3.048,9.144,Very_Coarse
17904,59,44,0,504473.7522627029,4609422.681367525,821.534,838.556616,9.144,18.288,Very_Coarse
17904,59,44,1,504473.7522627029,4609422.681367525,812.39,838.556616,18.288,27.432,Very_Coarse
17904,59,44,1,504473.7522627029,4609422.681367525,804.77,838.556616,27.432,33.528,Very_Coarse
17904,59,44,1,504473.7522627029,4609422.681367525,800.96,838.556616,33.528,35.052,Very_Coarse
17908,271,78,0,507850.1987990242,4588205.480205929,942.8527975585938,942.48732,0.0,0.9144,Mixed_Fine
17908,271,78,0,507850.1987990242,4588205.480205929,940.5667975585937,942.48732,0.9144,4.572,Very_Coarse
17908,271,78,0,507850.1987990242,4588205.480205929,936.9091975585937,942.48732,4.572,8.2296,Very_Coarse
17908,271,78,0,507850.1987990242,4588205.480205929,930.6607975585938,942.48732,8.2296,17.0688,Very_Coarse
17908,271,78,1,507850.1987990242,4588205.480205929,922.8883975585937,942.48732,17.0688,23.7744,Very_Coarse
17910,140,175,0,517525.0937353524,4601254.364377665,867.1480268554687,879.448584,0.0,24.384,Mixed_Fine
17910,140,175,1,517525.0937353524,4601254.364377665,853.4320268554687,879.448584,24.384,27.432,Mixed_Coarse
17910,140,175,1,517525.0937353524,4601254.364377665,850.3840268554687,879.448584,27.432,30.48,Mixed_Fine
17910,140,175,1,517525.0937353524,4601254.364377665,847.3360268554687,879.448584,30.48,33.528,Very_Coarse
17910,140,175,1,517525.0937353524,4601254.364377665,844.5928268554687,879.448584,33.528,35.9664,Very_Coarse
17910,140,175,1,517525.0937353524,4601254.364377665,842.0020268554688,879.448584,35.9664,38.7096,Very_Coarse
17910,140,175,1,517525.0937353524,4601254.364377665,839.4112268554687,879.448584,38.7096,41.148,Very_Coarse
17910,140,175,1,517525.0937353524,4601254.364377665,832.8580268554688,879.448584,41.148,51.816,Very_Coarse
17910,140,175,1,517525.0937353524,4601254.364377665,825.2380268554688,879.448584,51.816,56.388,Fine
17916,237,142,0,514275.2730917588,4591578.334041249,849.4720170898438,856.89948,0.0,13.716,Mixed_Fine
17916,237,142,1,514275.2730917588,4591578.334041249,840.3280170898438,856.89948,13.716,18.288,Mixed_Coarse
17916,237,142,1,514275.2730917588,4591578.334041249,837.2800170898438,856.89948,18.288,19.812,Mixed_Fine
17916,237,142,1,514275.2730917588,4591578.334041249,834.2320170898438,856.89948,19.812,24.384,Mixed_Coarse
17916,237,142,1,514275.2730917588,4591578.334041249,828.8980170898437,856.89948,24.384,30.48,Mixed_Fine
17918,140,29,0,502938.83394960605,4601320.647658445,902.2652073242187,900.879072,0.0,0.6096,Mixed_Fine
17918,140,29,0,502938.83394960605,4601320.647658445,899.2172073242187,900.879072,0.6096,6.096,Mixed_Fine
17918,140,29,0,502938.83394960605,4601320.647658445,894.1880073242188,900.879072,6.096,10.668,Mixed_Coarse
17918,140,29,0,502938.83394960605,4601320.647658445,888.8540073242187,900.879072,10.668,16.764,Mixed_Coarse
17918,140,29,1,502938.83394960605,4601320.647658445,882.7580073242187,900.879072,16.764,22.86,Mixed_Coarse
17918,140,29,1,502938.83394960605,4601320.647658445,876.6620073242187,900.879072,22.86,28.956,Mixed_Coarse
17918,140,29,1,502938.83394960605,4601320.647658445,870.5660073242187,900.879072,28.956,35.052,Mixed_Fine
17918,140,29,1,502938.83394960605,4601320.647658445,864.4700073242187,900.879072,35.052,41.148,Mixed_Coarse
17918,140,29,1,502938.83394960605,4601320.647658445,858.3740073242187,900.879072,41.148,47.244,Mixed_Coarse
17918,140,29,1,502938.83394960605,4601320.647658445,852.2780073242187,900.879072,47.244,53.34,Mixed_Coarse
17918,140,29,1,502938.83394960605,4601320.647658445,843.1340073242187,900.879072,53.34,65.532,Very_Coarse
17925,123,45,0,504521.6710002974,4602940.932279259,934.4604073242187,932.950128,0.0,1.2192,Mixed_Fine
17925,123,45,0,504521.6710002974,4602940.932279259,930.1932073242187,932.950128,1.2192,8.5344,Mixed_Fine
17925,123,45,1,504521.6710002974,4602940.932279259,916.3248073242188,932.950128,8.5344,28.956,Mixed_Fine
17925,123,45,1,504521.6710002974,4602940.932279259,905.9616073242188,932.950128,28.956,29.2608,Mixed_Coarse
17925,123,45,1,504521.6710002974,4602940.932279259,899.1036073242187,932.950128,29.2608,42.672,Mixed_Fine
17925,123,45,1,504521.6710002974,4602940.932279259,886.3020073242187,932.950128,42.672,54.864,Very_Coarse
17925,123,45,1,504521.6710002974,4602940.932279259,878.6820073242187,932.950128,54.864,57.912,Very_Coarse
17926,335,110,0,511058.30797045305,4581786.032178066,906.6251926757812,913.281384,0.0,0.6096,Very_Coarse
17926,335,110,0,511058.30797045305,4581786.032178066,899.0051926757812,913.281384,0.6096,15.24,Very_Coarse
17926,335,110,1,511058.30797045305,4581786.032178066,881.0219926757812,913.281384,15.24,36.576,Very_Coarse
17929,271,78,0,507850.1987990242,4588205.480205929,943.0051975585937,942.48732,0.0,0.6096,Very_Coarse
17929,271,78,0,507850.1987990242,4588205.480205929,941.7859975585937,942.48732,0.6096,2.4384,Very_Coarse
17929,271,78,0,507850.1987990242,4588205.480205929,938.7379975585937,942.48732,2.4384,6.7056,Very_Coarse
17929,271,78,0,507850.1987990242,4588205.480205929,936.2995975585937,942.48732,6.7056,7.3152,Mixed_Coarse
17929,271,78,0,507850.1987990242,4588205.480205929,933.5563975585937,942.48732,7.3152,12.192,Very_Coarse
17931,189,62,0,506190.83839947195,4596422.715132296,908.5952244140625,927.229032,0.0,0.6096,Mixed_Fine
17931,189,62,0,506190.83839947195,4596422.715132296,904.9376244140625,927.229032,0.6096,7.3152,Very_Coarse
17931,189,62,0,506190.83839947195,4596422.715132296,896.2508244140625,927.229032,7.3152,17.9832,Mixed_Coarse
17931,189,62,1,506190.83839947195,4596422.715132296,890.4596244140625,927.229032,17.9832,18.8976,Sand
17931,189,62,1,506190.83839947195,4596422.715132296,884.9732244140625,927.229032,18.8976,28.956,Mixed_Fine
17931,189,62,1,506190.83839947195,4596422.715132296,878.4200244140625,927.229032,28.956,32.004,Mixed_Fine
17931,189,62,1,506190.83839947195,4596422.715132296,876.1340244140625,927.229032,32.004,33.528,Mixed_Coarse
17931,189,62,1,506190.83839947195,4596422.715132296,873.8480244140625,927.229032,33.528,36.576,Mixed_Fine
17938,302,110,0,511034.8222040475,4585044.022175429,889.072829296875,887.236224,0.0,0.9144,Sand
17938,302,110,0,511034.8222040475,4585044.022175429,886.024829296875,887.236224,0.9144,6.096,Sand
17938,302,110,0,511034.8222040475,4585044.022175429,882.976829296875,887.236224,6.096,7.0104,Mixed_Coarse
17938,302,110,0,511034.8222040475,4585044.022175429,879.928829296875,887.236224,7.0104,12.192,Mixed_Fine
17938,302,110,0,511034.8222040475,4585044.022175429,875.814029296875,887.236224,12.192,15.24,Mixed_Coarse
17938,302,110,1,511034.8222040475,4585044.022175429,873.832829296875,887.236224,15.24,16.1544,Very_Coarse
17948,172,62,0,506202.91793733166,4598063.455195106,871.1740219726563,875.224056,0.0,4.572,Sand
17948,172,62,0,506202.91793733166,4598063.455195106,867.5164219726563,875.224056,4.572,7.3152,Mixed_Fine
17948,172,62,0,506202.91793733166,4598063.455195106,865.2304219726562,875.224056,7.3152,9.144,Sand
17948,172,62,0,506202.91793733166,4598063.455195106,859.7440219726562,875.224056,9.144,18.288,Mixed_Fine
17948,172,62,1,506202.91793733166,4598063.455195106,853.6480219726562,875.224056,18.288,21.336,Mixed_Coarse
17948,172,62,1,506202.91793733166,4598063.455195106,849.3808219726562,875.224056,21.336,26.8224,Mixed_Fine
17948,172,62,1,506202.91793733166,4598063.455195106,844.5040219726562,875.224056,26.8224,31.0896,Mixed_Coarse
17948,172,62,1,506202.91793733166,4598063.455195106,841.1512219726562,875.224056,31.0896,33.528,Mixed_Fine
17948,172,62,1,506202.91793733166,4598063.455195106,838.4080219726562,875.224056,33.528,36.576,Mixed_Coarse
17952,254,94,0,509466.00749302073,4589882.736795983,873.5451755859375,877.500912,0.0,0.6096,Mixed_Fine
17952,254,94,0,509466.00749302073,4589882.736795983,871.4115755859375,877.500912,0.6096,4.2672,Mixed_Fine
17952,254,94,0,509466.00749302073,4589882.736795983,869.4303755859376,877.500912,4.2672,4.572,Mixed_Coarse
17952,254,94,0,509466.00749302073,4589882.736795983,867.7539755859375,877.500912,4.572,7.62,Mixed_Fine
17952,254,94,0,509466.00749302073,4589882.736795983,865.4679755859376,877.500912,7.62,9.144,Mixed_Coarse
17954,271,78,0,507850.1987990242,4588205.480205929,942.7003975585937,942.48732,0.0,1.2192,Mixed_Fine
17954,271,78,0,507850.1987990242,4588205.480205929,936.6043975585937,942.48732,1.2192,12.192,Very_Coarse
17954,271,78,1,507850.1987990242,4588205.480205929,928.0699975585937,942.48732,12.192,18.288,Very_Coarse
17954,271,78,1,507850.1987990242,4588205.480205929,923.4979975585937,942.48732,18.288,21.336,Very_Coarse
17955,298,114,0,511390.7706223124,4585463.871444061,872.2211877929687,878.095272,0.0,3.6576,Mixed_Fine
17955,298,114,0,511390.7706223124,4585463.871444061,869.4779877929687,878.095272,3.6576,5.4864,Mixed_Fine
17955,298,114,0,511390.7706223124,4585463.871444061,866.1251877929687,878.095272,5.4864,10.3632,Very_Coarse
17955,298,114,0,511390.7706223124,4585463.871444061,862.1627877929687,878.095272,10.3632,13.4112,Very_Coarse
17955,298,114,0,511390.7706223124,4585463.871444061,858.9623877929688,878.095272,13.4112,16.764,Very_Coarse
17955,298,114,1,511390.7706223124,4585463.871444061,856.5239877929688,878.095272,16.764,18.288,Very_Coarse
17955,298,114,1,511390.7706223124,4585463.871444061,853.1711877929688,878.095272,18.288,23.4696,Very_Coarse
17955,298,114,1,511390.7706223124,4585463.871444061,847.6847877929688,878.095272,23.4696,29.2608,Very_Coarse
17955,298,114,1,511390.7706223124,4585463.871444061,844.4843877929687,878.095272,29.2608,29.8704,Very_Coarse
17955,298,114,1,511390.7706223124,4585463.871444061,843.2651877929687,878.095272,29.8704,31.6992,Very_Coarse
17957,156,110,0,511040.6372359212,4599721.77110205,831.8459951171875,833.637144,0.0,3.048,Mixed_Fine
17957,156,110,0,511040.6372359212,4599721.77110205,829.5599951171876,833.637144,3.048,4.572,Mixed_Coarse
17957,156,110,0,511040.6372359212,4599721.77110205,828.3407951171876,833.637144,4.572,5.4864,Sand
17957,156,110,0,511040.6372359212,4599721.77110205,826.0547951171875,833.637144,5.4864,9.144,Mixed_Coarse
17957,156,110,0,511040.6372359212,4599721.77110205,823.7687951171876,833.637144,9.144,10.0584,Mixed_Fine
17957,156,110,0,511040.6372359212,4599721.77110205,822.0923951171875,833.637144,10.0584,12.4968,Mixed_Coarse
17957,156,110,0,511040.6372359212,4599721.77110205,820.5683951171875,833.637144,12.4968,13.1064,Mixed_Coarse
17957,156,110,0,511040.6372359212,4599721.77110205,819.9587951171875,833.637144,13.1064,13.716,Mixed_Fine
17957,156,110,0,511040.6372359212,4599721.77110205,818.7395951171875,833.637144,13.716,15.5448,Mixed_Fine
17957,156,110,1,511040.6372359212,4599721.77110205,817.2155951171875,833.637144,15.5448,16.764,Mixed_Fine
17957,156,110,1,511040.6372359212,4599721.77110205,816.3011951171875,833.637144,16.764,17.3736,Mixed_Coarse
17957,156,110,1,511040.6372359212,4599721.77110205,814.3199951171875,833.637144,17.3736,20.7264,Mixed_Coarse
17957,156,110,1,511040.6372359212,4599721.77110205,810.8147951171875,833.637144,20.7264,24.384,Mixed_Coarse
17957,156,110,1,511040.6372359212,4599721.77110205,808.8335951171875,833.637144,24.384,24.6888,Mixed_Coarse
17962,271,94,0,509435.1900269065,4588223.501885015,941.3359853515625,943.53888,0.0,3.048,Very_Coarse
17962,271,94,0,509435.1900269065,4588223.501885015,938.2879853515625,943.53888,3.048,6.096,Sand
17962,271,94,0,509435.1900269065,4588223.501885015,935.2399853515625,943.53888,6.096,9.144,Sand
17962,271,94,1,509435.1900269065,4588223.501885015,924.5719853515625,943.53888,9.144,27.432,Sand
17962,271,94,1,509435.1900269065,4588223.501885015,913.9039853515625,943.53888,27.432,30.48,Sand
17962,271,94,1,509435.1900269065,4588223.501885015,899.1211853515625,943.53888,30.48,56.9976,Very_Coarse
17968,302,110,0,511034.8222040475,4585044.022175429,879.624029296875,887.236224,0.0,19.812,Mixed_Fine
17968,302,110,1,511034.8222040475,4585044.022175429,860.421629296875,887.236224,19.812,38.4048,Very_Coarse
17971,318,156,0,515626.6766057948,4583455.086381379,955.1160146484375,958.090032,0.0,3.048,Mixed_Fine
17971,318,156,0,515626.6766057948,4583455.086381379,950.5440146484375,958.090032,3.048,9.144,Mixed_Coarse
17971,318,156,0,515626.6766057948,4583455.086381379,944.4480146484375,958.090032,9.144,15.24,Sand
17971,318,156,1,515626.6766057948,4583455.086381379,939.8760146484375,958.090032,15.24,18.288,Very_Coarse
17971,318,156,1,515626.6766057948,4583455.086381379,936.0660146484375,958.090032,18.288,22.86,Very_Coarse
17979,187,76,0,507638.0125658965,4596553.150663427,855.8708244140626,862.513896,3.048,7.0104,Mixed_Coarse
17979,187,76,0,507638.0125658965,4596553.150663427,852.0608244140625,862.513896,7.0104,10.668,Mixed_Coarse
17979,187,76,0,507638.0125658965,4596553.150663427,847.6412244140625,862.513896,10.668,15.8496,Mixed_Coarse
17979,187,76,1,507638.0125658965,4596553.150663427,841.6976244140625,862.513896,15.8496,22.5552,Mixed_Coarse
17979,187,76,1,507638.0125658965,4596553.150663427,835.6016244140625,862.513896,22.5552,28.0416,Mixed_Coarse
17979,187,76,1,507638.0125658965,4596553.150663427,828.5912244140625,862.513896,28.0416,36.576,Mixed_Coarse
17994,254,94,0,509466.00749302073,4589882.736795983,872.4783755859376,877.500912,0.9144,1.8288,Very_Coarse
17994,254,94,0,509466.00749302073,4589882.736795983,871.2591755859376,877.500912,1.8288,3.3528,Mixed_Coarse
17994,254,94,0,509466.00749302073,4589882.736795983,870.0399755859376,877.500912,3.3528,4.2672,Very_Coarse
17999,238,78,1,507841.9921438794,4591525.740650721,898.4480048828125,916.847544,3.048,51.816,Very_Coarse
18004,205,156,0,515661.47339605686,4594778.3330789935,888.232029296875,890.927352,0.0,6.096,Very_Coarse
18004,205,156,0,515661.47339605686,4594778.3330789935,882.136029296875,890.927352,6.096,12.192,Very_Coarse
18004,205,156,0,515661.47339605686,4594778.3330789935,876.040029296875,890.927352,12.192,18.288,Very_Coarse
18004,205,156,1,515661.47339605686,4594778.3330789935,869.944029296875,890.927352,18.288,24.384,Very_Coarse
18004,205,156,1,515661.47339605686,4594778.3330789935,863.848029296875,890.927352,24.384,30.48,Very_Coarse
18004,205,156,1,515661.47339605686,4594778.3330789935,854.704029296875,890.927352,30.48,42.672,Very_Coarse
18010,271,78,0,507850.1987990242,4588205.480205929,941.1763975585937,942.48732,0.0,4.2672,Very_Coarse
18010,271,78,0,507850.1987990242,4588205.480205929,938.4331975585937,942.48732,4.2672,5.4864,Very_Coarse
18010,271,78,0,507850.1987990242,4588205.480205929,936.7567975585938,942.48732,5.4864,7.62,Very_Coarse
18010,271,78,0,507850.1987990242,4588205.480205929,933.4039975585938,942.48732,7.62,12.192,Very_Coarse
18013,254,94,0,509466.00749302073,4589882.736795983,872.0211755859375,877.500912,0.0,3.6576,Very_Coarse
18013,254,94,0,509466.00749302073,4589882.736795983,868.2111755859376,877.500912,3.6576,7.62,Very_Coarse
18013,254,94,0,509466.00749302073,4589882.736795983,863.1819755859375,877.500912,7.62,13.716,Very_Coarse
18013,254,94,1,509466.00749302073,4589882.736795983,857.8479755859375,877.500912,13.716,18.288,Very_Coarse
18031,335,110,0,511058.30797045305,4581786.032178066,905.4059926757812,913.281384,0.0,3.048,Mixed_Fine
18031,335,110,0,511058.30797045305,4581786.032178066,902.3579926757812,913.281384,3.048,6.096,Fine
18031,335,110,0,511058.30797045305,4581786.032178066,897.7859926757812,913.281384,6.096,12.192,Very_Coarse
18031,335,110,1,511058.30797045305,4581786.032178066,888.6419926757812,913.281384,12.192,24.384,Very_Coarse
18031,335,110,1,511058.30797045305,4581786.032178066,871.8779926757812,913.281384,24.384,45.72,Very_Coarse
18031,335,110,1,511058.30797045305,4581786.032178066,853.5899926757812,913.281384,45.72,60.96,Very_Coarse
18041,188,78,0,507780.37036798423,4596469.980116027,858.3628073242188,860.855784,0.0,0.9144,Mixed_Fine
18041,188,78,0,507780.37036798423,4596469.980116027,857.7532073242188,860.855784,0.9144,1.2192,Mixed_Fine
18041,188,78,0,507780.37036798423,4596469.980116027,857.4484073242188,860.855784,1.2192,1.524,Mixed_Coarse
18041,188,78,0,507780.37036798423,4596469.980116027,855.0100073242188,860.855784,1.524,6.096,Mixed_Fine
18041,188,78,0,507780.37036798423,4596469.980116027,851.2000073242187,860.855784,6.096,9.144,Mixed_Coarse
18041,188,78,0,507780.37036798423,4596469.980116027,849.5236073242188,860.855784,9.144,9.4488,Mixed_Coarse
18041,188,78,0,507780.37036798423,4596469.980116027,845.7136073242187,860.855784,9.4488,16.764,Mixed_Coarse
18041,188,78,1,507780.37036798423,4596469.980116027,841.2940073242188,860.855784,16.764,18.288,Mixed_Coarse
18041,188,78,1,507780.37036798423,4596469.980116027,839.7700073242188,860.855784,18.288,19.812,Mixed_Fine
18041,188,78,1,507780.37036798423,4596469.980116027,838.2460073242188,860.855784,19.812,21.336,Very_Coarse
18041,188,78,1,507780.37036798423,4596469.980116027,835.3504073242187,860.855784,21.336,25.6032,Mixed_Coarse
18041,188,78,1,507780.37036798423,4596469.980116027,832.3024073242187,860.855784,25.6032,27.432,Sand
18041,188,78,1,507780.37036798423,4596469.980116027,829.8640073242187,860.855784,27.432,30.48,Mixed_Coarse
18041,188,78,1,507780.37036798423,4596469.980116027,827.5780073242188,860.855784,30.48,32.004,Mixed_Coarse
18041,188,78,1,507780.37036798423,4596469.980116027,826.5112073242187,860.855784,32.004,32.6136,Mixed_Fine
18047,189,62,0,506190.83839947195,4596422.715132296,907.0712244140625,927.229032,0.0,3.6576,Mixed_Fine
18047,189,62,0,506190.83839947195,4596422.715132296,904.3280244140625,927.229032,3.6576,5.4864,Mixed_Fine
18047,189,62,0,506190.83839947195,4596422.715132296,902.6516244140626,927.229032,5.4864,7.0104,Mixed_Fine
18047,189,62,0,506190.83839947195,4596422.715132296,900.8228244140626,927.229032,7.0104,9.144,Mixed_Coarse
18047,189,62,0,506190.83839947195,4596422.715132296,893.6600244140625,927.229032,9.144,21.336,Mixed_Fine
18047,189,62,1,506190.83839947195,4596422.715132296,887.2592244140625,927.229032,21.336,21.9456,Mixed_Coarse
18047,189,62,1,506190.83839947195,4596422.715132296,885.4304244140625,927.229032,21.9456,24.9936,Mixed_Fine
18047,189,62,1,506190.83839947195,4596422.715132296,883.4492244140625,927.229032,24.9936,25.908,Mixed_Coarse
18047,189,62,1,506190.83839947195,4596422.715132296,880.8584244140625,927.229032,25.908,30.1752,Mixed_Fine
18047,189,62,1,506190.83839947195,4596422.715132296,876.4388244140625,927.229032,30.1752,34.7472,Mixed_Coarse
18047,189,62,1,506190.83839947195,4596422.715132296,874.0004244140625,927.229032,34.7472,35.052,Mixed_Fine
18049,139,143,0,514292.24450345495,4601343.30283935,837.1459829101562,838.38288,0.0,3.048,Mixed_Fine
18049,139,143,0,514292.24450345495,4601343.30283935,834.0979829101562,838.38288,3.048,6.096,Mixed_Coarse
18049,139,143,0,514292.24450345495,4601343.30283935,829.5259829101562,838.38288,6.096,12.192,Mixed_Coarse
18049,139,143,0,514292.24450345495,4601343.30283935,825.1063829101563,838.38288,12.192,14.9352,Sand
18049,139,143,1,514292.24450345495,4601343.30283935,822.8203829101562,838.38288,14.9352,16.764,Mixed_Fine
18049,139,143,1,514292.24450345495,4601343.30283935,821.4487829101563,838.38288,16.764,17.6784,Very_Coarse
18049,139,143,1,514292.24450345495,4601343.30283935,815.2003829101562,838.38288,17.6784,29.2608,Mixed_Fine
18049,139,143,1,514292.24450345495,4601343.30283935,808.0375829101563,838.38288,29.2608,32.004,Very_Coarse
18050,123,13,0,501328.29038746073,4602983.625960674,929.646429296875,934.199808,0.0,4.2672,Mixed_Fine
18050,123,13,0,501328.29038746073,4602983.625960674,926.293629296875,934.199808,4.2672,6.7056,Mixed_Coarse
18050,123,13,0,501328.29038746073,4602983.625960674,924.617229296875,934.199808,6.7056,7.62,Mixed_Fine
18050,123,13,0,501328.29038746073,4602983.625960674,922.483629296875,934.199808,7.62,10.9728,Mixed_Fine
18050,123,13,0,501328.29038746073,4602983.625960674,920.197629296875,934.199808,10.9728,12.192,Mixed_Coarse
18050,123,13,0,501328.29038746073,4602983.625960674,918.826029296875,934.199808,12.192,13.716,Mixed_Fine
18050,123,13,0,501328.29038746073,4602983.625960674,917.911629296875,934.199808,13.716,14.0208,Mixed_Coarse
18050,123,13,1,501328.29038746073,4602983.625960674,916.387629296875,934.199808,14.0208,16.764,Mixed_Fine
18050,123,13,1,501328.29038746073,4602983.625960674,914.863629296875,934.199808,16.764,17.0688,Mixed_Coarse
18050,123,13,1,501328.29038746073,4602983.625960674,914.101629296875,934.199808,17.0688,18.288,Mixed_Fine
18053,302,110,0,511034.8222040475,4585044.022175429,888.920429296875,887.236224,0.0,1.2192,Mixed_Fine
18053,302,110,0,511034.8222040475,4585044.022175429,884.196029296875,887.236224,1.2192,9.4488,Very_Coarse
18053,302,110,0,511034.8222040475,4585044.022175429,874.290029296875,887.236224,9.4488,21.0312,Very_Coarse
18058,237,142,1,514275.2730917588,4591578.334041249,830.4220170898437,856.89948,0.0,51.816,Mixed_Coarse
18058,237,142,1,514275.2730917588,4591578.334041249,788.5120170898438,856.89948,51.816,83.82,Very_Coarse
18061,286,110,0,511019.304546678,4586644.780052698,857.482029296875,862.29444,0.0,6.096,Sand
18061,286,110,0,511019.304546678,4586644.780052698,852.148029296875,862.29444,6.096,10.668,Sand
18061,286,110,0,511019.304546678,4586644.780052698,846.814029296875,862.29444,10.668,16.764,Very_Coarse
18061,286,110,1,511019.304546678,4586644.780052698,840.718029296875,862.29444,16.764,22.86,Very_Coarse
18061,286,110,1,511019.304546678,4586644.780052698,833.860029296875,862.29444,22.86,30.48,Very_Coarse
18063,254,94,0,509466.00749302073,4589882.736795983,873.2403755859375,877.500912,0.0,1.2192,Sand
18063,254,94,0,509466.00749302073,4589882.736795983,871.8687755859376,877.500912,1.2192,2.7432,Sand
18063,254,94,0,509466.00749302073,4589882.736795983,870.1923755859375,877.500912,2.7432,4.572,Mixed_Coarse
18063,254,94,0,509466.00749302073,4589882.736795983,867.9063755859376,877.500912,4.572,7.3152,Mixed_Coarse
18063,254,94,0,509466.00749302073,4589882.736795983,865.9251755859375,877.500912,7.3152,8.5344,Fine
18067,188,78,0,507780.37036798423,4596469.980116027,856.5340073242188,860.855784,0.0,4.572,Mixed_Coarse
18067,188,78,0,507780.37036798423,4596469.980116027,848.9140073242188,860.855784,4.572,15.24,Mixed_Coarse
18067,188,78,1,507780.37036798423,4596469.980116027,841.2940073242188,860.855784,15.24,19.812,Mixed_Coarse
18067,188,78,1,507780.37036798423,4596469.980116027,830.6260073242188,860.855784,19.812,36.576,Mixed_Coarse
18079,204,142,0,514275.10422940657,4594848.053573019,870.1439877929688,881.950992,0.0,19.812,Very_Coarse
18082,147,122,0,512252.3980339746,4600619.636669666,830.5907975585937,832.314312,0.0,2.4384,Mixed_Fine
18082,147,122,0,512252.3980339746,4600619.636669666,827.6951975585938,832.314312,2.4384,5.7912,Mixed_Fine
18082,147,122,0,512252.3980339746,4600619.636669666,823.1231975585938,832.314312,5.7912,11.5824,Sand
18082,147,122,0,512252.3980339746,4600619.636669666,817.6367975585938,832.314312,11.5824,16.764,Mixed_Fine
18082,147,122,1,512252.3980339746,4600619.636669666,813.5219975585937,832.314312,16.764,19.812,Mixed_Coarse
18082,147,122,1,512252.3980339746,4600619.636669666,809.7119975585938,832.314312,19.812,24.384,Mixed_Coarse
18082,147,122,1,512252.3980339746,4600619.636669666,806.9687975585938,832.314312,24.384,25.2984,Mixed_Coarse
18082,147,122,1,512252.3980339746,4600619.636669666,804.6827975585937,832.314312,25.2984,28.956,Mixed_Fine
18082,147,122,1,512252.3980339746,4600619.636669666,802.0919975585938,832.314312,28.956,30.48,Mixed_Coarse
18089,254,127,0,512681.4955983508,4589913.28800328,845.6359731445312,847.92312,0.0,3.048,Very_Coarse
18089,254,127,0,512681.4955983508,4589913.28800328,842.5879731445312,847.92312,3.048,6.096,Mixed_Coarse
18089,254,127,0,512681.4955983508,4589913.28800328,839.5399731445312,847.92312,6.096,9.144,Mixed_Coarse
18089,254,127,0,512681.4955983508,4589913.28800328,834.9679731445312,847.92312,9.144,15.24,Fine
18100,254,94,0,509466.00749302073,4589882.736795983,867.7539755859375,877.500912,0.0,12.192,Mixed_Fine
18103,221,78,0,507812.90002100694,4593151.981067932,873.715990234375,870.597192,0.0,3.048,Mixed_Fine
18103,221,78,0,507812.90002100694,4593151.981067932,864.571990234375,870.597192,3.048,18.288,Sand
18104,319,110,0,511038.608374743,4583420.267364215,876.9328146484376,878.61648,0.0,0.9144,Mixed_Fine
18104,319,110,0,511038.608374743,4583420.267364215,873.2752146484376,878.61648,0.9144,7.3152,Very_Coarse
18104,319,110,0,511038.608374743,4583420.267364215,869.4652146484375,878.61648,7.3152,8.5344,Mixed_Coarse
18104,319,110,0,511038.608374743,4583420.267364215,868.5508146484375,878.61648,8.5344,9.144,Very_Coarse
18112,181,67,0,506757.4189269555,4597182.308709605,860.1119731445312,864.891336,0.0,6.096,Mixed_Coarse
18112,181,67,0,506757.4189269555,4597182.308709605,854.0159731445312,864.891336,6.096,12.192,Mixed_Coarse
18112,181,67,1,506757.4189269555,4597182.308709605,847.9199731445312,864.891336,12.192,18.288,Mixed_Coarse
18112,181,67,1,506757.4189269555,4597182.308709605,838.6235731445313,864.891336,18.288,30.7848,Mixed_Coarse
18131,164,121,0,512084.6373011469,4598868.005333021,831.9811975585937,835.423272,0.0,3.6576,Mixed_Fine
18131,164,121,0,512084.6373011469,4598868.005333021,829.5427975585937,835.423272,3.6576,4.8768,Sand
18131,164,121,0,512084.6373011469,4598868.005333021,828.4759975585938,835.423272,4.8768,5.7912,Mixed_Fine
18131,164,121,0,512084.6373011469,4598868.005333021,826.9519975585938,835.423272,5.7912,7.9248,Mixed_Coarse
18131,164,121,0,512084.6373011469,4598868.005333021,819.1795975585937,835.423272,7.9248,21.336,Mixed_Coarse
18131,164,121,1,512084.6373011469,4598868.005333021,812.1691975585937,835.423272,21.336,21.9456,Mixed_Fine
18131,164,121,1,512084.6373011469,4598868.005333021,807.5971975585937,835.423272,21.9456,30.48,Mixed_Coarse
18132,188,78,0,507780.37036798423,4596469.980116027,856.5340073242188,860.855784,0.0,4.572,Mixed_Fine
18132,188,78,0,507780.37036798423,4596469.980116027,851.9620073242188,860.855784,4.572,9.144,Mixed_Fine
18132,188,78,0,507780.37036798423,4596469.980116027,845.1040073242187,860.855784,9.144,18.288,Mixed_Coarse
18132,188,78,1,507780.37036798423,4596469.980116027,838.7032073242187,860.855784,18.288,21.9456,Sand
18132,188,78,1,507780.37036798423,4596469.980116027,835.6552073242187,860.855784,21.9456,24.384,Mixed_Coarse
18133,188,78,0,507780.37036798423,4596469.980116027,858.6676073242188,860.855784,0.0,0.3048,Very_Coarse
18133,188,78,0,507780.37036798423,4596469.980116027,851.8096073242187,860.855784,0.3048,13.716,Mixed_Coarse
18133,188,78,0,507780.37036798423,4596469.980116027,844.6468073242188,860.855784,13.716,14.6304,Mixed_Fine
18133,188,78,1,507780.37036798423,4596469.980116027,837.7888073242187,860.855784,14.6304,27.432,Mixed_Fine
18133,188,78,1,507780.37036798423,4596469.980116027,830.7784073242187,860.855784,27.432,28.6512,Mixed_Coarse
18133,188,78,1,507780.37036798423,4596469.980116027,827.1208073242187,860.855784,28.6512,34.7472,Very_Coarse
18133,188,78,1,507780.37036798423,4596469.980116027,823.6156073242188,860.855784,34.7472,35.6616,Mixed_Coarse
18133,188,78,1,507780.37036798423,4596469.980116027,822.7012073242188,860.855784,35.6616,36.576,Very_Coarse
18136,75,99,0,509888.5702910322,4607763.432585081,824.8540146484376,828.84264,0.0,4.572,Mixed_Fine
18136,75,99,0,509888.5702910322,4607763.432585081,821.8060146484376,828.84264,4.572,6.096,Mixed_Coarse
18136,75,99,0,509888.5702910322,4607763.432585081,814.9480146484375,828.84264,6.096,18.288,Mixed_Coarse
18136,75,99,1,509888.5702910322,4607763.432585081,807.3280146484375,828.84264,18.288,21.336,Mixed_Coarse
18136,75,99,1,509888.5702910322,4607763.432585081,801.2320146484375,828.84264,21.336,30.48,Mixed_Coarse
18136,75,99,1,509888.5702910322,4607763.432585081,795.8980146484375,828.84264,30.48,32.004,Mixed_Fine
18136,75,99,1,509888.5702910322,4607763.432585081,794.3740146484375,828.84264,32.004,33.528,Mixed_Fine
18136,75,99,1,509888.5702910322,4607763.432585081,790.5640146484375,828.84264,33.528,39.624,Mixed_Coarse
18136,75,99,1,509888.5702910322,4607763.432585081,779.8960146484375,828.84264,42.672,51.816,Mixed_Fine
18143,271,94,0,509435.1900269065,4588223.501885015,937.8307853515626,943.53888,0.3048,9.7536,Mixed_Coarse
18148,189,62,0,506190.83839947195,4596422.715132296,907.3760244140625,927.229032,0.0,3.048,Mixed_Fine
18148,189,62,0,506190.83839947195,4596422.715132296,902.8040244140625,927.229032,3.048,9.144,Mixed_Fine
18148,189,62,0,506190.83839947195,4596422.715132296,896.7080244140625,927.229032,9.144,15.24,Mixed_Coarse
18148,189,62,1,506190.83839947195,4596422.715132296,892.1360244140625,927.229032,15.24,18.288,Mixed_Coarse
18148,189,62,1,506190.83839947195,4596422.715132296,889.0880244140625,927.229032,18.288,21.336,Mixed_Coarse
18148,189,62,1,506190.83839947195,4596422.715132296,884.5160244140625,927.229032,21.336,27.432,Very_Coarse
18148,189,62,1,506190.83839947195,4596422.715132296,880.4012244140625,927.229032,27.432,29.5656,Fine
18149,254,78,0,507864.51934440294,4589870.2220706735,944.6319926757812,944.9562,0.0,6.096,Mixed_Coarse
18149,254,78,0,507864.51934440294,4589870.2220706735,936.8595926757813,944.9562,6.096,15.5448,Mixed_Coarse
18149,254,78,1,507864.51934440294,4589870.2220706735,929.0871926757812,944.9562,15.5448,21.6408,Mixed_Coarse
18149,254,78,1,507864.51934440294,4589870.2220706735,924.9723926757813,944.9562,21.6408,23.7744,Mixed_Coarse
18149,254,78,1,507864.51934440294,4589870.2220706735,920.5527926757812,944.9562,23.7744,30.48,Mixed_Fine
18151,222,171,0,517079.2011685037,4593100.350642564,938.7976122070313,959.074536,0.0,0.3048,Mixed_Fine
18151,222,171,0,517079.2011685037,4593100.350642564,934.9876122070312,959.074536,0.3048,7.62,Mixed_Fine
18151,222,171,0,517079.2011685037,4593100.350642564,930.5680122070313,959.074536,7.62,9.144,Mixed_Coarse
18151,222,171,0,517079.2011685037,4593100.350642564,928.2820122070312,959.074536,9.144,12.192,Mixed_Fine
18151,222,171,0,517079.2011685037,4593100.350642564,925.2340122070312,959.074536,12.192,15.24,Mixed_Coarse
18151,222,171,1,517079.2011685037,4593100.350642564,919.1380122070312,959.074536,15.24,24.384,Fine
18153,324,147,0,514701.7680453959,4582831.244084962,876.6060048828125,874.001808,0.0,3.048,Mixed_Coarse
18153,324,147,0,514701.7680453959,4582831.244084962,874.3200048828126,874.001808,3.048,4.572,Sand
18153,324,147,0,514701.7680453959,4582831.244084962,872.0340048828125,874.001808,4.572,7.62,Mixed_Fine
18153,324,147,0,514701.7680453959,4582831.244084962,869.4432048828126,874.001808,7.62,9.7536,Very_Coarse
18153,324,147,0,514701.7680453959,4582831.244084962,867.7668048828125,874.001808,9.7536,10.9728,Sand
18153,324,147,0,514701.7680453959,4582831.244084962,866.0904048828125,874.001808,10.9728,13.1064,Mixed_Coarse
18153,324,147,0,514701.7680453959,4582831.244084962,864.2616048828125,874.001808,13.1064,14.6304,Mixed_Fine
18153,324,147,1,514701.7680453959,4582831.244084962,861.6708048828125,874.001808,14.6304,18.288,Mixed_Coarse
18153,324,147,1,514701.7680453959,4582831.244084962,859.5372048828125,874.001808,18.288,18.8976,Very_Coarse
18153,324,147,1,514701.7680453959,4582831.244084962,858.3180048828125,874.001808,18.8976,20.7264,Very_Coarse
18153,324,147,1,514701.7680453959,4582831.244084962,857.0988048828125,874.001808,20.7264,21.336,Very_Coarse
18153,324,147,1,514701.7680453959,4582831.244084962,856.4892048828125,874.001808,21.336,21.9456,Very_Coarse
18153,324,147,1,514701.7680453959,4582831.244084962,854.0508048828125,874.001808,21.9456,26.2128,Very_Coarse
18154,145,140,0,513980.3821234594,4600757.229649837,831.99601953125,833.652384,0.0,3.048,Mixed_Fine
18154,145,140,0,513980.3821234594,4600757.229649837,828.64321953125,833.652384,3.048,6.7056,Mixed_Fine
18154,145,140,0,513980.3821234594,4600757.229649837,826.66201953125,833.652384,6.7056,7.0104,Mixed_Coarse
18154,145,140,1,513980.3821234594,4600757.229649837,815.53681953125,833.652384,7.0104,28.956,Mixed_Fine
18154,145,140,1,513980.3821234594,4600757.229649837,803.80201953125,833.652384,28.956,30.48,Mixed_Fine
18154,145,140,1,513980.3821234594,4600757.229649837,798.31561953125,833.652384,30.48,39.9288,Mixed_Fine
18154,145,140,1,513980.3821234594,4600757.229649837,792.21961953125,833.652384,39.9288,42.672,Very_Coarse
18154,145,140,1,513980.3821234594,4600757.229649837,788.86681953125,833.652384,42.672,46.6344,Very_Coarse
18154,145,140,1,513980.3821234594,4600757.229649837,785.81881953125,833.652384,46.6344,48.768,Very_Coarse
18160,172,126,0,512676.29753823165,4598089.992460553,831.953990234375,834.700896,0.0,4.572,Mixed_Fine
18160,172,126,1,512676.29753823165,4598089.992460553,815.647190234375,834.700896,4.572,32.6136,Sand
18160,172,126,1,512676.29753823165,4598089.992460553,799.035590234375,834.700896,32.6136,37.7952,Mixed_Coarse
18160,172,126,1,512676.29753823165,4598089.992460553,779.985590234375,834.700896,37.7952,70.7136,Sand
18161,90,119,0,511913.1644399113,4606312.008010773,828.5428,828.607944,0.0,0.9144,Mixed_Fine
18161,90,119,0,511913.1644399113,4606312.008010773,825.0376,828.607944,0.9144,7.0104,Mixed_Coarse
18161,90,119,0,511913.1644399113,4606312.008010773,821.0752,828.607944,7.0104,8.8392,Mixed_Fine
18161,90,119,1,511913.1644399113,4606312.008010773,804.7684,828.607944,8.8392,39.624,Mixed_Fine
18161,90,119,1,511913.1644399113,4606312.008010773,788.614,828.607944,39.624,41.148,Sand
18161,90,119,1,511913.1644399113,4606312.008010773,786.6328,828.607944,41.148,43.5864,Mixed_Coarse
18161,90,119,1,511913.1644399113,4606312.008010773,784.6516,828.607944,43.5864,45.1104,Fine
18161,90,119,1,511913.1644399113,4606312.008010773,782.6704,828.607944,45.1104,47.5488,Fine
18161,90,119,1,511913.1644399113,4606312.008010773,781.1464,828.607944,47.5488,48.1584,Fine
18162,174,71,0,507108.99703020876,4597859.790149657,848.0563951171875,863.577648,12.192,14.9352,Very_Coarse
18162,174,71,1,507108.99703020876,4597859.790149657,845.7703951171875,863.577648,14.9352,16.764,Mixed_Coarse
18162,174,71,1,507108.99703020876,4597859.790149657,842.5699951171875,863.577648,16.764,21.336,Very_Coarse
18162,174,71,1,507108.99703020876,4597859.790149657,837.2359951171875,863.577648,21.336,27.432,Mixed_Coarse
18162,174,71,1,507108.99703020876,4597859.790149657,831.9019951171875,863.577648,27.432,32.004,Mixed_Fine
18164,75,78,0,507779.11087197636,4607810.688190629,836.3103829101562,835.063608,0.0,1.2192,Mixed_Fine
18164,75,78,0,507779.11087197636,4607810.688190629,834.7863829101562,835.063608,1.2192,3.048,Mixed_Fine
18164,75,78,0,507779.11087197636,4607810.688190629,832.8051829101563,835.063608,3.048,5.1816,Mixed_Fine
18164,75,78,0,507779.11087197636,4607810.688190629,830.6715829101563,835.063608,5.1816,7.3152,Very_Coarse
18164,75,78,0,507779.11087197636,4607810.688190629,827.4711829101562,835.063608,7.3152,11.5824,Fine
18164,75,78,0,507779.11087197636,4607810.688190629,824.8803829101563,835.063608,11.5824,12.4968,Fine
18164,75,78,0,507779.11087197636,4607810.688190629,821.9847829101562,835.063608,12.4968,17.3736,Fine
18164,75,78,1,507779.11087197636,4607810.688190629,819.2415829101562,835.063608,17.3736,17.9832,Fine
18164,75,78,1,507779.11087197636,4607810.688190629,815.7363829101563,835.063608,17.9832,24.384,Fine
18166,87,134,1,513401.36239770614,4606618.749835329,813.2447877929687,836.61504,19.2024,25.908,Very_Coarse
18166,87,134,1,513401.36239770614,4606618.749835329,804.5579877929688,836.61504,25.908,36.576,Very_Coarse
18166,87,134,1,513401.36239770614,4606618.749835329,798.9191877929687,836.61504,36.576,37.1856,Very_Coarse
18166,87,134,1,513401.36239770614,4606618.749835329,795.1091877929688,836.61504,37.1856,44.196,Very_Coarse
18166,87,134,1,513401.36239770614,4606618.749835329,786.2699877929688,836.61504,44.196,54.864,Very_Coarse
18166,87,134,1,513401.36239770614,4606618.749835329,780.7835877929688,836.61504,54.864,55.1688,Very_Coarse
18166,87,134,1,513401.36239770614,4606618.749835329,779.2595877929688,836.61504,55.1688,57.912,Very_Coarse
18166,87,134,1,513401.36239770614,4606618.749835329,777.7355877929688,836.61504,57.912,58.2168,Very_Coarse
18166,87,134,1,513401.36239770614,4606618.749835329,775.4495877929687,836.61504,58.2168,62.484,Very_Coarse
18177,334,111,0,511089.66307527386,4581888.037269546,914.127629296875,912.107904,0.0,0.3048,Mixed_Fine
18177,334,111,0,511089.66307527386,4581888.037269546,913.518029296875,912.107904,0.3048,1.2192,Mixed_Fine
18177,334,111,0,511089.66307527386,4581888.037269546,910.622429296875,912.107904,1.2192,6.096,Fine
18177,334,111,0,511089.66307527386,4581888.037269546,907.574429296875,912.107904,6.096,7.3152,Fine
18177,334,111,0,511089.66307527386,4581888.037269546,906.812429296875,912.107904,7.3152,7.62,Fine
18177,334,111,0,511089.66307527386,4581888.037269546,899.802029296875,912.107904,7.62,21.336,Fine
18177,334,111,1,511089.66307527386,4581888.037269546,892.639229296875,912.107904,21.336,21.9456,Fine
18177,334,111,1,511089.66307527386,4581888.037269546,886.543229296875,912.107904,21.9456,33.528,Fine
18177,334,111,1,511089.66307527386,4581888.037269546,880.447229296875,912.107904,33.528,34.1376,Fine
18177,334,111,1,511089.66307527386,4581888.037269546,875.875229296875,912.107904,34.1376,42.672,Fine
18179,183,79,0,507933.53819121624,4597029.056130475,852.2107926757812,854.150184,0.0,2.4384,Mixed_Fine
18179,183,79,0,507933.53819121624,4597029.056130475,849.4675926757812,854.150184,2.4384,5.4864,Sand
18179,183,79,0,507933.53819121624,4597029.056130475,847.6387926757812,854.150184,5.4864,6.096,Mixed_Fine
18179,183,79,0,507933.53819121624,4597029.056130475,842.7619926757812,854.150184,6.096,15.24,Sand
18179,183,79,1,507933.53819121624,4597029.056130475,837.8851926757812,854.150184,15.24,15.8496,Mixed_Fine
18179,183,79,1,507933.53819121624,4597029.056130475,836.3611926757812,854.150184,15.8496,18.288,Sand
18179,183,79,1,507933.53819121624,4597029.056130475,834.5323926757812,854.150184,18.288,19.5072,Mixed_Fine
18179,183,79,1,507933.53819121624,4597029.056130475,832.2463926757813,854.150184,19.5072,22.86,Sand
18179,183,79,1,507933.53819121624,4597029.056130475,830.1127926757813,854.150184,22.86,23.7744,Mixed_Fine
18179,183,79,1,507933.53819121624,4597029.056130475,826.3027926757812,854.150184,23.7744,30.48,Sand
18188,320,108,0,510864.2259523796,4583254.797342331,878.372429296875,885.541536,3.048,4.2672,Sand
18188,320,108,0,510864.2259523796,4583254.797342331,876.696029296875,885.541536,4.2672,6.4008,Mixed_Fine
18188,320,108,0,510864.2259523796,4583254.797342331,874.257629296875,885.541536,6.4008,9.144,Mixed_Fine
18188,320,108,0,510864.2259523796,4583254.797342331,871.362029296875,885.541536,9.144,12.192,Fine
18189,260,107,0,510709.75949764973,4589328.475555066,863.018029296875,864.613968,0.0,1.524,Mixed_Fine
18189,260,107,0,510709.75949764973,4589328.475555066,860.274829296875,864.613968,1.524,5.4864,Sand
18189,260,107,0,510709.75949764973,4589328.475555066,858.141229296875,864.613968,5.4864,5.7912,Sand
18189,260,107,0,510709.75949764973,4589328.475555066,857.379229296875,864.613968,5.7912,7.0104,Mixed_Fine
18189,260,107,0,510709.75949764973,4589328.475555066,851.130829296875,864.613968,7.0104,18.288,Mixed_Fine
18189,260,107,1,510709.75949764973,4589328.475555066,844.272829296875,864.613968,18.288,20.7264,Sand
18189,260,107,1,510709.75949764973,4589328.475555066,842.444029296875,864.613968,20.7264,21.9456,Mixed_Fine
18189,260,107,1,510709.75949764973,4589328.475555066,840.615229296875,864.613968,21.9456,24.384,Sand
18190,112,118,0,511829.7460212466,4604094.761650458,828.5540268554688,832.472808,0.0,4.572,Mixed_Fine
18190,112,118,0,511829.7460212466,4604094.761650458,823.0676268554688,832.472808,4.572,10.9728,Sand
18190,112,118,0,511829.7460212466,4604094.761650458,817.4288268554687,832.472808,10.9728,15.8496,Sand
18190,112,118,1,511829.7460212466,4604094.761650458,814.5332268554688,832.472808,15.8496,16.764,Mixed_Fine
18190,112,118,1,511829.7460212466,4604094.761650458,811.7900268554688,832.472808,16.764,21.336,Sand
18190,112,118,1,511829.7460212466,4604094.761650458,809.1992268554687,832.472808,21.336,21.9456,Mixed_Fine
18190,112,118,1,511829.7460212466,4604094.761650458,807.0656268554687,832.472808,21.9456,25.6032,Sand
18190,112,118,1,511829.7460212466,4604094.761650458,804.6272268554687,832.472808,25.6032,26.8224,Mixed_Fine
18190,112,118,1,511829.7460212466,4604094.761650458,799.1408268554687,832.472808,26.8224,36.576,Sand
18191,334,111,0,511089.66307527386,4581888.037269546,913.060829296875,912.107904,0.0,2.4384,Mixed_Fine
18191,334,111,0,511089.66307527386,4581888.037269546,909.250829296875,912.107904,2.4384,7.62,Mixed_Fine
18191,334,111,0,511089.66307527386,4581888.037269546,905.898029296875,912.107904,7.62,9.144,Mixed_Coarse
18191,334,111,0,511089.66307527386,4581888.037269546,902.850029296875,912.107904,9.144,13.716,Mixed_Fine
18191,334,111,0,511089.66307527386,4581888.037269546,899.802029296875,912.107904,13.716,15.24,Fine
18191,334,111,1,511089.66307527386,4581888.037269546,897.973229296875,912.107904,15.24,17.3736,Very_Coarse
18191,334,111,1,511089.66307527386,4581888.037269546,895.687229296875,912.107904,17.3736,19.812,Fine
18191,334,111,1,511089.66307527386,4581888.037269546,892.944029296875,912.107904,19.812,22.86,Very_Coarse
18191,334,111,1,511089.66307527386,4581888.037269546,889.896029296875,912.107904,22.86,25.908,Fine
18191,334,111,1,511089.66307527386,4581888.037269546,886.086029296875,912.107904,25.908,30.48,Very_Coarse
18192,204,136,0,513670.45115405926,4594872.451407575,843.1556073242187,845.993736,0.0,1.8288,Mixed_Fine
18192,204,136,0,513670.45115405926,4594872.451407575,839.4980073242187,845.993736,1.8288,7.3152,Mixed_Fine
18192,204,136,0,513670.45115405926,4594872.451407575,836.4500073242187,845.993736,7.3152,7.9248,Mixed_Coarse
18192,204,136,0,513670.45115405926,4594872.451407575,835.8404073242187,845.993736,7.9248,8.5344,Mixed_Fine
18192,204,136,0,513670.45115405926,4594872.451407575,835.2308073242187,845.993736,8.5344,9.144,Mixed_Coarse
18192,204,136,0,513670.45115405926,4594872.451407575,833.4020073242187,845.993736,9.144,12.192,Mixed_Fine
18192,204,136,0,513670.45115405926,4594872.451407575,831.2684073242187,845.993736,12.192,13.4112,Mixed_Coarse
18192,204,136,1,513670.45115405926,4594872.451407575,828.8300073242187,845.993736,13.4112,17.0688,Mixed_Fine
18192,204,136,1,513670.45115405926,4594872.451407575,826.3916073242187,845.993736,17.0688,18.288,Mixed_Coarse
18192,204,136,1,513670.45115405926,4594872.451407575,824.2580073242187,845.993736,18.288,21.336,Mixed_Fine
18192,204,136,1,513670.45115405926,4594872.451407575,822.4292073242187,845.993736,21.336,21.9456,Mixed_Coarse
18192,204,136,1,513670.45115405926,4594872.451407575,819.9908073242187,845.993736,21.9456,26.2128,Mixed_Fine
18192,204,136,1,513670.45115405926,4594872.451407575,817.5524073242187,845.993736,26.2128,26.8224,Mixed_Coarse
18192,204,136,1,513670.45115405926,4594872.451407575,816.9428073242187,845.993736,26.8224,27.432,Mixed_Fine
18192,204,136,1,513670.45115405926,4594872.451407575,812.3708073242187,845.993736,27.432,35.9664,Very_Coarse
18192,204,136,1,513670.45115405926,4594872.451407575,807.1892073242187,845.993736,35.9664,37.7952,Very_Coarse
18193,156,77,0,507697.84286425676,4599671.65433538,856.627629296875,858.460056,0.0,0.3048,Mixed_Fine
18193,156,77,0,507697.84286425676,4599671.65433538,853.884429296875,858.460056,0.3048,5.4864,Very_Coarse
18193,156,77,0,507697.84286425676,4599671.65433538,850.988829296875,858.460056,5.4864,6.096,Mixed_Fine
18193,156,77,0,507697.84286425676,4599671.65433538,849.160029296875,858.460056,6.096,9.144,Very_Coarse
18193,156,77,0,507697.84286425676,4599671.65433538,846.721629296875,858.460056,9.144,10.9728,Mixed_Fine
18193,156,77,1,507697.84286425676,4599671.65433538,841.082829296875,858.460056,10.9728,20.4216,Mixed_Coarse
18193,156,77,1,507697.84286425676,4599671.65433538,836.053629296875,858.460056,20.4216,21.0312,Mixed_Fine
18193,156,77,1,507697.84286425676,4599671.65433538,835.139229296875,858.460056,21.0312,22.2504,Fine
18197,66,91,0,509155.89958187134,4608669.398804877,828.5252170898437,831.393816,0.0,0.6096,Mixed_Fine
18197,66,91,0,509155.89958187134,4608669.398804877,825.3248170898438,831.393816,0.6096,6.4008,Mixed_Fine
18197,66,91,0,509155.89958187134,4608669.398804877,822.2768170898438,831.393816,6.4008,6.7056,Mixed_Coarse
18197,66,91,0,509155.89958187134,4608669.398804877,818.7716170898437,831.393816,6.7056,13.4112,Mixed_Fine
18197,66,91,0,509155.89958187134,4608669.398804877,815.2664170898438,831.393816,13.4112,13.716,Mixed_Coarse
18197,66,91,1,509155.89958187134,4608669.398804877,813.2852170898437,831.393816,13.716,17.3736,Mixed_Fine
18197,66,91,1,509155.89958187134,4608669.398804877,810.9992170898438,831.393816,17.3736,18.288,Mixed_Coarse
18197,66,91,1,509155.89958187134,4608669.398804877,806.7320170898438,831.393816,18.288,25.908,Mixed_Fine
18197,66,91,1,509155.89958187134,4608669.398804877,802.7696170898438,831.393816,25.908,26.2128,Mixed_Coarse
18197,66,91,1,509155.89958187134,4608669.398804877,800.4836170898437,831.393816,26.2128,30.48,Mixed_Fine
18197,66,91,1,509155.89958187134,4608669.398804877,798.0452170898437,831.393816,30.48,31.0896,Mixed_Coarse
18197,66,91,1,509155.89958187134,4608669.398804877,794.9972170898437,831.393816,31.0896,36.576,Mixed_Fine
18197,66,91,1,509155.89958187134,4608669.398804877,791.9492170898437,831.393816,36.576,37.1856,Mixed_Coarse
18197,66,91,1,509155.89958187134,4608669.398804877,789.6632170898438,831.393816,37.1856,41.148,Mixed_Fine
18197,66,91,1,509155.89958187134,4608669.398804877,787.3772170898437,831.393816,41.148,41.7576,Mixed_Coarse
18197,66,91,1,509155.89958187134,4608669.398804877,786.6152170898438,831.393816,41.7576,42.672,Fine
18199,241,152,0,515184.1483746527,4591216.608204416,875.62038046875,875.138712,0.0,1.2192,Mixed_Fine
18199,241,152,0,515184.1483746527,4591216.608204416,863.42838046875,875.138712,1.2192,24.384,Mixed_Fine
18199,241,152,1,515184.1483746527,4591216.608204416,842.70198046875,875.138712,24.384,42.672,Very_Coarse
18199,241,152,1,515184.1483746527,4591216.608204416,832.03398046875,875.138712,42.672,45.72,Very_Coarse
18199,241,152,1,515184.1483746527,4591216.608204416,827.46198046875,875.138712,45.72,51.816,Very_Coarse
18199,241,152,1,515184.1483746527,4591216.608204416,822.88998046875,875.138712,51.816,54.864,Very_Coarse
18199,241,152,1,515184.1483746527,4591216.608204416,818.31798046875,875.138712,54.864,60.96,Very_Coarse
18199,241,152,1,515184.1483746527,4591216.608204416,812.22198046875,875.138712,60.96,67.056,Very_Coarse
18200,186,83,0,508375.1036685898,4596685.305349798,850.0028219726563,851.406984,0.0,0.9144,Mixed_Fine
18200,186,83,0,508375.1036685898,4596685.305349798,847.7168219726562,851.406984,0.9144,4.572,Mixed_Fine
18200,186,83,0,508375.1036685898,4596685.305349798,845.1260219726563,851.406984,4.572,6.096,Mixed_Fine
18200,186,83,0,508375.1036685898,4596685.305349798,844.0592219726562,851.406984,6.096,6.7056,Sand
18200,186,83,0,508375.1036685898,4596685.305349798,841.0112219726562,851.406984,6.7056,12.192,Mixed_Fine
18200,186,83,0,508375.1036685898,4596685.305349798,837.5060219726563,851.406984,12.192,13.716,Sand
18200,186,83,1,508375.1036685898,4596685.305349798,831.4100219726563,851.406984,13.716,24.384,Mixed_Fine
18200,186,83,1,508375.1036685898,4596685.305349798,823.0280219726562,851.406984,24.384,30.48,Sand
18206,248,85,0,508557.8015227478,4590446.894991821,879.3559975585938,890.430528,4.572,21.336,Mixed_Coarse
18206,248,85,1,508557.8015227478,4590446.894991821,867.9259975585937,890.430528,21.336,27.432,Mixed_Fine
18206,248,85,1,508557.8015227478,4590446.894991821,858.7819975585937,890.430528,27.432,39.624,Mixed_Fine
18206,248,85,1,508557.8015227478,4590446.894991821,849.6379975585937,890.430528,39.624,45.72,Mixed_Fine
18206,248,85,1,508557.8015227478,4590446.894991821,844.4563975585937,890.430528,45.72,49.9872,Mixed_Fine
18208,173,62,0,506190.8684763914,4598027.438081402,870.6031829101563,874.855248,0.0,2.1336,Very_Coarse
18208,173,62,0,506190.8684763914,4598027.438081402,867.5551829101563,874.855248,2.1336,6.096,Mixed_Fine
18208,173,62,0,506190.8684763914,4598027.438081402,862.5259829101562,874.855248,6.096,12.192,Very_Coarse
18208,173,62,0,506190.8684763914,4598027.438081402,858.4111829101563,874.855248,12.192,14.3256,Mixed_Fine
18208,173,62,0,506190.8684763914,4598027.438081402,856.7347829101562,874.855248,14.3256,15.5448,Very_Coarse
18208,173,62,1,506190.8684763914,4598027.438081402,854.7535829101563,874.855248,15.5448,18.288,Mixed_Fine
18208,173,62,1,506190.8684763914,4598027.438081402,844.2379829101562,874.855248,18.288,36.576,Very_Coarse
18211,192,80,0,507990.68862341234,4596034.848923036,854.41721953125,859.55124,0.0,6.7056,Sand
18211,192,80,0,507990.68862341234,4596034.848923036,850.15001953125,859.55124,6.7056,8.5344,Very_Coarse
18211,192,80,1,507990.68862341234,4596034.848923036,840.24401953125,859.55124,8.5344,26.5176,Sand
18211,192,80,1,507990.68862341234,4596034.848923036,829.88081953125,859.55124,26.5176,29.2608,Mixed_Coarse
18211,192,80,1,507990.68862341234,4596034.848923036,827.59481953125,859.55124,29.2608,31.0896,Mixed_Coarse
18212,173,71,0,507125.5539873986,4597937.942313032,857.3984170898437,864.42804,0.0,10.3632,Mixed_Coarse
18212,173,71,0,507125.5539873986,4597937.942313032,849.9308170898438,864.42804,10.3632,14.9352,Mixed_Coarse
18212,173,71,1,507125.5539873986,4597937.942313032,839.4152170898437,864.42804,14.9352,31.3944,Mixed_Coarse
18219,271,78,0,507842.06099961634,4588207.961958646,936.1471975585938,943.285896,0.0,14.3256,Mixed_Fine
18219,271,78,1,507842.06099961634,4588207.961958646,927.0031975585938,943.285896,14.3256,18.288,Mixed_Coarse
18219,271,78,1,507842.06099961634,4588207.961958646,917.4019975585937,943.285896,18.288,33.528,Mixed_Coarse
18219,271,78,1,507842.06099961634,4588207.961958646,907.4959975585938,943.285896,33.528,38.1,Very_Coarse
18219,271,78,1,507842.06099961634,4588207.961958646,901.3999975585938,943.285896,38.1,45.72,Very_Coarse
18219,271,78,1,507842.06099961634,4588207.961958646,890.7319975585938,943.285896,45.72,59.436,Mixed_Coarse
18223,420,164,0,516398.60759269824,4573317.090168398,959.067570703125,962.689464,0.0,0.3048,Very_Coarse
18223,420,164,0,516398.60759269824,4573317.090168398,957.848370703125,962.689464,0.3048,2.4384,Very_Coarse
18223,420,164,0,516398.60759269824,4573317.090168398,956.476770703125,962.689464,2.4384,3.048,Very_Coarse
18223,420,164,0,516398.60759269824,4573317.090168398,956.019570703125,962.689464,3.048,3.3528,Very_Coarse
18223,420,164,0,516398.60759269824,4573317.090168398,952.971570703125,962.689464,3.3528,9.144,Very_Coarse
18223,420,164,0,516398.60759269824,4573317.090168398,947.789970703125,962.689464,9.144,13.716,Very_Coarse
18223,420,164,1,516398.60759269824,4573317.090168398,943.217970703125,962.689464,13.716,18.288,Very_Coarse
18225,259,107,0,510763.36486413155,4589355.077517857,862.040809765625,863.510592,0.0,2.4384,Mixed_Fine
18225,259,107,0,510763.36486413155,4589355.077517857,859.297609765625,863.510592,2.4384,5.4864,Sand
18225,259,107,0,510763.36486413155,4589355.077517857,857.621209765625,863.510592,5.4864,5.7912,Mixed_Fine
18225,259,107,0,510763.36486413155,4589355.077517857,854.573209765625,863.510592,5.7912,11.5824,Sand
18225,259,107,0,510763.36486413155,4589355.077517857,848.324809765625,863.510592,11.5824,18.288,Sand
18226,158,75,0,507528.37806733744,4599507.498387202,859.07758046875,860.261424,0.0,0.3048,Mixed_Fine
18226,158,75,0,507528.37806733744,4599507.498387202,857.24878046875,860.261424,0.3048,3.6576,Sand
18226,158,75,0,507528.37806733744,4599507.498387202,854.20078046875,860.261424,3.6576,6.4008,Sand
18226,158,75,0,507528.37806733744,4599507.498387202,852.67678046875,860.261424,6.4008,6.7056,Mixed_Fine
18226,158,75,0,507528.37806733744,4599507.498387202,848.40958046875,860.261424,6.7056,14.9352,Sand
18226,158,75,1,507528.37806733744,4599507.498387202,843.68518046875,860.261424,14.9352,16.1544,Mixed_Fine
18226,158,75,1,507528.37806733744,4599507.498387202,839.87518046875,860.261424,16.1544,22.5552,Sand
18226,158,75,1,507528.37806733744,4599507.498387202,835.91278046875,860.261424,22.5552,24.0792,Mixed_Fine
18226,158,75,1,507528.37806733744,4599507.498387202,831.95038046875,860.261424,24.0792,30.48,Sand
18228,93,117,0,511724.1516119928,4605975.635014602,823.2272170898437,826.898016,0.0,6.7056,Mixed_Coarse
18229,93,117,0,511724.1516119928,4605975.635014602,824.7512170898437,826.898016,0.0,3.6576,Mixed_Fine
18229,93,117,0,511724.1516119928,4605975.635014602,821.0936170898437,826.898016,3.6576,7.3152,Mixed_Coarse
18230,93,117,0,511724.1516119928,4605975.635014602,822.9224170898437,826.898016,0.0,7.3152,Mixed_Coarse
18235,94,17,0,501766.0997685232,4605850.664843902,877.5479975585938,863.400864,0.0,1.524,Mixed_Fine
18235,94,17,0,501766.0997685232,4605850.664843902,875.2619975585937,863.400864,1.524,4.572,Mixed_Fine
18235,94,17,0,501766.0997685232,4605850.664843902,873.4331975585937,863.400864,4.572,5.1816,Very_Coarse
18235,94,17,0,501766.0997685232,4605850.664843902,872.8235975585937,863.400864,5.1816,5.7912,Mixed_Fine
18235,94,17,0,501766.0997685232,4605850.664843902,871.4519975585938,863.400864,5.7912,7.9248,Sand
18235,94,17,0,501766.0997685232,4605850.664843902,869.7755975585937,863.400864,7.9248,9.144,Mixed_Fine
18235,94,17,0,501766.0997685232,4605850.664843902,867.9467975585937,863.400864,9.144,11.5824,Mixed_Fine
18235,94,17,0,501766.0997685232,4605850.664843902,866.1179975585937,863.400864,11.5824,12.8016,Very_Coarse
18235,94,17,1,501766.0997685232,4605850.664843902,862.7651975585937,863.400864,12.8016,18.288,Fine
18239,61,85,0,508535.5979840148,4609155.910117759,829.4856244140625,835.246488,0.0,1.8288,Mixed_Fine
18239,61,85,0,508535.5979840148,4609155.910117759,824.9136244140625,835.246488,1.8288,9.144,Mixed_Fine
18239,61,85,0,508535.5979840148,4609155.910117759,820.4940244140626,835.246488,9.144,10.668,Mixed_Fine
18239,61,85,0,508535.5979840148,4609155.910117759,818.9700244140626,835.246488,10.668,12.192,Mixed_Fine
18239,61,85,1,508535.5979840148,4609155.910117759,809.0640244140625,835.246488,12.192,30.48,Mixed_Fine
18239,61,85,1,508535.5979840148,4609155.910117759,793.0620244140625,835.246488,30.48,44.196,Fine
18239,61,85,1,508535.5979840148,4609155.910117759,785.4420244140625,835.246488,44.196,45.72,Fine
18239,61,85,1,508535.5979840148,4609155.910117759,783.1560244140625,835.246488,45.72,48.768,Fine
18245,205,78,1,507787.3153270659,4594820.184075873,846.980029296875,867.756456,0.0,38.1,Mixed_Coarse
18247,187,80,0,508059.2884259355,4596548.50224139,854.6452122070312,855.963744,0.0,0.6096,Mixed_Fine
18247,187,80,0,508059.2884259355,4596548.50224139,850.5304122070313,855.963744,0.6096,8.2296,Mixed_Fine
18247,187,80,0,508059.2884259355,4596548.50224139,841.6912122070313,855.963744,8.2296,18.288,Mixed_Coarse
18247,187,80,1,508059.2884259355,4596548.50224139,832.0900122070312,855.963744,18.288,27.432,Mixed_Coarse
18247,187,80,1,508059.2884259355,4596548.50224139,825.9940122070312,855.963744,27.432,30.48,Mixed_Coarse
18249,152,83,0,508284.47711425077,4600117.485351287,850.5852146484375,853.964256,0.0,0.6096,Mixed_Fine
18249,152,83,0,508284.47711425077,4600117.485351287,844.4892146484375,853.964256,0.6096,12.192,Mixed_Fine
18249,152,83,0,508284.47711425077,4600117.485351287,838.3932146484375,853.964256,12.192,12.8016,Very_Coarse
18249,152,83,1,508284.47711425077,4600117.485351287,829.2492146484375,853.964256,12.8016,30.48,Fine
18249,152,83,1,508284.47711425077,4600117.485351287,818.1240146484375,853.964256,30.48,35.052,Fine
18249,152,83,1,508284.47711425077,4600117.485351287,812.0280146484375,853.964256,35.052,42.672,Fine
18252,228,165,0,516512.8577296209,4592467.669934506,894.5204048828125,896.124192,0.0,1.2192,Mixed_Fine
18252,228,165,0,516512.8577296209,4592467.669934506,888.4244048828125,896.124192,1.2192,12.192,Mixed_Fine
18252,228,165,1,516512.8577296209,4592467.669934506,879.8900048828125,896.124192,12.192,18.288,Mixed_Fine
18252,228,165,1,516512.8577296209,4592467.669934506,876.0800048828125,896.124192,18.288,19.812,Mixed_Coarse
18252,228,165,1,516512.8577296209,4592467.669934506,869.9840048828125,896.124192,19.812,30.48,Mixed_Fine
18252,228,165,1,516512.8577296209,4592467.669934506,862.3640048828125,896.124192,30.48,35.052,Mixed_Fine
18252,228,165,1,516512.8577296209,4592467.669934506,855.5060048828125,896.124192,35.052,44.196,Mixed_Fine
18252,228,165,1,516512.8577296209,4592467.669934506,849.4100048828125,896.124192,44.196,47.244,Very_Coarse
18252,228,165,1,516512.8577296209,4592467.669934506,846.3620048828125,896.124192,47.244,50.292,Very_Coarse
18258,271,78,0,507842.06099961634,4588207.961958646,942.0907975585937,943.285896,0.0,2.4384,Mixed_Fine
18258,271,78,0,507842.06099961634,4588207.961958646,933.7087975585938,943.285896,2.4384,16.764,Mixed_Fine
18258,271,78,1,507842.06099961634,4588207.961958646,921.9739975585937,943.285896,16.764,25.908,Mixed_Fine
18258,271,78,1,507842.06099961634,4588207.961958646,909.7819975585937,943.285896,25.908,41.148,Mixed_Coarse
18258,271,78,1,507842.06099961634,4588207.961958646,883.1119975585938,943.285896,41.148,79.248,Very_Coarse
18258,271,78,1,507842.06099961634,4588207.961958646,863.2999975585938,943.285896,79.248,80.772,Very_Coarse
18259,93,19,0,501951.00002296426,4605964.942348927,854.388409765625,855.381576,0.0,2.7432,Mixed_Fine
18259,93,19,0,501951.00002296426,4605964.942348927,849.511609765625,855.381576,2.7432,9.7536,Very_Coarse
18259,93,19,1,501951.00002296426,4605964.942348927,840.215209765625,855.381576,9.7536,21.336,Fine
18259,93,19,1,501951.00002296426,4605964.942348927,833.662009765625,855.381576,21.336,22.86,Fine
18259,93,19,1,501951.00002296426,4605964.942348927,829.852009765625,855.381576,22.86,28.956,Fine
18259,93,19,1,501951.00002296426,4605964.942348927,816.898009765625,855.381576,28.956,48.768,Fine
18260,172,62,0,506203.8628024891,4598059.311967431,858.9820219726563,875.169192,0.0,28.956,Mixed_Coarse
18260,172,62,1,506203.8628024891,4598059.311967431,842.9800219726562,875.169192,28.956,32.004,Mixed_Coarse
18261,170,65,0,506552.5311529997,4598240.560785639,858.0920073242188,873.669576,0.0,28.956,Mixed_Coarse
18261,170,65,1,506552.5311529997,4598240.560785639,842.0900073242187,873.669576,28.956,32.004,Mixed_Coarse
18265,278,78,0,507836.88282757194,4587436.30225387,931.1948122070313,937.27524,0.0,7.0104,Mixed_Fine
18265,278,78,1,507836.88282757194,4587436.30225387,919.0028122070313,937.27524,7.0104,24.384,Mixed_Fine
18265,278,78,1,507836.88282757194,4587436.30225387,907.2680122070312,937.27524,24.384,30.48,Mixed_Fine
18265,278,78,1,507836.88282757194,4587436.30225387,898.1240122070312,937.27524,30.48,42.672,Very_Coarse
18265,278,78,1,507836.88282757194,4587436.30225387,888.9800122070312,937.27524,42.672,48.768,Fine
18265,278,78,1,507836.88282757194,4587436.30225387,872.9780122070313,937.27524,48.768,74.676,Fine
18269,45,93,1,509372.26005285035,4610757.32568825,863.5196122070313,876.62004,25.908,41.4528,Very_Coarse
18269,45,93,1,509372.26005285035,4610757.32568825,849.8036122070313,876.62004,41.4528,53.34,Very_Coarse
18269,45,93,1,509372.26005285035,4610757.32568825,843.0980122070313,876.62004,53.34,54.864,Very_Coarse
18269,45,93,1,509372.26005285035,4610757.32568825,832.8872122070312,876.62004,54.864,73.7616,Very_Coarse
18270,64,205,0,520519.13472586207,4608870.592778243,878.3456048828125,886.745496,6.4008,10.668,Mixed_Coarse
18270,64,205,0,520519.13472586207,4608870.592778243,874.2308048828125,886.745496,10.668,14.6304,Mixed_Coarse
18270,64,205,1,520519.13472586207,4608870.592778243,863.7152048828125,886.745496,14.6304,31.6992,Very_Coarse
18274,303,158,0,515802.64818961394,4584970.635702909,911.8076219726563,913.07412,0.0,0.3048,Mixed_Fine
18274,303,158,0,515802.64818961394,4584970.635702909,909.0644219726563,913.07412,0.3048,5.4864,Mixed_Fine
18274,303,158,0,515802.64818961394,4584970.635702909,905.7116219726563,913.07412,5.4864,7.0104,Fine
18274,303,158,0,515802.64818961394,4584970.635702909,904.7972219726563,913.07412,7.0104,7.3152,Fine
18274,303,158,0,515802.64818961394,4584970.635702909,898.3964219726563,913.07412,7.3152,19.812,Fine
18274,303,158,1,515802.64818961394,4584970.635702909,891.8432219726562,913.07412,19.812,20.4216,Fine
18274,303,158,1,515802.64818961394,4584970.635702909,890.4716219726563,913.07412,20.4216,22.5552,Fine
18274,303,158,1,515802.64818961394,4584970.635702909,887.5760219726562,913.07412,22.5552,26.2128,Fine
18274,303,158,1,515802.64818961394,4584970.635702909,884.2232219726562,913.07412,26.2128,29.2608,Fine
18280,102,84,0,508414.5945019743,4605105.766848588,844.6119731445312,848.355936,0.0,6.096,Mixed_Fine
18280,102,84,0,508414.5945019743,4605105.766848588,836.9919731445312,848.355936,6.096,15.24,Mixed_Fine
18280,102,84,1,508414.5945019743,4605105.766848588,828.7623731445312,848.355936,15.24,22.5552,Mixed_Fine
18280,102,84,1,508414.5945019743,4605105.766848588,824.1903731445312,848.355936,22.5552,24.384,Fine
18287,39,97,0,509736.92670750176,4611345.241195606,869.455209765625,867.119424,0.0,0.6096,Mixed_Fine
18287,39,97,0,509736.92670750176,4611345.241195606,863.816409765625,867.119424,0.6096,11.2776,Mixed_Fine
18287,39,97,0,509736.92670750176,4611345.241195606,858.025209765625,867.119424,11.2776,12.192,Sand
18287,39,97,0,509736.92670750176,4611345.241195606,857.415609765625,867.119424,12.192,12.4968,Very_Coarse
18287,39,97,1,509736.92670750176,4611345.241195606,845.528409765625,867.119424,12.4968,35.9664,Fine
18287,39,97,1,509736.92670750176,4611345.241195606,833.184009765625,867.119424,35.9664,37.1856,Fine
18287,39,97,1,509736.92670750176,4611345.241195606,826.783209765625,867.119424,37.1856,48.768,Fine
18287,39,97,1,509736.92670750176,4611345.241195606,817.944009765625,867.119424,48.768,54.864,Fine
18287,39,97,1,509736.92670750176,4611345.241195606,811.848009765625,867.119424,54.864,60.96,Fine
18287,39,97,1,509736.92670750176,4611345.241195606,805.752009765625,867.119424,60.96,67.056,Fine
18287,39,97,1,509736.92670750176,4611345.241195606,799.656009765625,867.119424,67.056,73.152,Fine
18288,150,123,0,512299.9214436353,4600282.881152829,830.6708146484375,833.024496,0.0,2.4384,Mixed_Fine
18288,150,123,0,512299.9214436353,4600282.881152829,828.6896146484376,833.024496,2.4384,3.9624,Mixed_Fine
18288,150,123,0,512299.9214436353,4600282.881152829,827.7752146484376,833.024496,3.9624,4.2672,Sand
18288,150,123,0,512299.9214436353,4600282.881152829,827.0132146484375,833.024496,4.2672,5.4864,Mixed_Fine
18288,150,123,0,512299.9214436353,4600282.881152829,820.0028146484375,833.024496,5.4864,18.288,Sand
18288,150,123,1,512299.9214436353,4600282.881152829,807.5060146484375,833.024496,18.288,30.48,Sand
18288,150,123,1,512299.9214436353,4600282.881152829,798.3620146484375,833.024496,30.48,36.576,Mixed_Coarse
18289,126,15,0,501483.4000764382,4602692.666666953,921.4160024414062,925.634928,0.0,3.048,Mixed_Fine
18289,126,15,0,501483.4000764382,4602692.666666953,919.1300024414063,925.634928,3.048,4.572,Mixed_Fine
18289,126,15,0,501483.4000764382,4602692.666666953,917.6060024414063,925.634928,4.572,6.096,Mixed_Coarse
18289,126,15,0,501483.4000764382,4602692.666666953,913.7960024414062,925.634928,6.096,12.192,Mixed_Fine
18289,126,15,1,501483.4000764382,4602692.666666953,907.7000024414062,925.634928,12.192,18.288,Mixed_Fine
18289,126,15,1,501483.4000764382,4602692.666666953,904.4996024414063,925.634928,18.288,18.5928,Mixed_Coarse
18289,126,15,1,501483.4000764382,4602692.666666953,898.4036024414063,925.634928,18.5928,30.48,Mixed_Fine
18289,126,15,1,501483.4000764382,4602692.666666953,887.8880024414062,925.634928,30.48,39.624,Mixed_Fine
18289,126,15,1,501483.4000764382,4602692.666666953,878.7440024414062,925.634928,39.624,48.768,Fine
18289,126,15,1,501483.4000764382,4602692.666666953,873.4100024414063,925.634928,48.768,50.292,Fine
18290,65,188,0,518851.5242933728,4608741.022749672,906.0551853515625,901.91844,0.0,0.6096,Mixed_Fine
18290,65,188,0,518851.5242933728,4608741.022749672,899.9591853515625,901.91844,0.6096,12.192,Mixed_Fine
18290,65,188,0,518851.5242933728,4608741.022749672,894.0155853515625,901.91844,12.192,12.4968,Mixed_Fine
18290,65,188,1,518851.5242933728,4608741.022749672,884.8715853515625,901.91844,12.4968,30.48,Fine
18290,65,188,1,518851.5242933728,4608741.022749672,866.7359853515625,901.91844,30.48,48.768,Fine
18290,65,188,1,518851.5242933728,4608741.022749672,833.9699853515625,901.91844,48.768,96.012,Fine
18291,268,76,1,507609.51524754654,4588516.011226736,889.080029296875,967.837536,73.152,79.248,Very_Coarse
18291,268,76,1,507609.51524754654,4588516.011226736,873.840029296875,967.837536,79.248,103.632,Very_Coarse
18292,130,97,0,509757.9385445628,4602239.94612732,919.6728048828126,912.961344,0.0,0.9144,Mixed_Fine
18292,130,97,0,509757.9385445628,4602239.94612732,915.1008048828126,912.961344,0.9144,9.144,Mixed_Fine
18292,130,97,0,509757.9385445628,4602239.94612732,910.8336048828126,912.961344,9.144,9.4488,Mixed_Fine
18292,130,97,1,509757.9385445628,4602239.94612732,878.8296048828125,912.961344,9.4488,73.152,Fine
18301,218,71,0,507157.19554806885,4593497.070065562,889.822829296875,888.653544,0.0,0.9144,Mixed_Fine
18301,218,71,0,507157.19554806885,4593497.070065562,882.202829296875,888.653544,0.9144,15.24,Very_Coarse
18301,218,71,1,507157.19554806885,4593497.070065562,873.516029296875,888.653544,15.24,18.288,Fine
18301,218,71,1,507157.19554806885,4593497.070065562,871.230029296875,888.653544,18.288,19.812,Fine
18301,218,71,1,507157.19554806885,4593497.070065562,865.896029296875,888.653544,19.812,28.956,Fine
18301,218,71,1,507157.19554806885,4593497.070065562,860.562029296875,888.653544,28.956,30.48,Fine
18301,218,71,1,507157.19554806885,4593497.070065562,850.656029296875,888.653544,30.48,48.768,Fine
18315,200,135,0,513526.95316780685,4595270.408783078,853.963229296875,855.616272,0.0,2.1336,Mixed_Fine
18315,200,135,0,513526.95316780685,4595270.408783078,844.819229296875,855.616272,2.1336,18.288,Mixed_Fine
18315,200,135,1,513526.95316780685,4595270.408783078,836.437229296875,855.616272,18.288,18.8976,Fine
18315,200,135,1,513526.95316780685,4595270.408783078,828.055229296875,855.616272,18.8976,35.052,Fine
18315,200,135,1,513526.95316780685,4595270.408783078,819.216029296875,855.616272,35.052,36.576,Fine
18315,200,135,1,513526.95316780685,4595270.408783078,812.358029296875,855.616272,36.576,48.768,Fine
18324,154,60,0,505985.11548545904,4599894.399768992,876.3076219726563,878.689632,0.0,0.3048,Mixed_Fine
18324,154,60,0,505985.11548545904,4599894.399768992,874.7836219726563,878.689632,0.3048,3.048,Mixed_Coarse
18324,154,60,0,505985.11548545904,4599894.399768992,872.4976219726562,878.689632,3.048,4.8768,Mixed_Coarse
18324,154,60,0,505985.11548545904,4599894.399768992,869.4496219726562,878.689632,4.8768,9.144,Mixed_Coarse
18324,154,60,0,505985.11548545904,4599894.399768992,864.2680219726562,878.689632,9.144,15.24,Mixed_Fine
18324,154,60,1,505985.11548545904,4599894.399768992,858.1720219726562,878.689632,15.24,21.336,Mixed_Coarse
18324,154,60,1,505985.11548545904,4599894.399768992,853.6000219726562,878.689632,21.336,24.384,Mixed_Fine
18324,154,60,1,505985.11548545904,4599894.399768992,847.5040219726562,878.689632,24.384,33.528,Mixed_Fine
18324,154,60,1,505985.11548545904,4599894.399768992,841.4080219726562,878.689632,33.528,36.576,Very_Coarse
18325,159,74,0,507404.52106178994,4599349.721360964,860.0904122070312,862.199952,0.0,1.2192,Mixed_Fine
18325,159,74,0,507404.52106178994,4599349.721360964,857.8044122070313,862.199952,1.2192,4.572,Mixed_Coarse
18325,159,74,0,507404.52106178994,4599349.721360964,855.8232122070312,862.199952,4.572,5.1816,Mixed_Fine
18325,159,74,0,507404.52106178994,4599349.721360964,854.7564122070313,862.199952,5.1816,6.7056,Mixed_Coarse
18325,159,74,1,507404.52106178994,4599349.721360964,840.5832122070312,862.199952,6.7056,33.528,Mixed_Coarse
18325,159,74,1,507404.52106178994,4599349.721360964,825.6480122070312,862.199952,33.528,36.576,Mixed_Fine
18326,65,188,0,518851.5242933728,4608741.022749672,905.5979853515626,901.91844,0.0,1.524,Mixed_Fine
18326,65,188,0,518851.5242933728,4608741.022749672,899.5019853515626,901.91844,1.524,12.192,Mixed_Fine
18326,65,188,0,518851.5242933728,4608741.022749672,894.0155853515625,901.91844,12.192,12.4968,Mixed_Coarse
18326,65,188,0,518851.5242933728,4608741.022749672,892.4915853515625,901.91844,12.4968,15.24,Mixed_Fine
18326,65,188,1,518851.5242933728,4608741.022749672,889.5959853515625,901.91844,15.24,18.288,Fine
18326,65,188,1,518851.5242933728,4608741.022749672,863.6879853515625,901.91844,18.288,67.056,Fine
18326,65,188,1,518851.5242933728,4608741.022749672,833.2079853515625,901.91844,67.056,79.248,Fine
18327,180,76,0,507652.4472898602,4597236.9255664805,854.2476244140626,857.009208,0.0,0.3048,Mixed_Fine
18327,180,76,0,507652.4472898602,4597236.9255664805,851.3520244140625,857.009208,0.3048,5.7912,Mixed_Fine
18327,180,76,0,507652.4472898602,4597236.9255664805,848.4564244140626,857.009208,5.7912,6.096,Sand
18327,180,76,0,507652.4472898602,4597236.9255664805,846.7800244140625,857.009208,6.096,9.144,Mixed_Fine
18327,180,76,0,507652.4472898602,4597236.9255664805,843.7320244140625,857.009208,9.144,12.192,Mixed_Fine
18327,180,76,1,507652.4472898602,4597236.9255664805,835.3500244140625,857.009208,12.192,25.908,Mixed_Fine
18327,180,76,1,507652.4472898602,4597236.9255664805,826.9680244140625,857.009208,25.908,28.956,Mixed_Fine
18327,180,76,1,507652.4472898602,4597236.9255664805,824.6820244140625,857.009208,28.956,30.48,Mixed_Coarse
18327,180,76,1,507652.4472898602,4597236.9255664805,823.6152244140625,857.009208,30.48,31.0896,Mixed_Fine
18327,180,76,1,507652.4472898602,4597236.9255664805,821.0244244140625,857.009208,31.0896,35.6616,Mixed_Coarse
18327,180,76,1,507652.4472898602,4597236.9255664805,818.5860244140625,857.009208,35.6616,35.9664,Mixed_Fine
18327,180,76,1,507652.4472898602,4597236.9255664805,818.1288244140625,857.009208,35.9664,36.576,Mixed_Fine
18329,377,141,0,514157.6392575859,4577614.938676171,917.52278046875,918.3624,0.0,0.9144,Mixed_Fine
18329,377,141,0,514157.6392575859,4577614.938676171,912.95078046875,918.3624,0.9144,9.144,Mixed_Fine
18329,377,141,0,514157.6392575859,4577614.938676171,908.07398046875,918.3624,9.144,10.668,Very_Coarse
18329,377,141,0,514157.6392575859,4577614.938676171,906.54998046875,918.3624,10.668,12.192,Very_Coarse
18329,377,141,1,514157.6392575859,4577614.938676171,892.83398046875,918.3624,12.192,38.1,Very_Coarse
18329,377,141,1,514157.6392575859,4577614.938676171,879.72758046875,918.3624,38.1,38.4048,Very_Coarse
18329,377,141,1,514157.6392575859,4577614.938676171,879.27038046875,918.3624,38.4048,39.0144,Very_Coarse
18329,377,141,1,514157.6392575859,4577614.938676171,871.34558046875,918.3624,39.0144,54.2544,Very_Coarse
18329,377,141,1,514157.6392575859,4577614.938676171,863.42078046875,918.3624,54.2544,54.864,Very_Coarse
18329,377,141,1,514157.6392575859,4577614.938676171,853.97198046875,918.3624,54.864,73.152,Very_Coarse
18334,137,64,0,506393.47043562226,4601549.942423364,860.1427755859376,861.663504,0.0,0.9144,Mixed_Fine
18334,137,64,0,506393.47043562226,4601549.942423364,852.5227755859376,861.663504,0.9144,15.24,Mixed_Fine
18334,137,64,1,506393.47043562226,4601549.942423364,845.2075755859375,861.663504,15.24,15.5448,Very_Coarse
18334,137,64,1,506393.47043562226,4601549.942423364,839.1115755859375,861.663504,15.5448,27.432,Very_Coarse
18334,137,64,1,506393.47043562226,4601549.942423364,828.5959755859375,861.663504,27.432,36.576,Fine
18334,137,64,1,506393.47043562226,4601549.942423364,820.9759755859375,861.663504,36.576,42.672,Fine
18336,40,141,0,514083.9866353479,4611263.103236617,886.1676073242188,879.564408,0.0,0.3048,Mixed_Fine
18336,40,141,0,514083.9866353479,4611263.103236617,883.1196073242188,879.564408,0.3048,6.096,Very_Coarse
18336,40,141,1,514083.9866353479,4611263.103236617,871.0800073242187,879.564408,6.096,24.384,Mixed_Coarse
18336,40,141,1,514083.9866353479,4611263.103236617,858.8880073242187,879.564408,24.384,30.48,Mixed_Fine
18339,424,173,0,517338.74008360284,4572880.215161894,974.8739731445313,988.8474,0.9144,3.6576,Very_Coarse
18339,424,173,0,517338.74008360284,4572880.215161894,971.5211731445313,988.8474,3.6576,7.62,Very_Coarse
18339,424,173,0,517338.74008360284,4572880.215161894,969.3875731445313,988.8474,7.62,7.9248,Very_Coarse
18339,424,173,0,517338.74008360284,4572880.215161894,968.7779731445313,988.8474,7.9248,8.8392,Very_Coarse
18339,424,173,1,517338.74008360284,4572880.215161894,954.4523731445313,988.8474,8.8392,36.576,Very_Coarse
18339,424,173,1,517338.74008360284,4572880.215161894,939.8219731445313,988.8474,36.576,38.1,Very_Coarse
18339,424,173,1,517338.74008360284,4572880.215161894,921.5339731445313,988.8474,38.1,73.152,Very_Coarse
18343,320,108,0,510864.2259523796,4583254.797342331,881.268029296875,885.541536,0.0,1.524,Very_Coarse
18343,320,108,0,510864.2259523796,4583254.797342331,878.982029296875,885.541536,1.524,4.572,Very_Coarse
18343,320,108,0,510864.2259523796,4583254.797342331,876.543629296875,885.541536,4.572,6.4008,Very_Coarse
18343,320,108,0,510864.2259523796,4583254.797342331,872.733629296875,885.541536,6.4008,12.192,Very_Coarse
18343,320,108,0,510864.2259523796,4583254.797342331,869.533229296875,885.541536,12.192,12.8016,Very_Coarse
18343,320,108,1,510864.2259523796,4583254.797342331,865.723229296875,885.541536,12.8016,19.812,Very_Coarse
18343,320,108,1,510864.2259523796,4583254.797342331,861.456029296875,885.541536,19.812,21.336,Very_Coarse
18343,320,108,1,510864.2259523796,4583254.797342331,859.170029296875,885.541536,21.336,24.384,Sand
18343,320,108,1,510864.2259523796,4583254.797342331,854.598029296875,885.541536,24.384,30.48,Very_Coarse
18352,196,93,0,509349.2387595767,4595727.403205125,845.403170703125,847.17636,0.0,2.1336,Mixed_Fine
18352,196,93,0,509349.2387595767,4595727.403205125,842.050370703125,847.17636,2.1336,6.7056,Mixed_Fine
18352,196,93,1,509349.2387595767,4595727.403205125,830.925170703125,847.17636,6.7056,24.384,Sand
18352,196,93,1,509349.2387595767,4595727.403205125,811.417970703125,847.17636,24.384,45.72,Mixed_Coarse
18352,196,93,1,509349.2387595767,4595727.403205125,797.701970703125,847.17636,45.72,51.816,Mixed_Fine
18358,128,39,0,503911.6130265019,4602492.951281993,893.685190234375,894.545328,0.0,0.6096,Mixed_Fine
18358,128,39,0,503911.6130265019,4602492.951281993,890.179990234375,894.545328,0.6096,7.0104,Mixed_Fine
18358,128,39,0,503911.6130265019,4602492.951281993,886.827190234375,894.545328,7.0104,7.3152,Mixed_Coarse
18358,128,39,0,503911.6130265019,4602492.951281993,881.188390234375,894.545328,7.3152,18.288,Mixed_Fine
18358,128,39,1,503911.6130265019,4602492.951281993,873.415990234375,894.545328,18.288,22.86,Mixed_Coarse
18358,128,39,1,503911.6130265019,4602492.951281993,870.367990234375,894.545328,22.86,24.384,Mixed_Fine
18358,128,39,1,503911.6130265019,4602492.951281993,868.081990234375,894.545328,24.384,27.432,Mixed_Coarse
18358,128,39,1,503911.6130265019,4602492.951281993,865.033990234375,894.545328,27.432,30.48,Very_Coarse
18399,258,89,0,508951.88827608625,4589469.298600374,889.6219829101562,891.643632,0.0,6.096,Mixed_Coarse
18400,258,89,0,508942.578680991,4589480.610965104,892.1365829101562,891.817368,0.0,1.0668,Mixed_Fine
18400,258,89,0,508942.578680991,4589480.610965104,891.3745829101563,891.817368,1.0668,1.524,Mixed_Fine
18400,258,89,0,508942.578680991,4589480.610965104,890.8411829101562,891.817368,1.524,2.1336,Mixed_Coarse
18400,258,89,0,508942.578680991,4589480.610965104,890.2315829101562,891.817368,2.1336,2.7432,Mixed_Fine
18400,258,89,0,508942.578680991,4589480.610965104,888.7075829101562,891.817368,2.7432,5.1816,Mixed_Coarse
18401,258,89,0,508922.7036140618,4589485.526725911,892.5175829101563,892.177032,0.0,0.3048,Mixed_Coarse
18401,258,89,0,508922.7036140618,4589485.526725911,891.7555829101562,892.177032,0.3048,1.524,Mixed_Fine
18401,258,89,0,508922.7036140618,4589485.526725911,890.9935829101563,892.177032,1.524,1.8288,Mixed_Coarse
18401,258,89,0,508922.7036140618,4589485.526725911,889.0123829101562,892.177032,1.8288,5.4864,Mixed_Fine
18402,258,89,0,508957.19492275413,4589493.651535854,892.5175829101563,891.613152,0.0,0.3048,Mixed_Coarse
18402,258,89,0,508957.19492275413,4589493.651535854,891.9079829101563,891.613152,0.0,1.524,Mixed_Fine
18402,258,89,0,508957.19492275413,4589493.651535854,888.8599829101563,891.613152,1.524,6.096,Mixed_Fine
18403,258,89,0,508965.0560597372,4589478.50725415,891.6031829101563,891.393696,0.0,2.1336,Mixed_Coarse
18403,258,89,0,508965.0560597372,4589478.50725415,888.5551829101563,891.393696,2.1336,6.096,Mixed_Fine
18404,258,89,0,508953.21485619387,4589450.171753915,890.3839829101563,891.104136,0.0,4.572,Mixed_Fine
18404,258,89,0,508953.21485619387,4589450.171753915,887.3359829101563,891.104136,4.572,6.096,Mixed_Coarse
18416,407,156,0,515636.58544820885,4574628.742922402,943.7304268554687,945.754776,0.0,1.2192,Very_Coarse
18416,407,156,0,515636.58544820885,4574628.742922402,941.2920268554687,945.754776,1.2192,4.8768,Very_Coarse
18416,407,156,0,515636.58544820885,4574628.742922402,937.3296268554687,945.754776,4.8768,9.144,Very_Coarse
18416,407,156,0,515636.58544820885,4574628.742922402,935.0436268554688,945.754776,9.144,9.4488,Very_Coarse
18416,407,156,1,515636.58544820885,4574628.742922402,901.5156268554688,945.754776,9.4488,76.2,Very_Coarse
18416,407,156,1,515636.58544820885,4574628.742922402,867.3780268554688,945.754776,76.2,77.724,Very_Coarse
18416,407,156,1,515636.58544820885,4574628.742922402,859.7580268554688,945.754776,77.724,91.44,Very_Coarse
18423,77,174,0,517382.166413051,4607570.150740254,851.98721953125,867.466896,12.192,17.3736,Mixed_Fine
18423,77,174,1,517382.166413051,4607570.150740254,842.84321953125,867.466896,17.3736,30.48,Mixed_Fine
18424,407,156,0,515636.58544820885,4574628.742922402,944.0352268554687,945.754776,0.0,0.6096,Very_Coarse
18424,407,156,0,515636.58544820885,4574628.742922402,940.8348268554688,945.754776,0.6096,6.4008,Very_Coarse
18424,407,156,0,515636.58544820885,4574628.742922402,937.7868268554688,945.754776,6.4008,6.7056,Very_Coarse
18424,407,156,1,515636.58544820885,4574628.742922402,922.6992268554687,945.754776,6.7056,36.576,Very_Coarse
18424,407,156,1,515636.58544820885,4574628.742922402,907.6116268554688,945.754776,36.576,36.8808,Very_Coarse
18424,407,156,1,515636.58544820885,4574628.742922402,906.0876268554688,945.754776,36.8808,39.624,Very_Coarse
18424,407,156,1,515636.58544820885,4574628.742922402,898.6200268554687,945.754776,39.624,51.816,Very_Coarse
18424,407,156,1,515636.58544820885,4574628.742922402,892.3716268554688,945.754776,51.816,52.1208,Very_Coarse
18424,407,156,1,515636.58544820885,4574628.742922402,887.7996268554688,945.754776,52.1208,60.96,Very_Coarse
18435,61,129,0,512942.5237064074,4609159.523366689,953.17518046875,943.362096,0.0,0.6096,Mixed_Fine
18435,61,129,0,512942.5237064074,4609159.523366689,952.26078046875,943.362096,0.6096,1.8288,Very_Coarse
18435,61,129,0,512942.5237064074,4609159.523366689,950.43198046875,943.362096,1.8288,4.2672,Fine
18435,61,129,0,512942.5237064074,4609159.523366689,948.90798046875,943.362096,4.2672,4.8768,Fine
18435,61,129,0,512942.5237064074,4609159.523366689,943.42158046875,943.362096,4.8768,15.24,Fine
18435,61,129,1,512942.5237064074,4609159.523366689,936.71598046875,943.362096,15.24,18.288,Fine
18435,61,129,1,512942.5237064074,4609159.523366689,932.14398046875,943.362096,18.288,24.384,Fine
18436,71,145,1,514479.37106237625,4608155.596749891,827.157970703125,850.766904,18.288,21.336,Very_Coarse
18436,71,145,1,514479.37106237625,4608155.596749891,811.917970703125,850.766904,21.336,48.768,Fine
18436,71,145,1,514479.37106237625,4608155.596749891,797.439970703125,850.766904,48.768,50.292,Fine
18436,71,145,1,514479.37106237625,4608155.596749891,789.057970703125,850.766904,50.292,65.532,Fine
18436,71,145,1,514479.37106237625,4608155.596749891,780.675970703125,850.766904,65.532,67.056,Fine
18436,71,145,1,514479.37106237625,4608155.596749891,776.865970703125,850.766904,67.056,73.152,Fine
18443,163,56,0,505653.7886657585,4598985.909664322,882.4804244140626,888.016512,0.0,8.8392,Very_Coarse
18443,163,56,0,505653.7886657585,4598985.909664322,877.9084244140626,888.016512,8.8392,9.144,Very_Coarse
18443,163,56,1,505653.7886657585,4598985.909664322,864.0400244140625,888.016512,9.144,36.576,Fine
18443,163,56,1,505653.7886657585,4598985.909664322,850.0192244140625,888.016512,36.576,37.1856,Fine
18443,163,56,1,505653.7886657585,4598985.909664322,831.7312244140625,888.016512,37.1856,73.152,Fine
18444,107,81,0,508171.3809102488,4604615.649904341,844.27278046875,851.897712,0.0,0.9144,Mixed_Fine
18444,107,81,0,508171.3809102488,4604615.649904341,840.76758046875,851.897712,0.9144,7.0104,Mixed_Fine
18444,107,81,1,508171.3809102488,4604615.649904341,829.03278046875,851.897712,7.0104,24.384,Fine
18444,107,81,1,508171.3809102488,4604615.649904341,817.29798046875,851.897712,24.384,30.48,Fine
18444,107,81,1,508171.3809102488,4604615.649904341,807.39198046875,851.897712,30.48,44.196,Fine
18444,107,81,1,508171.3809102488,4604615.649904341,799.77198046875,851.897712,44.196,45.72,Fine
18444,107,81,1,508171.3809102488,4604615.649904341,798.24798046875,851.897712,45.72,47.244,Fine
18444,107,81,1,508171.3809102488,4604615.649904341,793.67598046875,851.897712,47.244,54.864,Fine
18445,167,48,0,504865.55588519416,4598578.412719259,902.7476244140626,905.871696,0.0,0.3048,Mixed_Fine
18445,167,48,0,504865.55588519416,4598578.412719259,898.1756244140626,905.871696,0.3048,9.144,Mixed_Fine
18445,167,48,0,504865.55588519416,4598578.412719259,892.2320244140625,905.871696,9.144,12.192,Mixed_Coarse
18445,167,48,0,504865.55588519416,4598578.412719259,887.6600244140625,905.871696,12.192,18.288,Mixed_Fine
18445,167,48,1,504865.55588519416,4598578.412719259,883.0880244140625,905.871696,18.288,21.336,Mixed_Fine
18445,167,48,1,504865.55588519416,4598578.412719259,875.4680244140625,905.871696,21.336,33.528,Mixed_Fine
18445,167,48,1,504865.55588519416,4598578.412719259,867.8480244140625,905.871696,33.528,36.576,Mixed_Fine
18453,110,20,0,501988.6498274038,4604298.14900299,862.904829296875,875.434368,0.0,22.2504,Mixed_Coarse
18453,110,20,1,501988.6498274038,4604298.14900299,836.539629296875,875.434368,22.2504,52.7304,Very_Coarse
18453,110,20,1,501988.6498274038,4604298.14900299,818.251629296875,875.434368,52.7304,58.8264,Very_Coarse
18453,110,20,1,501988.6498274038,4604298.14900299,809.107629296875,875.434368,58.8264,71.0184,Very_Coarse
18453,110,20,1,501988.6498274038,4604298.14900299,799.811229296875,875.434368,71.0184,77.4192,Very_Coarse
18453,110,20,1,501988.6498274038,4604298.14900299,786.247629296875,875.434368,77.4192,98.1456,Sand
18453,110,20,1,501988.6498274038,4604298.14900299,763.997229296875,875.434368,98.1456,121.92,Sand
18453,110,20,1,501988.6498274038,4604298.14900299,749.062029296875,875.434368,121.92,128.016,Fine
18455,168,47,0,504737.1958172552,4598483.382936735,902.6067755859375,909.852384,0.0,5.4864,Mixed_Coarse
18455,168,47,0,504737.1958172552,4598483.382936735,899.2539755859375,909.852384,5.4864,6.7056,Mixed_Coarse
18455,168,47,0,504737.1958172552,4598483.382936735,897.8823755859376,909.852384,6.7056,8.2296,Mixed_Coarse
18455,168,47,0,504737.1958172552,4598483.382936735,896.6631755859376,909.852384,8.2296,9.144,Mixed_Fine
18455,168,47,1,504737.1958172552,4598483.382936735,889.3479755859375,909.852384,9.144,22.86,Mixed_Coarse
18455,168,47,1,504737.1958172552,4598483.382936735,881.7279755859375,909.852384,22.86,24.384,Mixed_Fine
18455,168,47,1,504737.1958172552,4598483.382936735,877.9179755859375,909.852384,24.384,30.48,Mixed_Coarse
18471,162,56,0,505638.9776201112,4599068.29715344,885.8751926757812,887.63856,0.0,0.6096,Mixed_Fine
18471,162,56,0,505638.9776201112,4599068.29715344,883.1319926757812,887.63856,0.6096,5.4864,Mixed_Coarse
18471,162,56,0,505638.9776201112,4599068.29715344,880.0839926757812,887.63856,5.4864,6.7056,Mixed_Fine
18471,162,56,0,505638.9776201112,4599068.29715344,878.2551926757812,887.63856,6.7056,9.144,Very_Coarse
18471,162,56,1,505638.9776201112,4599068.29715344,870.9399926757812,887.63856,9.144,21.336,Sand
18471,162,56,1,505638.9776201112,4599068.29715344,864.0819926757813,887.63856,21.336,22.86,Mixed_Fine
18471,162,56,1,505638.9776201112,4599068.29715344,859.5099926757813,887.63856,22.86,30.48,Sand
18471,162,56,1,505638.9776201112,4599068.29715344,852.6519926757812,887.63856,30.48,36.576,Mixed_Coarse
18481,72,194,0,519460.7162097482,4608126.860579222,875.8751926757812,875.254536,0.0,0.6096,Mixed_Fine
18481,72,194,0,519460.7162097482,4608126.860579222,873.1319926757812,875.254536,0.6096,5.4864,Sand
18481,72,194,0,519460.7162097482,4608126.860579222,869.6267926757813,875.254536,5.4864,7.62,Mixed_Fine
18481,72,194,0,519460.7162097482,4608126.860579222,868.2551926757812,875.254536,7.62,8.2296,Sand
18481,72,194,0,519460.7162097482,4608126.860579222,866.7311926757812,875.254536,8.2296,10.668,Mixed_Fine
18481,72,194,1,519460.7162097482,4608126.860579222,857.8919926757812,875.254536,10.668,25.908,Mixed_Fine
18481,72,194,1,519460.7162097482,4608126.860579222,848.7479926757812,875.254536,25.908,28.956,Mixed_Fine
18481,72,194,1,519460.7162097482,4608126.860579222,846.4619926757813,875.254536,28.956,30.48,Very_Coarse
18481,72,194,1,519460.7162097482,4608126.860579222,845.5475926757813,875.254536,30.48,30.7848,Very_Coarse
18514,278,78,0,507808.2304172943,4587464.991651729,934.0904122070312,939.052224,0.0,1.2192,Mixed_Fine
18514,278,78,0,507808.2304172943,4587464.991651729,931.3472122070312,939.052224,1.2192,5.4864,Very_Coarse
18514,278,78,0,507808.2304172943,4587464.991651729,928.9088122070312,939.052224,5.4864,6.096,Mixed_Fine
18514,278,78,0,507808.2304172943,4587464.991651729,926.6228122070313,939.052224,6.096,10.0584,Sand
18514,278,78,0,507808.2304172943,4587464.991651729,924.0320122070312,939.052224,10.0584,11.2776,Mixed_Fine
18514,278,78,0,507808.2304172943,4587464.991651729,921.4412122070313,939.052224,11.2776,15.24,Fine
18514,278,78,1,507808.2304172943,4587464.991651729,902.6960122070312,939.052224,15.24,48.768,Fine
18515,71,145,0,514480.05974088184,4608144.55143943,844.074370703125,851.089992,0.0,5.7912,Mixed_Fine
18515,71,145,0,514480.05974088184,4608144.55143943,841.026370703125,851.089992,5.7912,6.096,Mixed_Coarse
18515,71,145,0,514480.05974088184,4608144.55143943,840.264370703125,851.089992,6.096,7.3152,Mixed_Fine
18515,71,145,0,514480.05974088184,4608144.55143943,835.692370703125,851.089992,7.3152,15.24,Mixed_Fine
18515,71,145,1,514480.05974088184,4608144.55143943,828.681970703125,851.089992,15.24,21.336,Mixed_Fine
18515,71,145,1,514480.05974088184,4608144.55143943,824.871970703125,851.089992,21.336,22.86,Fine
18515,71,145,1,514480.05974088184,4608144.55143943,820.299970703125,851.089992,22.86,30.48,Fine
18517,258,89,0,508938.4169826115,4589489.376280568,892.2127829101563,891.93624,0.0,0.9144,Mixed_Fine
18517,258,89,0,508938.4169826115,4589489.376280568,889.7743829101563,891.93624,0.9144,4.8768,Mixed_Coarse
18517,258,89,0,508938.4169826115,4589489.376280568,887.1835829101562,891.93624,4.8768,6.096,Mixed_Fine
18518,258,89,0,508948.149451135,4589500.767721222,892.0603829101562,891.777744,0.0,1.2192,Mixed_Fine
18518,258,89,0,508948.149451135,4589500.767721222,890.2315829101562,891.777744,1.2192,3.6576,Mixed_Coarse
18518,258,89,0,508948.149451135,4589500.767721222,887.7931829101562,891.777744,3.6576,6.096,Mixed_Coarse
18525,49,106,0,510667.7401764316,4610370.111673019,845.49601953125,846.97824,0.0,3.048,Very_Coarse
18525,49,106,0,510667.7401764316,4610370.111673019,842.75281953125,846.97824,3.048,5.4864,Very_Coarse
18525,49,106,0,510667.7401764316,4610370.111673019,840.77161953125,846.97824,5.4864,7.0104,Mixed_Fine
18525,49,106,0,510667.7401764316,4610370.111673019,839.85721953125,846.97824,7.0104,7.3152,Very_Coarse
18525,49,106,0,510667.7401764316,4610370.111673019,837.26641953125,846.97824,7.3152,12.192,Mixed_Coarse
18525,49,106,1,510667.7401764316,4610370.111673019,831.78001953125,846.97824,12.192,18.288,Mixed_Coarse
18525,49,106,1,510667.7401764316,4610370.111673019,825.68401953125,846.97824,18.288,24.384,Mixed_Coarse
18525,49,106,1,510667.7401764316,4610370.111673019,818.06401953125,846.97824,24.384,33.528,Mixed_Fine
18525,49,106,1,510667.7401764316,4610370.111673019,812.88241953125,846.97824,33.528,34.7472,Very_Coarse
18525,49,106,1,510667.7401764316,4610370.111673019,811.35841953125,846.97824,34.7472,36.576,Fine
18526,43,111,0,511126.4888869868,4610943.02803856,857.9228048828126,857.774256,0.0,0.9144,Mixed_Fine
18526,43,111,0,511126.4888869868,4610943.02803856,857.1608048828125,857.774256,0.9144,1.524,Mixed_Fine
18526,43,111,0,511126.4888869868,4610943.02803856,848.4740048828126,857.774256,1.524,18.288,Fine
18526,43,111,1,511126.4888869868,4610943.02803856,833.9960048828125,857.774256,18.288,30.48,Fine
18526,43,111,1,511126.4888869868,4610943.02803856,827.4428048828125,857.774256,30.48,31.3944,Fine
18526,43,111,1,511126.4888869868,4610943.02803856,824.3948048828125,857.774256,31.3944,36.576,Fine
18526,43,111,1,511126.4888869868,4610943.02803856,821.3468048828125,857.774256,36.576,37.4904,Fine
18526,43,111,1,511126.4888869868,4610943.02803856,818.2988048828125,857.774256,37.4904,42.672,Fine
18527,254,132,0,513256.01674665994,4589892.131440007,845.7412073242187,847.822536,0.0,3.6576,Mixed_Fine
18527,254,132,0,513256.01674665994,4589892.131440007,842.2360073242188,847.822536,3.6576,7.0104,Mixed_Fine
18527,254,132,0,513256.01674665994,4589892.131440007,840.4072073242188,847.822536,7.0104,7.3152,Sand
18527,254,132,0,513256.01674665994,4589892.131440007,838.4260073242187,847.822536,7.3152,10.9728,Mixed_Fine
18527,254,132,0,513256.01674665994,4589892.131440007,835.9876073242187,847.822536,10.9728,12.192,Sand
18527,254,132,1,513256.01674665994,4589892.131440007,832.3300073242187,847.822536,12.192,18.288,Sand
18527,254,132,1,513256.01674665994,4589892.131440007,826.9960073242188,847.822536,18.288,22.86,Mixed_Fine
18527,254,132,1,513256.01674665994,4589892.131440007,823.9480073242188,847.822536,22.86,24.384,Mixed_Fine
18527,254,132,1,513256.01674665994,4589892.131440007,820.9000073242188,847.822536,24.384,28.956,Mixed_Fine
18527,254,132,1,513256.01674665994,4589892.131440007,817.8520073242188,847.822536,28.956,30.48,Very_Coarse
18528,423,169,0,516920.8455781854,4572978.966842108,954.8828268554688,958.745352,0.0,0.9144,Very_Coarse
18528,423,169,0,516920.8455781854,4572978.966842108,953.6636268554688,958.745352,0.9144,2.4384,Very_Coarse
18528,423,169,0,516920.8455781854,4572978.966842108,952.1396268554688,958.745352,2.4384,3.9624,Very_Coarse
18528,423,169,0,516920.8455781854,4572978.966842108,950.3108268554688,958.745352,3.9624,6.096,Very_Coarse
18528,423,169,0,516920.8455781854,4572978.966842108,948.4820268554688,958.745352,6.096,7.62,Very_Coarse
18528,423,169,0,516920.8455781854,4572978.966842108,947.4152268554687,958.745352,7.62,8.2296,Very_Coarse
18528,423,169,0,516920.8455781854,4572978.966842108,946.6532268554688,958.745352,8.2296,9.144,Very_Coarse
18528,423,169,1,516920.8455781854,4572978.966842108,938.5760268554687,958.745352,9.144,24.384,Very_Coarse
18528,423,169,1,516920.8455781854,4572978.966842108,929.4320268554687,958.745352,24.384,27.432,Very_Coarse
18528,423,169,1,516920.8455781854,4572978.966842108,923.3360268554687,958.745352,27.432,36.576,Very_Coarse
18529,220,69,0,506879.28660646477,4593311.053775963,911.31281953125,914.692608,0.0,0.9144,Very_Coarse
18529,220,69,0,506879.28660646477,4593311.053775963,910.09361953125,914.692608,0.9144,2.4384,Mixed_Fine
18529,220,69,0,506879.28660646477,4593311.053775963,908.26481953125,914.692608,2.4384,4.572,Fine
18529,220,69,0,506879.28660646477,4593311.053775963,906.13121953125,914.692608,4.572,6.7056,Fine
18529,220,69,0,506879.28660646477,4593311.053775963,899.27321953125,914.692608,6.7056,18.288,Fine
18529,220,69,1,506879.28660646477,4593311.053775963,893.32961953125,914.692608,18.288,18.5928,Fine
18529,220,69,1,506879.28660646477,4593311.053775963,888.75761953125,914.692608,18.5928,27.432,Fine
18529,220,69,1,506879.28660646477,4593311.053775963,884.18561953125,914.692608,27.432,27.7368,Fine
18529,220,69,1,506879.28660646477,4593311.053775963,879.61361953125,914.692608,27.7368,36.576,Fine
18529,220,69,1,506879.28660646477,4593311.053775963,866.05001953125,914.692608,36.576,54.864,Fine
18529,220,69,1,506879.28660646477,4593311.053775963,850.81001953125,914.692608,54.864,67.056,Fine
18529,220,69,1,506879.28660646477,4593311.053775963,838.61801953125,914.692608,67.056,79.248,Fine
18529,220,69,1,506879.28660646477,4593311.053775963,826.42601953125,914.692608,79.248,91.44,Fine
18534,57,66,0,506596.2921721868,4609577.1606253255,823.8379755859376,827.077848,0.0,1.524,Mixed_Fine
18534,57,66,0,506596.2921721868,4609577.1606253255,821.5519755859375,827.077848,1.524,4.572,Mixed_Fine
18534,57,66,0,506596.2921721868,4609577.1606253255,819.7231755859375,827.077848,4.572,5.1816,Sand
18534,57,66,0,506596.2921721868,4609577.1606253255,818.9611755859376,827.077848,5.1816,6.096,Mixed_Fine
18534,57,66,0,506596.2921721868,4609577.1606253255,812.4079755859375,827.077848,6.096,18.288,Sand
19464,72,98,1,509801.77885157114,4608058.409554978,804.30318046875,828.546984,22.86,24.9936,Mixed_Fine
19464,72,98,1,509801.77885157114,4608058.409554978,802.62678046875,828.546984,24.9936,26.2128,Mixed_Coarse
19464,72,98,1,509801.77885157114,4608058.409554978,799.12158046875,828.546984,26.2128,32.004,Mixed_Fine
19464,72,98,1,509801.77885157114,4608058.409554978,795.76878046875,828.546984,32.004,32.9184,Mixed_Coarse
19464,72,98,1,509801.77885157114,4608058.409554978,793.33038046875,828.546984,32.9184,36.8808,Mixed_Fine
19464,72,98,1,509801.77885157114,4608058.409554978,791.04438046875,828.546984,36.8808,37.4904,Mixed_Coarse
19464,72,98,1,509801.77885157114,4608058.409554978,790.43478046875,828.546984,37.4904,38.1,Mixed_Fine
19464,72,98,1,509801.77885157114,4608058.409554978,788.60598046875,828.546984,38.1,41.148,Mixed_Coarse
19355,67,64,0,506441.9538862753,4608566.866078479,806.4176,813.505104,10.9728,12.192,Mixed_Fine
19355,67,64,1,506441.9538862753,4608566.866078479,789.806,813.505104,25.908,30.48,Sand
19356,53,59,0,505959.0544057771,4610002.850221265,847.450009765625,842.701896,0.0,7.62,Mixed_Fine
19356,53,59,1,505959.0544057771,4610002.850221265,827.638009765625,842.701896,7.62,39.624,Very_Coarse
19356,53,59,1,505959.0544057771,4610002.850221265,807.064009765625,842.701896,39.624,48.768,Very_Coarse
19356,53,59,1,505959.0544057771,4610002.850221265,800.206009765625,842.701896,48.768,53.34,Very_Coarse
19356,53,59,1,505959.0544057771,4610002.850221265,794.110009765625,842.701896,53.34,60.96,Very_Coarse
19356,53,59,1,505959.0544057771,4610002.850221265,788.776009765625,842.701896,60.96,64.008,Very_Coarse
19356,53,59,1,505959.0544057771,4610002.850221265,772.774009765625,842.701896,64.008,92.964,Very_Coarse
19357,172,38,0,503843.2000500036,4598041.235849706,921.8599829101563,930.557448,0.0,7.62,Very_Coarse
19357,172,38,0,503843.2000500036,4598041.235849706,916.0687829101563,930.557448,7.62,11.5824,Very_Coarse
19357,172,38,0,503843.2000500036,4598041.235849706,913.4779829101562,930.557448,11.5824,12.8016,Mixed_Coarse
19357,172,38,0,503843.2000500036,4598041.235849706,911.4967829101563,930.557448,12.8016,15.5448,Mixed_Fine
19357,172,38,1,503843.2000500036,4598041.235849706,909.3631829101563,930.557448,15.5448,17.0688,Mixed_Coarse
19357,172,38,1,503843.2000500036,4598041.235849706,907.8391829101563,930.557448,17.0688,18.5928,Fine
19358,161,43,0,504277.88646142965,4599183.321027629,914.7308122070312,930.618408,0.0,2.4384,Mixed_Fine
19358,161,43,0,504277.88646142965,4599183.321027629,912.1400122070313,930.618408,2.4384,5.1816,Very_Coarse
19358,161,43,0,504277.88646142965,4599183.321027629,909.8540122070312,930.618408,5.1816,7.0104,Mixed_Fine
19358,161,43,0,504277.88646142965,4599183.321027629,907.8728122070313,930.618408,7.0104,9.144,Very_Coarse
19358,161,43,0,504277.88646142965,4599183.321027629,905.5868122070312,930.618408,9.144,11.5824,Mixed_Coarse
19358,161,43,0,504277.88646142965,4599183.321027629,903.7580122070312,930.618408,11.5824,12.8016,Mixed_Fine
19358,161,43,0,504277.88646142965,4599183.321027629,901.1672122070313,930.618408,12.8016,16.764,Mixed_Coarse
19358,161,43,1,504277.88646142965,4599183.321027629,898.4240122070313,930.618408,16.764,18.288,Very_Coarse
19359,116,26,0,502649.49633597286,4603643.56094232,873.2007829101562,874.523016,0.0,2.4384,Mixed_Coarse
19359,116,26,0,502649.49633597286,4603643.56094232,870.0003829101563,874.523016,2.4384,6.4008,Mixed_Fine
19359,116,26,0,502649.49633597286,4603643.56094232,866.9523829101563,874.523016,6.4008,8.5344,Mixed_Coarse
19359,116,26,0,502649.49633597286,4603643.56094232,864.5139829101563,874.523016,8.5344,11.2776,Mixed_Fine
19359,116,26,0,502649.49633597286,4603643.56094232,862.0755829101563,874.523016,11.2776,13.4112,Mixed_Coarse
19359,116,26,1,502649.49633597286,4603643.56094232,858.8751829101562,874.523016,13.4112,17.6784,Mixed_Fine
19359,116,26,1,502649.49633597286,4603643.56094232,854.9127829101562,874.523016,17.6784,21.336,Mixed_Coarse
19359,116,26,1,502649.49633597286,4603643.56094232,851.4075829101563,874.523016,21.336,24.6888,Mixed_Fine
19359,116,26,1,502649.49633597286,4603643.56094232,848.0547829101563,874.523016,24.6888,28.0416,Mixed_Coarse
19359,116,26,1,502649.49633597286,4603643.56094232,845.1591829101562,874.523016,28.0416,30.48,Mixed_Fine
19360,102,22,0,502186.09988644585,4605114.654676174,864.4627829101563,864.650544,0.0,0.9144,Mixed_Fine
19360,102,22,0,502186.09988644585,4605114.654676174,862.1767829101562,864.650544,0.9144,4.572,Mixed_Coarse
19360,102,22,0,502186.09988644585,4605114.654676174,859.5859829101563,864.650544,4.572,6.096,Mixed_Fine
19360,102,22,0,502186.09988644585,4605114.654676174,857.2999829101562,864.650544,6.096,9.144,Mixed_Coarse
19360,102,22,0,502186.09988644585,4605114.654676174,855.0139829101563,864.650544,9.144,10.668,Mixed_Fine
19360,102,22,0,502186.09988644585,4605114.654676174,853.4899829101563,864.650544,10.668,12.192,Mixed_Coarse
19360,102,22,0,502186.09988644585,4605114.654676174,851.2039829101562,864.650544,12.192,15.24,Mixed_Fine
19360,102,22,1,502186.09988644585,4605114.654676174,842.0599829101562,864.650544,15.24,30.48,Mixed_Coarse
19361,101,23,0,502321.5698936495,4605226.93943614,859.1219829101562,861.62388,0.0,6.096,Mixed_Coarse
19361,101,23,0,502321.5698936495,4605226.93943614,853.0259829101562,861.62388,6.096,12.192,Mixed_Coarse
19361,101,23,1,502321.5698936495,4605226.93943614,842.8151829101563,861.62388,12.192,26.5176,Mixed_Coarse
19362,99,34,0,503464.0302358164,4605381.940358472,836.3040219726563,849.239856,6.096,13.716,Sand
19362,99,34,0,503464.0302358164,4605381.940358472,831.7320219726563,849.239856,13.716,15.24,Mixed_Fine
19362,99,34,1,503464.0302358164,4605381.940358472,830.2080219726563,849.239856,15.24,16.764,Sand
19362,99,34,1,503464.0302358164,4605381.940358472,827.1600219726563,849.239856,16.764,21.336,Mixed_Fine
19362,99,34,1,503464.0302358164,4605381.940358472,824.5692219726562,849.239856,21.336,21.9456,Mixed_Fine
19362,99,34,1,503464.0302358164,4605381.940358472,823.8072219726563,849.239856,21.9456,22.86,Very_Coarse
19363,95,20,0,502045.1492552164,4605797.282096481,858.2376146484376,857.435928,0.0,0.3048,Mixed_Fine
19363,95,20,0,502045.1492552164,4605797.282096481,857.7804146484375,857.435928,0.3048,0.9144,Very_Coarse
19363,95,20,0,502045.1492552164,4605797.282096481,856.7136146484376,857.435928,0.9144,2.4384,Very_Coarse
19363,95,20,0,502045.1492552164,4605797.282096481,855.4944146484376,857.435928,2.4384,3.3528,Sand
19363,95,20,0,502045.1492552164,4605797.282096481,854.4276146484375,857.435928,3.3528,4.572,Very_Coarse
19363,95,20,0,502045.1492552164,4605797.282096481,851.8368146484376,857.435928,4.572,8.5344,Mixed_Fine
19363,95,20,0,502045.1492552164,4605797.282096481,844.9788146484375,857.435928,8.5344,18.288,Very_Coarse
19364,162,112,0,511260.52652678924,4599095.150236866,832.2351780273437,833.527416,0.0,0.6096,Mixed_Fine
19364,162,112,0,511260.52652678924,4599095.150236866,831.3207780273437,833.527416,0.6096,1.8288,Sand
19364,162,112,0,511260.52652678924,4599095.150236866,825.0723780273438,833.527416,1.8288,13.1064,Sand
19364,162,112,0,511260.52652678924,4599095.150236866,818.3667780273438,833.527416,13.1064,15.24,Mixed_Fine
19364,162,112,1,511260.52652678924,4599095.150236866,812.7279780273437,833.527416,15.24,24.384,Very_Coarse
19364,162,112,1,511260.52652678924,4599095.150236866,807.8511780273437,833.527416,24.384,24.9936,Sand
19364,162,112,1,511260.52652678924,4599095.150236866,807.3939780273438,833.527416,24.9936,25.2984,Mixed_Fine
19364,162,112,1,511260.52652678924,4599095.150236866,806.1747780273438,833.527416,25.2984,27.432,Very_Coarse
19364,162,112,1,511260.52652678924,4599095.150236866,803.5839780273437,833.527416,27.432,30.48,Mixed_Fine
19364,162,112,1,511260.52652678924,4599095.150236866,800.5359780273437,833.527416,30.48,33.528,Very_Coarse
19364,162,112,1,511260.52652678924,4599095.150236866,797.9451780273438,833.527416,33.528,35.6616,Mixed_Coarse
19364,162,112,1,511260.52652678924,4599095.150236866,796.4211780273438,833.527416,35.6616,36.576,Very_Coarse
19364,162,112,1,511260.52652678924,4599095.150236866,793.6779780273438,833.527416,36.576,41.148,Very_Coarse
19364,162,112,1,511260.52652678924,4599095.150236866,786.8199780273437,833.527416,41.148,50.292,Mixed_Fine
19364,162,112,1,511260.52652678924,4599095.150236866,782.0955780273438,833.527416,50.292,50.5968,Mixed_Fine
19364,162,112,1,511260.52652678924,4599095.150236866,781.3335780273437,833.527416,50.5968,51.816,Mixed_Coarse
19364,162,112,1,511260.52652678924,4599095.150236866,780.5715780273438,833.527416,51.816,52.1208,Mixed_Fine
19364,162,112,1,511260.52652678924,4599095.150236866,780.2667780273438,833.527416,52.1208,52.4256,Mixed_Coarse
19365,154,77,0,507720.26171521714,4599842.094426721,855.9627829101563,858.018096,0.0,0.9144,Mixed_Fine
19365,154,77,0,507720.26171521714,4599842.094426721,853.6767829101562,858.018096,0.9144,4.572,Mixed_Fine
19365,154,77,0,507720.26171521714,4599842.094426721,851.0859829101563,858.018096,4.572,6.096,Mixed_Fine
19365,154,77,0,507720.26171521714,4599842.094426721,847.2759829101562,858.018096,6.096,12.192,Mixed_Fine
19365,154,77,0,507720.26171521714,4599842.094426721,843.6183829101562,858.018096,12.192,13.4112,Mixed_Fine
19365,154,77,1,507720.26171521714,4599842.094426721,840.5703829101562,858.018096,13.4112,18.288,Mixed_Fine
19366,150,138,0,513809.3331333327,4600289.169382334,831.5503731445312,832.783704,0.0,1.2192,Mixed_Fine
19366,150,138,0,513809.3331333327,4600289.169382334,829.2643731445313,832.783704,1.2192,4.572,Mixed_Fine
19366,150,138,0,513809.3331333327,4600289.169382334,823.7779731445313,832.783704,4.572,12.192,Mixed_Fine
19366,150,138,0,513809.3331333327,4600289.169382334,819.6631731445312,832.783704,12.192,12.8016,Mixed_Coarse
19366,150,138,1,513809.3331333327,4600289.169382334,816.7675731445313,832.783704,12.8016,17.9832,Mixed_Fine
19366,150,138,1,513809.3331333327,4600289.169382334,813.8719731445312,832.783704,17.9832,18.5928,Mixed_Fine
19366,150,138,1,513809.3331333327,4600289.169382334,813.2623731445312,832.783704,18.5928,19.2024,Mixed_Coarse
19366,150,138,1,513809.3331333327,4600289.169382334,809.6047731445312,832.783704,19.2024,25.908,Mixed_Fine
19366,150,138,1,513809.3331333327,4600289.169382334,806.0995731445313,832.783704,25.908,26.2128,Mixed_Coarse
19366,150,138,1,513809.3331333327,4600289.169382334,805.6423731445312,832.783704,26.2128,26.8224,Mixed_Fine
19366,150,138,1,513809.3331333327,4600289.169382334,805.0327731445312,832.783704,26.8224,27.432,Mixed_Coarse
19366,150,138,1,513809.3331333327,4600289.169382334,802.4419731445313,832.783704,27.432,32.004,Mixed_Fine
19366,150,138,1,513809.3331333327,4600289.169382334,799.8511731445312,832.783704,32.004,32.6136,Mixed_Coarse
19366,150,138,1,513809.3331333327,4600289.169382334,797.2603731445313,832.783704,32.6136,37.1856,Mixed_Fine
19366,150,138,1,513809.3331333327,4600289.169382334,794.6695731445312,832.783704,37.1856,37.7952,Mixed_Coarse
19366,150,138,1,513809.3331333327,4600289.169382334,792.2311731445312,832.783704,37.7952,42.0624,Mixed_Fine
19366,150,138,1,513809.3331333327,4600289.169382334,789.7927731445312,832.783704,42.0624,42.672,Very_Coarse
19366,150,138,1,513809.3331333327,4600289.169382334,785.6779731445313,832.783704,42.672,50.292,Very_Coarse
19366,150,138,1,513809.3331333327,4600289.169382334,781.1059731445313,832.783704,50.292,51.816,Very_Coarse
19366,150,138,1,513809.3331333327,4600289.169382334,778.0579731445313,832.783704,51.816,56.388,Very_Coarse
19367,157,144,0,514388.9285272984,4599574.331680736,845.5003853515625,845.54568,0.0,1.2192,Mixed_Fine
19367,157,144,0,514388.9285272984,4599574.331680736,837.8803853515625,845.54568,1.2192,15.24,Mixed_Fine
19367,157,144,1,514388.9285272984,4599574.331680736,830.5651853515625,845.54568,15.24,15.8496,Sand
19367,157,144,1,514388.9285272984,4599574.331680736,829.0411853515625,845.54568,15.8496,18.288,Mixed_Fine
19367,157,144,1,514388.9285272984,4599574.331680736,827.5171853515625,845.54568,18.288,18.8976,Sand
19367,157,144,1,514388.9285272984,4599574.331680736,825.9931853515625,845.54568,18.8976,21.336,Mixed_Fine
19367,157,144,1,514388.9285272984,4599574.331680736,824.3167853515625,845.54568,21.336,22.2504,Sand
19367,157,144,1,514388.9285272984,4599574.331680736,822.7927853515625,845.54568,22.2504,24.384,Mixed_Fine
19368,136,111,0,511147.3288023324,4601690.74524212,829.006029296875,831.046344,0.0,3.048,Mixed_Fine
19368,136,111,0,511147.3288023324,4601690.74524212,826.720029296875,831.046344,3.048,4.572,Mixed_Fine
19368,136,111,0,511147.3288023324,4601690.74524212,825.196029296875,831.046344,4.572,6.096,Mixed_Fine
19368,136,111,0,511147.3288023324,4601690.74524212,823.672029296875,831.046344,6.096,7.62,Sand
19368,136,111,0,511147.3288023324,4601690.74524212,820.928829296875,831.046344,7.62,11.5824,Mixed_Coarse
19368,136,111,0,511147.3288023324,4601690.74524212,817.880829296875,831.046344,11.5824,13.716,Mixed_Fine
19368,136,111,0,511147.3288023324,4601690.74524212,816.052029296875,831.046344,13.716,15.24,Mixed_Fine
19368,136,111,1,511147.3288023324,4601690.74524212,813.461229296875,831.046344,15.24,18.8976,Sand
19368,136,111,1,511147.3288023324,4601690.74524212,811.022829296875,831.046344,18.8976,20.1168,Mixed_Fine
19368,136,111,1,511147.3288023324,4601690.74524212,805.231629296875,831.046344,20.1168,30.48,Mixed_Fine
19368,136,111,1,511147.3288023324,4601690.74524212,798.526029296875,831.046344,30.48,33.528,Mixed_Fine
19368,136,111,1,511147.3288023324,4601690.74524212,795.478029296875,831.046344,33.528,36.576,Very_Coarse
19368,136,111,1,511147.3288023324,4601690.74524212,790.906029296875,831.046344,36.576,42.672,Mixed_Fine
19368,136,111,1,511147.3288023324,4601690.74524212,786.334029296875,831.046344,42.672,45.72,Mixed_Coarse
19368,136,111,1,511147.3288023324,4601690.74524212,784.048029296875,831.046344,45.72,47.244,Mixed_Fine
19368,136,111,1,511147.3288023324,4601690.74524212,781.000029296875,831.046344,47.244,51.816,Mixed_Fine
19368,136,111,1,511147.3288023324,4601690.74524212,777.190029296875,831.046344,51.816,54.864,Mixed_Coarse
19368,136,111,1,511147.3288023324,4601690.74524212,774.142029296875,831.046344,54.864,57.912,Mixed_Coarse
19368,136,111,1,511147.3288023324,4601690.74524212,771.094029296875,831.046344,57.912,60.96,Mixed_Coarse
19369,130,122,0,512205.0894699047,4602258.667030268,828.74601953125,829.72656,0.0,3.048,Mixed_Fine
19369,130,122,0,512205.0894699047,4602258.667030268,825.54561953125,829.72656,3.048,6.4008,Mixed_Fine
19369,130,122,0,512205.0894699047,4602258.667030268,820.97361953125,829.72656,6.4008,12.192,Sand
19369,130,122,1,512205.0894699047,4602258.667030268,814.26801953125,829.72656,12.192,19.812,Mixed_Fine
19369,130,122,1,512205.0894699047,4602258.667030268,808.93401953125,829.72656,19.812,22.86,Mixed_Coarse
19369,130,122,1,512205.0894699047,4602258.667030268,805.12401953125,829.72656,22.86,27.432,Mixed_Coarse
19369,130,122,1,512205.0894699047,4602258.667030268,801.31401953125,829.72656,27.432,30.48,Mixed_Coarse
19370,119,120,0,511987.7583729676,4603400.152845196,826.69121953125,828.525648,0.0,3.6576,Mixed_Fine
19370,119,120,1,511987.7583729676,4603400.152845196,802.30721953125,828.525648,3.6576,48.768,Sand
19371,105,133,0,513369.6324161141,4604804.453631331,834.637190234375,842.016096,0.0,6.7056,Mixed_Fine
19371,105,133,0,513369.6324161141,4604804.453631331,826.255190234375,842.016096,6.7056,16.764,Mixed_Fine
19371,105,133,1,513369.6324161141,4604804.453631331,818.939990234375,842.016096,16.764,21.336,Mixed_Fine
19371,105,133,1,513369.6324161141,4604804.453631331,815.129990234375,842.016096,21.336,24.384,Mixed_Fine
19371,105,133,1,513369.6324161141,4604804.453631331,811.319990234375,842.016096,24.384,28.956,Very_Coarse
19371,105,133,1,513369.6324161141,4604804.453631331,800.651990234375,842.016096,28.956,45.72,Very_Coarse
19371,105,133,1,513369.6324161141,4604804.453631331,784.649990234375,842.016096,45.72,60.96,Very_Coarse
19372,110,119,0,511909.7338077626,4604257.4398041405,827.2127829101563,828.87312,0.0,0.9144,Mixed_Fine
19372,110,119,0,511909.7338077626,4604257.4398041405,824.1647829101563,828.87312,0.9144,6.096,Mixed_Fine
19372,110,119,0,511909.7338077626,4604257.4398041405,819.2879829101563,828.87312,6.096,10.668,Sand
19372,110,119,0,511909.7338077626,4604257.4398041405,816.6971829101562,828.87312,10.668,11.2776,Mixed_Fine
19372,110,119,0,511909.7338077626,4604257.4398041405,812.8871829101563,828.87312,11.2776,18.288,Sand
19373,110,78,0,507838.10328959586,4604283.825581156,827.537209765625,838.23048,5.1816,16.764,Mixed_Fine
19373,110,78,1,507838.10328959586,4604283.825581156,820.984009765625,838.23048,16.764,18.288,Mixed_Fine
19374,112,79,0,507953.2321495938,4604108.871749024,841.2979975585938,842.485488,0.0,1.524,Mixed_Fine
19374,112,79,0,507953.2321495938,4604108.871749024,837.4879975585937,842.485488,1.524,7.62,Mixed_Fine
19374,112,79,1,507953.2321495938,4604108.871749024,801.6739975585938,842.485488,7.62,73.152,Fine
19375,84,96,0,509592.31946962856,4606898.616366017,832.1079926757812,829.004184,0.0,9.144,Sand
19375,84,96,0,509592.31946962856,4606898.616366017,824.6403926757813,829.004184,9.144,14.9352,Mixed_Coarse
19375,84,96,0,509592.31946962856,4606898.616366017,821.5923926757813,829.004184,14.9352,15.24,Very_Coarse
19376,96,115,0,511483.949634398,4605642.960029864,825.3252048828125,827.041272,0.0,0.6096,Mixed_Fine
19376,96,115,0,511483.949634398,4605642.960029864,822.5820048828125,827.041272,0.6096,5.4864,Mixed_Fine
19376,96,115,0,511483.949634398,4605642.960029864,819.8388048828125,827.041272,5.4864,6.096,Mixed_Fine
19376,96,115,0,511483.949634398,4605642.960029864,816.4860048828125,827.041272,6.096,12.192,Mixed_Fine
19376,96,115,0,511483.949634398,4605642.960029864,811.1520048828125,827.041272,12.192,16.764,Mixed_Fine
19376,96,115,1,511483.949634398,4605642.960029864,808.1040048828125,827.041272,16.764,18.288,Very_Coarse
19376,96,115,1,511483.949634398,4605642.960029864,804.2940048828125,827.041272,18.288,24.384,Very_Coarse
19376,96,115,1,511483.949634398,4605642.960029864,800.4840048828125,827.041272,24.384,25.908,Very_Coarse
19376,96,115,1,511483.949634398,4605642.960029864,797.4360048828125,827.041272,25.908,30.48,Very_Coarse
19377,90,131,0,513146.0658515557,4606242.4366754675,832.3459951171875,834.728328,0.0,3.048,Mixed_Fine
19377,90,131,0,513146.0658515557,4606242.4366754675,829.4503951171876,834.728328,3.048,5.7912,Mixed_Fine
19377,90,131,0,513146.0658515557,4606242.4366754675,825.4879951171876,834.728328,6.096,10.668,Mixed_Fine
19377,90,131,0,513146.0658515557,4606242.4366754675,821.6779951171875,834.728328,10.668,13.716,Mixed_Coarse
19377,90,131,1,513146.0658515557,4606242.4366754675,818.3251951171875,834.728328,13.716,17.3736,Mixed_Fine
19377,90,131,1,513146.0658515557,4606242.4366754675,814.5151951171875,834.728328,17.3736,21.336,Mixed_Coarse
19377,90,131,1,513146.0658515557,4606242.4366754675,811.0099951171875,834.728328,21.336,24.384,Very_Coarse
19378,96,121,0,512077.1365719991,4605672.3533151345,828.498009765625,829.226688,0.0,1.524,Mixed_Fine
19378,96,121,0,512077.1365719991,4605672.3533151345,825.450009765625,829.226688,1.524,6.096,Sand
19378,96,121,0,512077.1365719991,4605672.3533151345,822.859209765625,829.226688,6.096,6.7056,Mixed_Fine
19378,96,121,0,512077.1365719991,4605672.3533151345,819.811209765625,829.226688,6.7056,12.192,Sand
19378,96,121,0,512077.1365719991,4605672.3533151345,816.763209765625,829.226688,12.192,12.8016,Mixed_Fine
19378,96,121,1,512077.1365719991,4605672.3533151345,813.715209765625,829.226688,12.8016,18.288,Sand
19378,96,121,1,512077.1365719991,4605672.3533151345,804.876009765625,829.226688,18.288,30.48,Sand
19384,258,88,0,508814.79610948765,4589446.049360661,894.7451877929687,893.877816,0.0,0.6096,Mixed_Fine
19384,258,88,0,508814.79610948765,4589446.049360661,893.9831877929688,893.877816,0.6096,1.524,Mixed_Fine
19384,258,88,0,508814.79610948765,4589446.049360661,892.6115877929687,893.877816,1.524,3.3528,Mixed_Coarse
19384,258,88,0,508814.79610948765,4589446.049360661,891.2399877929688,893.877816,3.3528,4.2672,Mixed_Coarse
19384,258,88,0,508814.79610948765,4589446.049360661,890.1731877929687,893.877816,4.2672,5.4864,Mixed_Coarse
19384,258,88,0,508814.79610948765,4589446.049360661,889.1063877929688,893.877816,5.4864,6.4008,Mixed_Fine
19385,261,102,0,510218.58633328724,4589204.211954911,869.3019755859375,875.068608,0.0,6.096,Sand
19385,261,102,0,510218.58633328724,4589204.211954911,861.9867755859375,875.068608,6.096,14.6304,Sand
19385,261,102,1,510218.58633328724,4589204.211954911,856.3479755859375,875.068608,14.6304,17.3736,Mixed_Coarse
19385,261,102,1,510218.58633328724,4589204.211954911,852.8427755859375,875.068608,17.3736,21.6408,Mixed_Fine
19385,261,102,1,510218.58633328724,4589204.211954911,848.4231755859375,875.068608,21.6408,26.2128,Mixed_Coarse
19385,261,102,1,510218.58633328724,4589204.211954911,845.6799755859375,875.068608,26.2128,27.1272,Mixed_Coarse
19385,261,102,1,510218.58633328724,4589204.211954911,843.5463755859375,875.068608,27.1272,30.48,Very_Coarse
19386,260,103,0,510301.2504825402,4589278.378652852,867.6239731445313,872.493048,0.0,4.572,Very_Coarse
19386,260,103,0,510301.2504825402,4589278.378652852,865.0331731445312,872.493048,4.572,5.1816,Mixed_Fine
19386,260,103,0,510301.2504825402,4589278.378652852,863.6615731445313,872.493048,5.1816,7.3152,Very_Coarse
19386,260,103,0,510301.2504825402,4589278.378652852,861.9851731445312,872.493048,7.3152,8.5344,Mixed_Coarse
19386,260,103,0,510301.2504825402,4589278.378652852,858.7847731445313,872.493048,8.5344,13.716,Mixed_Fine
19386,260,103,1,510301.2504825402,4589278.378652852,853.9079731445313,872.493048,13.716,18.288,Mixed_Coarse
19387,237,132,0,513234.34097921883,4591599.23039886,842.4808122070312,847.386672,0.0,2.4384,Mixed_Fine
19387,237,132,0,513234.34097921883,4591599.23039886,836.3848122070312,847.386672,2.4384,12.192,Sand
19387,237,132,1,513234.34097921883,4591599.23039886,828.4600122070312,847.386672,12.192,18.288,Mixed_Fine
19387,237,132,1,513234.34097921883,4591599.23039886,823.8880122070312,847.386672,18.288,21.336,Sand
19387,237,132,1,513234.34097921883,4591599.23039886,817.7920122070312,847.386672,21.336,30.48,Mixed_Fine
19388,217,83,0,508328.1271130473,4593578.814915539,858.012770703125,856.210632,0.0,0.9144,Mixed_Fine
19388,217,83,0,508328.1271130473,4593578.814915539,856.793570703125,856.210632,0.9144,2.4384,Sand
19388,217,83,0,508328.1271130473,4593578.814915539,855.421970703125,856.210632,2.4384,3.6576,Mixed_Fine
19388,217,83,0,508328.1271130473,4593578.814915539,854.507570703125,856.210632,3.6576,4.2672,Mixed_Fine
19388,217,83,0,508328.1271130473,4593578.814915539,853.593170703125,856.210632,4.2672,5.4864,Sand
19388,217,83,0,508328.1271130473,4593578.814915539,851.916770703125,856.210632,5.4864,7.62,Mixed_Fine
19388,217,83,0,508328.1271130473,4593578.814915539,847.039970703125,856.210632,7.62,15.24,Mixed_Fine
19388,217,83,1,508328.1271130473,4593578.814915539,842.925170703125,856.210632,15.24,15.8496,Mixed_Coarse
19388,217,83,1,508328.1271130473,4593578.814915539,840.943970703125,856.210632,15.8496,19.2024,Mixed_Fine
19388,217,83,1,508328.1271130473,4593578.814915539,838.505570703125,856.210632,19.2024,20.7264,Mixed_Fine
19388,217,83,1,508328.1271130473,4593578.814915539,837.438770703125,856.210632,20.7264,21.336,Mixed_Coarse
19388,217,83,1,508328.1271130473,4593578.814915539,835.457570703125,856.210632,21.336,24.6888,Mixed_Coarse
19388,217,83,1,508328.1271130473,4593578.814915539,832.561970703125,856.210632,24.6888,27.1272,Mixed_Fine
19388,217,83,1,508328.1271130473,4593578.814915539,830.428370703125,856.210632,27.1272,28.956,Mixed_Coarse
19388,217,83,1,508328.1271130473,4593578.814915539,828.751970703125,856.210632,28.956,30.48,Mixed_Coarse
19388,217,83,1,508328.1271130473,4593578.814915539,827.227970703125,856.210632,30.48,32.004,Mixed_Coarse
19389,214,117,0,511731.8777840312,4593852.988476599,839.0852146484375,840.123288,0.0,0.6096,Mixed_Fine
19389,214,117,0,511731.8777840312,4593852.988476599,838.1708146484375,840.123288,0.6096,1.8288,Mixed_Fine
19389,214,117,0,511731.8777840312,4593852.988476599,837.4088146484376,840.123288,1.8288,2.1336,Sand
19389,214,117,0,511731.8777840312,4593852.988476599,833.7512146484376,840.123288,2.1336,9.144,Mixed_Fine
19389,214,117,0,511731.8777840312,4593852.988476599,829.9412146484375,840.123288,9.144,9.7536,Sand
19389,214,117,1,511731.8777840312,4593852.988476599,822.0164146484375,840.123288,9.7536,24.9936,Mixed_Coarse
19389,214,117,1,511731.8777840312,4593852.988476599,814.0916146484375,840.123288,24.9936,25.6032,Mixed_Coarse
19389,214,117,1,511731.8777840312,4593852.988476599,805.2524146484375,840.123288,25.6032,42.672,Very_Coarse
19389,214,117,1,511731.8777840312,4593852.988476599,786.5072146484375,840.123288,43.2816,62.484,Very_Coarse
19389,214,117,1,511731.8777840312,4593852.988476599,771.5720146484375,840.123288,62.484,73.152,Sand
19390,180,121,0,512093.77808399027,4597247.681205642,831.4999975585938,836.61504,0.0,7.62,Mixed_Fine
19390,180,121,0,512093.77808399027,4597247.681205642,826.9279975585938,836.61504,7.62,9.144,Sand
19390,180,121,0,512093.77808399027,4597247.681205642,823.8799975585938,836.61504,9.144,13.716,Mixed_Coarse
19390,180,121,0,512093.77808399027,4597247.681205642,821.1367975585938,836.61504,13.716,14.6304,Mixed_Fine
19390,180,121,1,512093.77808399027,4597247.681205642,819.6127975585938,836.61504,14.6304,16.764,Sand
19390,180,121,1,512093.77808399027,4597247.681205642,810.9259975585937,836.61504,16.764,32.004,Mixed_Coarse
19390,180,121,1,512093.77808399027,4597247.681205642,798.7339975585937,836.61504,32.004,41.148,Sand
19390,180,121,1,512093.77808399027,4597247.681205642,787.1515975585937,836.61504,41.148,55.1688,Sand
19390,180,121,1,512093.77808399027,4597247.681205642,779.5315975585937,836.61504,55.1688,56.388,Mixed_Fine
19390,180,121,1,512093.77808399027,4597247.681205642,777.3979975585937,836.61504,56.388,59.436,Mixed_Coarse
19390,180,121,1,512093.77808399027,4597247.681205642,772.0639975585938,836.61504,59.436,67.056,Mixed_Coarse
19390,180,121,1,512093.77808399027,4597247.681205642,767.4919975585938,836.61504,67.056,68.58,Mixed_Coarse
19390,180,121,1,512093.77808399027,4597247.681205642,765.2059975585937,836.61504,68.58,71.628,Mixed_Coarse
19391,206,125,0,512490.99358119187,4594687.130835594,838.3832122070313,838.727304,0.0,2.1336,Mixed_Fine
19391,206,125,0,512490.99358119187,4594687.130835594,834.5732122070312,838.727304,2.1336,7.62,Mixed_Fine
19391,206,125,1,512490.99358119187,4594687.130835594,808.2080122070313,838.727304,7.62,54.864,Sand
19391,206,125,1,512490.99358119187,4594687.130835594,783.0620122070312,838.727304,54.864,57.912,Very_Coarse
19391,206,125,1,512490.99358119187,4594687.130835594,780.0140122070312,838.727304,57.912,60.96,Sand
19392,192,129,0,512882.61698424176,4596115.089400757,834.5739853515626,837.86472,0.0,4.572,Mixed_Fine
19392,192,129,0,512882.61698424176,4596115.089400757,828.4779853515626,837.86472,4.572,12.192,Sand
19392,192,129,0,512882.61698424176,4596115.089400757,823.9059853515625,837.86472,12.192,13.716,Mixed_Fine
19392,192,129,1,512882.61698424176,4596115.089400757,808.6659853515625,837.86472,13.716,42.672,Sand
19392,192,129,1,512882.61698424176,4596115.089400757,788.8539853515625,837.86472,42.672,53.34,Sand
19392,192,129,1,512882.61698424176,4596115.089400757,782.7579853515625,837.86472,53.34,54.864,Mixed_Fine
19393,190,124,0,512429.93794186163,4596264.615977221,835.5308,836.23404,0.0,2.4384,Mixed_Fine
19393,190,124,0,512429.93794186163,4596264.615977221,832.4828,836.23404,2.4384,6.096,Mixed_Fine
19393,190,124,0,512429.93794186163,4596264.615977221,830.0444,836.23404,6.096,7.3152,Sand
19393,190,124,0,512429.93794186163,4596264.615977221,828.5204,836.23404,7.3152,9.144,Mixed_Fine
19393,190,124,1,512429.93794186163,4596264.615977221,819.224,836.23404,9.144,25.908,Sand
19393,190,124,1,512429.93794186163,4596264.615977221,808.556,836.23404,25.908,30.48,Sand
19395,362,142,0,514271.81850322196,4579108.22835891,903.040809765625,904.29588,0.0,2.4384,Mixed_Fine
19395,362,142,0,514271.81850322196,4579108.22835891,899.230809765625,904.29588,2.4384,7.62,Mixed_Coarse
19395,362,142,0,514271.81850322196,4579108.22835891,894.354009765625,904.29588,7.62,12.192,Mixed_Coarse
19395,362,142,0,514271.81850322196,4579108.22835891,890.848809765625,904.29588,12.192,14.6304,Mixed_Fine
19395,362,142,1,514271.81850322196,4579108.22835891,887.800809765625,904.29588,14.6304,18.288,Very_Coarse
19395,362,142,1,514271.81850322196,4579108.22835891,879.876009765625,904.29588,18.288,30.48,Very_Coarse
19395,362,142,1,514271.81850322196,4579108.22835891,870.732009765625,904.29588,30.48,36.576,Very_Coarse
19396,358,139,0,513944.4629295504,4579453.63151677,937.45598046875,944.075328,0.6096,2.4384,Mixed_Fine
19396,358,139,0,513944.4629295504,4579453.63151677,934.71278046875,944.075328,2.4384,6.096,Very_Coarse
19396,358,139,1,513944.4629295504,4579453.63151677,923.73998046875,944.075328,6.096,24.384,Very_Coarse
19396,358,139,1,513944.4629295504,4579453.63151677,903.16598046875,944.075328,24.384,47.244,Very_Coarse
19397,334,147,0,514751.8944870273,4581865.193085617,878.1828146484376,878.019072,0.0,0.9144,Mixed_Fine
19397,334,147,0,514751.8944870273,4581865.193085617,874.9824146484375,878.019072,0.9144,6.4008,Mixed_Fine
19397,334,147,0,514751.8944870273,4581865.193085617,871.9344146484375,878.019072,6.4008,7.0104,Sand
19397,334,147,0,514751.8944870273,4581865.193085617,869.0388146484376,878.019072,7.0104,12.192,Fine
19398,279,75,0,507500.5668493151,4587333.109592161,946.4555951171875,953.868552,0.0,1.8288,Mixed_Fine
19398,279,75,0,507500.5668493151,4587333.109592161,943.7123951171875,953.868552,1.8288,5.4864,Very_Coarse
19398,279,75,0,507500.5668493151,4587333.109592161,941.1215951171876,953.868552,5.4864,7.0104,Sand
19398,279,75,1,507500.5668493151,4587333.109592161,921.6143951171875,953.868552,7.0104,44.5008,Very_Coarse
19398,279,75,1,507500.5668493151,4587333.109592161,900.2783951171875,953.868552,44.5008,49.6824,Fine
19438,370,148,0,514866.432663505,4578237.1626393385,900.97201953125,904.713456,0.0,6.096,Very_Coarse
19438,370,148,0,514866.432663505,4578237.1626393385,891.06601953125,904.713456,6.096,19.812,Very_Coarse
19438,370,148,1,514866.432663505,4578237.1626393385,878.87401953125,904.713456,19.812,30.48,Fine
