Stress_Period 444000391 444000484 444000561 444000562 444000576 444000578 444000582 444000583 444000585 444000592 444000595 444000600 444000602 444000603 444000605 444000616 444000618 444000619 444000627 444000628 444000638 444000643 444000647 444000656 444000660 444000662 444000663 444000664 444000668 444000675 444000677 444000681 444001409 444001429 444001431 444001471 444001485 444001488 444001495 444001504 444001517 444001518 444001527
1990-10-31 646.8364 51.2318 14857.42 15953.13 3789.096 3070.936 5614.568 2061.87 6488.252 442.1632 18345.56 2926.207 264.16 294.6908 10058.76 7243.267 17355.51 5667.121 16509.39 2453.716 1119.073 347.3196 1519.58 4245.102 1414.755 5985.18 13933.45 5666.892 17094.12 4162.196 3592.576 14967.15 4405.147 22641.81 344.2208 4115.537 5965.596 1291.844 6812.585 303.5808 1277.366 2380.666 7894.244
1990-11-30 1351.077 260.7564 25861.8 33110.32 5368.519 8096.682 17433.72 3723.843 17553.79 1458.697 36829.75 10927.46 620.1156 432.2572 13677.01 23511.87 33013.32 20315.48 50465.58 9788.931 4206.265 466.5218 4275.684 5656.377 6239.916 16716.68 31079.19 9245.041 62428.4 7971.892 7936.128 33098.41 7479.589 36039.2 913.3078 8606.384 13908.89 3898.138 24756.67 1377.137 2690.673 3709.06 23438.03
1990-12-31 3300.349 506.984 29619.17 57328.54 10192.49 13466.62 30009.57 4797.552 30952.57 1917.065 67876.4 15006.32 785.0378 498.8814 18101.23 33066.61 61992.61 28543.4 69162.52 13803.93 5694.985 574.294 6200.165 10831.81 10159.9 27717.17 51601.24 11717.15 88874.55 13821.44 13773.94 60052.48 13445.62 67918.18 993.5718 14643.1 28636.04 8491.982 33940.19 2826.233 6623.914 5071.897 46352.28
1991-01-31 586.8162 396.5702 16693.59 57776.9 2917.469 13394.66 27899.77 2036.547 30599.35 804.6974 73631.65 4976.368 294.0812 97.6884 8763.229 18073.57 59111.62 9722.993 24175.14 4834.458 1348.029 337.0326 2469.921 3341.294 7872.019 25100.36 53362.25 3951.326 38001.14 12992.76 12953.44 55619.83 2936.011 19094.42 508.127 15567.69 29785.72 9418.93 11093.42 3060.903 6382.029 2127.631 7951.445
1991-02-28 9882.2 1038.682 74600.51 160813.6 29444.49 35144.48 74936.53 12408.64 78651.43 4624.629 186478.1 37979.43 2024.101 1607.49 45307.07 75224.82 165134.9 71806.05 178108.9 33321.4 15552.06 1112.723 15946.2 35213.39 23243.51 73125.05 151748.2 32668.64 217417.6 37511.71 37876.53 156014.6 49503.58 199476.5 2932.227 45798.05 73470.69 21946.69 87129.7 6349.314 14563.06 13206.76 157586
1991-03-31 40616.81 4197.756 270793.2 1095726 122386.7 220830.3 432642.3 44378.09 490012.4 16582.67 1587078 163361.5 7568.133 6015.076 164085.6 314859.9 1673048 287487.5 780528.5 120118.8 55760.92 3517.519 273973.4 149320.7 116485.2 416945.9 961191.7 121770.1 898580.7 245387 215833.1 1343224 296158.8 1048502 10674.02 232256.7 678890.5 116752.3 346168.6 31267.83 66789.58 48248.37 678440.5
1991-04-30 7035.216 1357.833 80259.61 461627.5 55639.61 101006.7 120354.8 4696.816 141460.1 1935.328 682554.6 66762.02 682.8536 318.7192 15613.89 112782.1 762496.9 83870.98 297231.7 24670.31 8646.693 575.6402 106483.6 68500.6 30229.35 100445.1 357491.6 16024.71 348705 94496.23 66928.92 557502 91996.72 487766.3 1458.062 77910.03 240297.6 36964.42 133947.3 6695.415 25631.72 4367.733 99895.2
1991-05-31 1460.5 549.9354 40528.42 215934.7 55174.92 47903.33 65018.89 2323.338 78267.03 891.6162 347817.8 14116.25 443.3062 373.4816 10657.1 37869.8 426185.8 19138.14 89048.34 5885.104 2183.587 375.3612 60687.94 29801.24 17285.77 61921.47 180557.4 8374.075 110879.5 42349.52 34957.49 285794.6 33764.27 188193.8 463.8294 39665.4 130673.4 18862.83 32170.01 5061.433 14547.39 2425.751 31243.29
1991-06-30 773.938 66.8274 26428.62 69818.71 25368.78 14745.92 19840.91 1825.447 27052.93 448.3862 117946.4 5885.815 291.6682 377.0376 8875.268 9772.167 166846 10102.37 35302.55 3518.84 1667.027 335.7626 21293.05 11022.76 4343.527 24821.87 57784.9 6719.265 37254.71 14032.43 11701.45 112905.7 13492.61 75435.23 266.4968 13916.13 47857.54 6312.687 13958.98 1933.727 4059.834 1840.509 9962.363
1991-07-31 608.5586 35.0266 21608.74 32650.79 11314.1 6045.124 8624.773 1920.977 12146.51 404.0378 44484.7 5594.096 291.6936 466.6488 9320.606 6454.013 69552.21 10392.16 31120.1 4216.908 1862.176 353.7204 6327.394 5831.103 1203.401 13015.54 27217.78 7330.745 31137.17 8741.283 6698.971 46585 7043.014 39601.55 233.8324 9132.697 19130.92 3585.515 13123.32 616.712 2266.696 1874.037 6273.216
1991-08-31 432.3334 1.3716 12796.09 15318.76 4263.085 2295.957 2677.846 1505.026 4520.87 42.3672 18147.13 1313.917 39.5224 72.898 7778.521 2679.802 27975.81 2365.299 7564.095 626.4656 149.1488 326.8218 1215.238 3985.997 38.8112 4076.903 13005.89 2862.504 7016.318 3853.459 2981.579 17361.74 2948.686 17045.33 104.8258 3288.487 6428.613 1271.016 3104.083 68.58 1251.458 1735.277 3287.979
1991-09-30 350.012 1.2446 9758.401 8750.783 2735.656 1781.378 1810.868 1436.7 2417.572 4.0386 11076.08 1053.211 1.4224 1.2446 7230.847 2341.626 13520.22 1927.428 5480.812 544.1188 76.4794 317.5508 691.4642 3210.281 25.654 1455.852 6671.183 1980.946 5852.77 2388.946 1391.717 8907.932 1965.604 10869.22 90.8304 1201.649 3494.176 416.9156 2438.248 45.5422 676.7068 1644.701 2556.739
1991-10-31 2360.955 140.97 25376.23 15359.53 8731.072 4407.306 9170.949 4478.477 6745.656 1238.885 19684.59 8207.629 642.62 579.374 18160.47 16692.17 17766.79 15481.12 41381.71 6611.62 3680.993 547.2684 3424.047 9719.208 2536.723 6958.381 13358.37 10776.81 42140.38 5320.69 3885.413 15037.56 14616.89 60150.96 824.9412 4552.315 6446.139 1465.834 19615.91 468.6554 1192.962 4785.665 43360.47
1991-11-30 7553.604 796.6202 65706.83 92830.8 23131.6 21015.63 48325.1 10444.58 46263.48 4221.531 98441.66 32527.6 1807.286 1371.575 38508.31 64351.1 91878.84 61515.35 152068.1 28461.74 13299.67 993.3178 13503.5 26368.07 17280.43 43507.96 83399.2 27807.54 181717.5 22101.81 21898.74 87220.91 33900.92 148082.9 2549.779 25794.67 37086.01 11524.49 74472.06 3408.477 8642.833 11036.93 116817.1
1991-12-31 7369.759 1090.905 62082.3 177834.2 21873.82 43310.15 91179.07 9638.309 95451.45 3771.748 201782.7 32172.07 1646.504 1273.988 33139.81 66333.04 198002.5 61132.87 152416.1 29259.91 12243.46 963.8792 13254.84 23930.99 27608.25 91301.85 175635.9 25329.67 195633.9 49386.57 47269.25 186490.7 33372.43 135520.4 2306.117 52707.01 74213.09 24261.55 74113.67 7476.261 16155.62 9535.49 98537.93
1992-01-31 16476.09 1842.491 106349.7 293983.7 48400.26 75655.25 165193.8 17391.96 170206 6593.535 428903.4 61423.09 2731.11 2018.055 63468.68 120879.6 438119.6 114825.2 292669.2 51943.91 22752.28 1565.351 37672.49 59049.21 48938.48 157794.8 307386.1 45662.49 356065.1 87477.4 79156.64 377759.2 99155.96 348531.1 4111.422 83676.26 184906.6 40090.6 134963.9 13522.73 26678.23 18775.6 238328.6
1992-02-29 26322.2 2704.668 179237.6 695346.2 83640.12 162859.1 297178.5 28469.21 330234 6296.584 1119865 120122.3 3236.773 3722.573 102027.3 150504.7 1114510 191397.4 542188.7 74950.88 34953.96 2333.6 167001.4 105750.4 75385.96 267786.9 650510.7 75863.12 623649.6 177940.4 142798.3 858273.5 215445.1 775749 6825.488 157231.1 456881.6 82047.59 236618.1 20985 44088.53 29994.02 473544.5
1992-03-31 11522.71 1761.592 114193 544143.2 83635.67 131199.8 170900.3 8737.854 190240.1 3310.103 862391 85346.11 1375.969 970.788 27386.81 116826.5 905841.8 116312.4 382498.8 36610.04 13643.84 914.1968 168739.3 86906.12 40810.1 144147.2 451279.2 27670.61 459546.4 127207.1 90531.8 664287.4 117845.4 581959.1 2518.943 106965.9 332884.3 51026.11 172613.9 10161.12 36101.4 7877.785 166165.5
1992-04-30 2714.168 769.493 62364.57 271479.2 65212.29 63360.2 86041.69 4098.722 98555.02 1670.507 458641.2 26939.39 782.3708 623.697 14136.27 70418.63 510620.3 37837.06 149219.9 12622.4 4781.448 525.8308 76684.56 38327.69 21606.99 77109.27 231646 12887.88 184201 57490.92 46502.45 348916 44333.82 241484 971.1944 52984.07 169379.6 24847.14 59933.38 5924.398 21125.76 3395.929 50042.01
1992-05-31 1011.809 119.1768 31791.66 104045.6 31433.92 22709.81 30481.63 1611.478 40498.73 216.0778 186711.9 4800.829 125.9078 123.952 7904.658 17385.87 237131.8 7155.256 35722.71 1913.026 541.782 360.7816 31746.39 14746.17 7785.202 34372.8 87665.92 4125.265 43575.22 18825.51 16900.19 162679.9 16948.56 95466.92 176.022 18277.38 73644.99 8969.248 10734.93 2920.467 7350.328 1681.912 13175.21
1992-06-30 1050.976 101.1936 32609.54 40468.37 15183.61 7977.937 12369.01 2845.994 16652.57 1031.113 63287.25 8208.137 666.0134 834.1614 12355.55 13245.97 90190.73 15118.87 46003.13 6016.295 3273.781 444.2968 9819.107 7273.315 2318.969 16214.98 34647.66 11555.6 43366.26 9431.655 8731.275 62250.75 11701.91 61621.09 507.6698 11365.41 27009.4 4218.28 19835.93 846.9376 3160.014 2509.241 14370.48
1992-07-31 1099.972 259.8166 30643.88 55589.86 8003.286 10088.91 19999.96 3479.343 25868.96 1270.559 59797.37 12685.62 508.6096 356.1588 13040.39 23622.36 77876.63 24669.9 61267.72 11467.85 4621.555 504.4948 8028.762 5690.057 7351.217 25711.71 49311.38 8868.537 76226.9 11622.02 12662.28 63383.72 7636.993 36359.24 728.6244 13286.97 25551.69 6481.521 28689.12 1610.055 4686.351 3131.795 15168.78
1992-08-31 355.0158 0.5842 10887.1 15207.31 3257.804 1975.663 1766.697 1440.205 4990.465 2.1336 17820.77 1022.553 0.762 0.8128 7072.935 2364.994 24845.65 1795.069 5663.616 467.1568 46.228 359.8672 999.7186 2990.164 77.6224 4405.427 14217.52 1798.193 5997.981 2915.92 3225.19 15697.33 2174.469 12306.05 77.0128 3644.773 6327.038 1429.436 2365.654 39.878 1285.24 1520.419 2330.45
1992-09-30 293.3192 2.2352 8966.048 8444.408 2672.994 1538.275 1369.619 1398.016 2343.887 24.7142 11485.78 953.897 21.9456 35.7886 6883.806 2255.698 12887.73 1664.691 5379.06 446.3288 77.216 351.9424 654.5834 2549.677 41.402 1353.795 6867.296 1902.13 5451.754 1830.07 1374.496 8290.154 1818.208 10504.65 71.0946 1275.004 3579.292 424.5864 2235.581 25.654 723.6714 1463.751 1864.208
1992-10-31 2011.832 182.1942 29601.34 19829.35 9690.456 5079.67 12006.96 4626.966 9727.26 1758.467 27535.53 8966.251 1058.774 1198.626 19791.15 20284.49 22559.52 17027.78 52187.04 7551.369 4502.81 596.7222 3931.818 8656.168 3720.617 10480.88 18247.67 16350.11 48360.53 6275.73 5809.437 20503.74 18501.61 77258.62 887.3236 7691.628 8930.03 1944.624 21836.96 606.8822 1551.051 4755.718 43993.76
1992-11-30 6801.282 919.861 61203.36 109941.9 19681.17 24769.14 57251.27 9557.842 57015.48 3790.594 114038.8 34956.93 1393.698 785.9268 31655.13 66612.54 112756.7 65184.2 155703.3 31126.68 13171.68 987.5012 13957.35 23149.1 21449.13 52215.03 101464.4 21603.56 200429.1 24733.17 25492.66 108411.3 22923.68 107449.7 2407.666 27859.33 43208.6 13190.12 78727.99 4256.049 10039.58 9475.394 89186.44
1992-12-31 39222.38 3071.292 219928.9 480542.5 125683 135728.6 283186.9 35131.68 289318.8 12956.67 610515.2 127803.6 5932.195 5301.183 137605.2 227239.8 773737.9 216831.9 594259.2 92307.89 43922.87 2935.834 109169.7 154590.9 82817.36 268713.4 530008 104934.1 689212 158857.6 143499.3 638540.7 272302.6 939911.3 7902.575 157025.7 211805.4 52721.05 262814.4 18276.62 48548.47 39446.02 618572
1993-01-31 93644.9 1113.866 520195.1 393451.2 458788.5 123503.7 180690.3 43529.35 157397.5 4944.516 647234.2 88927.53 3240.481 4769.256 205920.6 248649.9 897439 128174.9 470326.6 32277.63 14692.27 13686.94 143697.2 666573.3 30962.88 125484.6 400517.5 111314.5 603390.7 155447.4 95411.06 574665.3 657895.1 2354713 10772.22 115803.8 226928 32695.97 170868.2 7053.504 42045.38 29651.91 1016972
1993-02-28 108280.8 795.9344 440974.9 415248.6 489344.1 154104.5 237323.3 114159.6 184057.2 3945.661 775364.6 91464.89 2684.577 4639.259 707155.4 256279.4 919749.4 161517.8 502496.3 54413 21651.49 27097.41 173283.1 621716.5 33447.46 163659.8 443348.5 214078.6 649728.4 202259 102402.6 597300.4 574294.6 2131213 10193.3 128632.9 284310.4 43953.73 189503 10988.32 40384.3 120565.4 929721.8
1993-03-31 117482.4 3532.81 1264802 1447771 633960.5 521125.1 788597.4 927209.7 597892.4 15268.4 3239806 249612.2 5041.113 5328.31 3917033 779595.6 2461527 481713.2 1323336 156188.4 55940.76 276413.6 568109.6 547083.5 112393.5 527262.3 1488870 659970.1 1819868 555022.2 264137.6 1711577 776381.6 3248646 24568.84 316504 1375172 216390.4 570722 54015.87 78953.26 685781.2 1336807
1993-04-30 77166.39 2942.92 859719.1 1690746 524500 398002.5 514738.8 1026775 470381.6 8340.928 2993623 214731.9 2707.64 1908.327 3800179 601831.2 2466716 401236.2 1199017 109804.4 33566.13 391688.3 597166.5 347634.4 75666.22 377082.9 1319101 503076.5 1232072 415500.4 196345.2 1907280 290055.1 1443031 17809.39 220297 1227742 171160.2 563312.1 46020.74 65439.59 613099.1 469301.1
1993-05-31 28973.96 1214.577 678747.4 810270.7 284563.7 170181.4 213409.2 496169.5 223629.2 2395.728 1322607 70437.88 1074.014 1094.74 1281512 217662.3 1318244 135007.3 505525.9 33236.54 8880.831 295066.6 187725.4 154297.5 31957.54 179457 628424.6 167023.5 513944.8 196289.9 99556.72 949739.1 109176.6 604271.7 9083.015 110090.6 538296.3 58546.62 225144.3 15928.24 37653.95 218096.1 154935
1993-06-30 14820.21 1079.957 575896.1 481183.6 137121.4 91893.49 131711.3 220472 152061.7 3687.216 797920.5 56068.54 1424.813 955.9544 485744.1 128529.8 844455.2 105558.1 327350 33963.58 14087.32 153061.4 154772.6 81364.53 29713.61 124459.5 381616.5 75453.16 357934.9 100438 67758.49 611387.5 73630.92 362439.8 6346.723 73960.84 311675.5 33815.2 141835.1 9431.884 29274.06 74776.71 127654.3
1993-07-31 3912.514 135.9408 306474.8 112733.2 55066.89 20874.94 26172.01 57166.28 35376.76 265.176 201692.8 7259.422 119.8372 137.5156 118042.2 15688.18 264250.8 12518.8 56501.33 2933.751 1234.338 38172.64 51759.41 26575.18 5956.173 29750.05 84856.73 20286.24 55367 19542.25 14565.15 182874.4 20833.38 126012.7 2229.256 16208.68 83797.83 7291.629 18846.27 2228.52 6086.907 14804.57 20411.87
1993-08-31 2059.788 91.1352 162958.1 32149.82 24205.87 5772.455 8931.199 16303.52 10076.84 350.3422 53280.67 5886.628 242.1382 399.1102 33375.96 6053.811 88047.78 10276.69 31912.41 3809.822 1836.953 8542.655 14768.75 10790.25 1611.122 9539.427 24487.78 12724.23 30356.28 7473.696 5488.076 57627.21 9239.936 57855.61 1391.92 6837.832 24964.57 2599.284 14187.91 509.8796 1720.291 5579.847 9122.385
1993-09-30 1300.124 64.0842 85433.56 14894.13 10295.13 2989.478 4783.43 4886.249 4989.5 173.609 19661.45 2236.318 90.678 99.5426 17568.44 4175.989 35278.08 4000.551 12135.76 1483.182 677.7736 1590.599 3311.398 6246.851 1145.464 4234.485 11793.02 6087.059 12062.69 3280.969 2557.475 23957.89 3921.684 26398.35 924.8902 2390.47 8514.842 1031.138 5495.188 303.657 912.622 3731.793 4930.013
1993-10-31 1024.204 118.3386 57681.09 16945.1 6323.051 3998.163 7364.857 3288.309 8028.813 594.741 21888.93 3289.757 274.4216 186.055 14512.52 9639.097 27462.4 5999.302 18101.69 2918.866 1319.657 831.5198 2101.418 5035.296 2566.492 6869.963 15082.11 5777.408 21546.08 3384.779 3195.142 21930.67 3217.443 22453.96 855.7514 3717.95 8223.631 1654.734 7622.057 585.3176 1205.433 3176.549 3933.596
1993-11-30 1149.35 104.1908 44016.32 13474.14 6160.872 3262.935 6476.187 3286.176 6272.124 699.6176 19386.85 3800.932 411.6324 412.623 14781.48 9007.297 21676.67 6958.965 21209.69 3022.067 1642.491 677.7736 1878.559 5305.222 1923.72 5503.621 12234.6 7671.181 20884.59 3435.807 2892.349 16994.15 6586.525 34088.12 796.798 4041.953 6620.789 1330.02 9306.281 405.0284 1047.013 3313.201 12838.68
1993-12-31 33645.68 2924.404 250303.8 474781.2 100552.5 105313 233738.2 35794.8 241458.9 13064.97 575231.3 110897.3 5587.898 4231.005 131536.3 216554.8 568472.3 210021.3 532477.1 94838.6 44353.66 3089.758 66059.35 118285.1 72501.76 225115.3 441574 92379.01 636864.1 119290.3 111784.3 517205.1 184529.2 667531.4 8717.356 125010.4 244204.6 58567.68 251669.5 18775.45 39524.66 38652.3 502501.3
1994-01-31 10460.79 1523.111 139278.2 387931.7 45664.93 71183.35 132171.1 11339.83 151867 4034.434 575074.8 50994.11 1709.928 1100.226 36913.87 86753.47 583789.6 76687.35 227658.4 28922.04 11822.63 1143.203 107568.4 55748.63 35632.34 114942.1 299283.7 26016.71 253845.8 79531.03 62524.11 456185.9 79471.88 365722.8 2728.874 69036.79 229119.4 35643.31 97022.29 10896.19 31917.72 9923.17 146475.8
1994-02-28 22050.35 2071.929 220464.8 657263.2 102920.1 157389.5 246173.4 27869.08 267599.3 5187.975 1006633 101267.5 2574.163 2831.846 86812.2 166664.2 1068117 161478 479027.1 57472.91 26832.46 2794.483 176136.5 104661.1 57145.12 221010.6 589559.1 60402.27 553640.9 161527.2 119866.8 798665 175521 672970.4 5812.003 141888.3 409391.5 70718.35 215059.7 13912.16 42074.77 23075.95 367354.3
1994-03-31 8643.569 1270.787 161730.4 402010.6 95556.45 102832.6 125073.3 17459.25 135342.2 810.1838 677211.5 56359.2 334.9752 101.1936 28044.55 138989.5 737538.8 76620.78 278231.6 21053.5 5519.801 4131.716 135794.3 78003.98 28438.96 97931.25 343961.8 14162.66 357675.3 96257.92 63554.56 514775.6 83875.42 427104.7 1648.511 77453.01 242862.4 36473.71 120430.2 7322.134 29712.92 3295.218 96034.94
1994-04-30 3082.747 379.4506 108533.2 168999.6 56816.47 42931.66 54086.94 26983.08 64574.32 1021.639 323734.6 14318.61 536.3972 482.9556 19313.6 46891.47 352941.5 19543.29 89611.89 5722.925 2772.41 7192.696 50067.11 33744.31 11975.72 47988.32 150274.4 10581.79 108042.8 34817.58 27373.73 234482.9 33873.67 191461.6 1087.145 34510.98 119254.6 16204.39 32605.88 4475.15 14111.1 3207.995 40686.41
1994-05-31 1556.563 309.1688 77389.2 113876.8 30696.99 24607.82 37591.39 18579.69 49842.09 1018.54 200707.8 8881.948 442.6458 359.1814 13875.74 26509.85 222143 16183.66 54113.84 7771.587 2914.32 17038.9 27339.44 15428.87 10366.3 41028.11 102440.5 8258.099 71236.54 19803.06 20331.53 159114.9 17950.21 98482.96 809.9044 24005.34 81471.31 11538.79 19940.83 3515.208 9162.872 2601.265 17297.81
1994-06-30 804.0878 11.8364 39220.83 34560.74 12758.67 6648.552 7598.562 5345.405 13942.97 52.2224 60978.16 1592.25 40.5384 64.5414 9028.379 3400.349 81726.76 2466.137 10211.64 618.8456 193.421 4892.954 7090.994 6001.537 1268.247 13165.33 29907.64 2809.494 10185.35 6273.597 6067.933 56287.8 6311.976 36528.53 346.837 8207.019 28422.07 3731.031 3656.838 895.9596 2226.539 1660.627 4517.339
1994-07-31 620.4966 10.4902 23162.39 13732.84 5535.854 2170.963 2083.765 2276.729 4178.605 19.4056 19682.21 1181.252 8.9408 8.636 8502.802 2583.307 30820.13 1822.958 6746.951 474.8022 112.4458 1103.351 1422.171 3972.839 195.6308 3415.944 11879.56 1951.304 6788.277 2060.778 2378.126 20001.81 2796.591 17730.55 295.2242 2604.77 8154.365 1116.584 2682.9 139.065 1005.23 1655.14 2834.665
1994-08-31 494.919 9.0932 15046.93 6768.287 3720.186 1520.139 1361.999 1872.742 1860.575 16.6878 10865.97 1028.344 7.6454 6.9342 8088.655 2303.958 14753.79 1563.624 5643.702 412.9278 95.6818 696.2394 827.0494 3130.728 169.4688 1013.13 5263.693 1698.117 5764.987 1399.311 863.727 9788.754 1968.678 12237.47 249.2502 801.8272 3727.882 302.8696 2324.837 94.0308 454.279 1603.654 2115.795
1994-09-30 529.082 30.9118 14649.75 6468.593 3846.703 1747.393 2572.156 2063.979 2072.869 257.7846 10851.54 1920.494 166.4208 203.2762 9078.316 4346.245 12487.25 3311.601 11234.83 1244.295 691.3372 606.8314 1067.181 3028.823 565.8104 1940.103 5395.849 3676.802 10361.98 1841.068 1232.637 8359.267 2969.92 16482.29 319.1256 1584.376 3567.786 413.7914 4596.13 141.3256 462.6864 1882.902 4284.091
1994-10-31 379.2982 41.2242 12716.2 8671.941 3102.686 2057.044 3106.141 1812.544 3695.979 270.8402 12668.1 2363.114 120.6246 92.075 7956.271 5474.284 14788.44 4039.641 12231.5 1827.073 759.2822 571.627 1258.24 2478.837 1157.326 3273.019 8039.71 2557.856 14190.04 1819.427 1681.48 10948.8 1803.679 11060.23 287.1724 1859.432 4531.36 685.5206 5222.418 208.2546 624.9416 1604.797 1886.534
1994-11-30 30044.85 1766.976 162721.6 238447 90942.39 56798.51 129165.6 27290.09 124348.1 11580.11 260003.5 78718.08 5784.469 4095.445 107185.2 182600.6 265611.2 148583.7 382360.1 67506.55 33386.98 2495.575 47368.69 110997.3 42195.52 123893.9 226042.7 80249.32 443452 66841.57 63085.9 250744.2 153081.3 609136.3 6276.848 74990.73 100964.1 30834.76 180781.5 9379.128 21693.38 30202.48 426910.2
1994-12-31 20813.5 1128.395 82134.25 168146.5 83799.02 42329.05 96665.08 9876.155 88841.3 3124.987 238054.8 23162.03 1991.741 2216.099 46676.18 61444.66 272834.1 42685.26 138726.8 19069.81 8595.182 1202.461 24146.74 113031.5 28700.45 80829.61 154385.3 40247.72 163431 52267.43 42993.49 222869.7 197245.1 681389.3 1430.172 47414.79 84751.16 19411.57 48386.36 6942.557 13355.04 11172.01 331577.5
1995-01-31 130118.2 2916.199 2147224 1019768 714342.7 306314.3 477265.3 265363.1 433470.6 25057.68 1944792 191325.4 13992.56 10348.93 1162814 743324.1 1867806 378418 1163648 144891.3 70629.91 123990.6 405131.3 646969.8 102928.9 395998.3 1041455 316418.6 1423596 371090.9 263934.4 1286765 1122122 4340507 37770.92 263905.9 742270.2 108742.4 429557.2 32709.21 99635.51 139307.7 1941661
1995-02-28 104129.2 2271.471 361581.8 810672.7 562879.1 245958.4 337274.5 487336.2 295827.5 7020.763 1381031 172293.6 2429.993 1409.344 2037087 458957.8 1431210 302593.2 853612.2 93142.05 28720.64 169906.7 288523.6 562802.6 57176.59 237701.9 720378.5 309348.1 1050001 283398.2 153225.6 1001802 339185.6 1537729 9939.909 161285.7 526323 86275.62 376878.3 21023.48 63770.94 317067.2 522326.7
1995-03-31 134836.7 6667.271 922369.4 2910925 682827.6 798400.9 1140915 1292632 1060644 21540.88 5063565 449661.1 9616.059 8164.474 4296082 1231319 5064310 772982.7 2363870 254790.4 90867.23 484379.5 1014030 655671.7 195710.5 918051.2 2631577 691608.8 2659481 915491 525169.9 3644147 731695.6 2903130 23509.3 548430 2081592 285451.6 1075554 85997.85 189338.9 766477.9 1329984
1995-04-30 84164.35 2328.748 1002256 1298167 541305.1 361237.3 489769.1 819924.9 425465.2 6345.225 2235058 223211.1 2534.336 1884.426 2897536 612148.2 2293261 396805.1 1221022 116343.6 31687.59 341005.7 434513.5 477007.1 63518.77 370109.7 1128595 460028.4 1347323 451100.8 211250.4 1569220 313005.5 1425899 15539.49 228916.9 918912.3 122066.7 567626.4 39273.58 84033.74 559334.6 450389.9
1995-05-31 31407.66 1398.88 780984.3 644584.7 251206.1 165373.4 228899.3 342421.9 210421.9 2365.096 1117632 80698.64 906.018 609.9556 1029411 258495.7 1175336 139280.7 473606.5 41146.68 10355.17 173631.3 215897.3 191868.5 37276.74 175399.3 545080.3 155133.8 556030.7 191453.8 101366.5 813559.8 120627.4 613688.3 7790.256 111540 442946.1 55189.17 199956.4 16640.17 47337.01 176047.1 157017.3
1995-06-30 9783.318 406.527 424568.6 216605.3 97828.79 48487.36 72384.97 95882.41 76224.54 1523.416 380305.6 25049.73 732.917 696.2394 264331.3 60629.62 439560.5 41845.33 143804.5 14046.33 6086.577 65172.84 77756.13 67632.15 14769.03 62239.63 180422.8 46484.03 165679.2 48960.84 33695.46 302591.3 44178.27 246782.4 3560.445 39160.83 154063.5 17941.19 56390.03 5545.252 17205.55 37940.64 59848.47
1995-07-31 3822.878 210.566 242458.8 100754 45771.66 19199.94 33063.43 34856.34 40316.89 1132.916 164883.3 14667.26 599.2876 722.0204 83600.9 23011.18 216747.8 27142.62 80112.16 11121.11 4992.853 30543.12 37494.62 27851.13 8372.119 37270.18 84029.8 24083.31 89872.41 19989.98 17448.89 155496.9 19955.99 116559.9 2122.907 19984.95 72989.64 9311.818 33203.85 3134.309 7373.214 10387.58 21256.85
1995-08-31 1938.858 36.2712 116867.4 30902.63 18696.89 5591.658 8175.498 9451.467 11634.11 23.7744 47384.67 2383.612 4.064 19.2532 26457.6 3494.075 77247.62 3863.772 11981.1 1198.27 451.9422 7431.202 11197.44 11154.18 1400.835 12168.66 25339.35 7680.833 13148.33 6874.891 5517.769 52837.03 6779.311 42520.54 1073.125 7001.383 23255.12 3349.32 5254.041 762.7366 1904.949 4984.826 6304.026
1995-09-30 1284.605 27.686 61033.28 12514.89 8215.427 2277.694 3661.588 3808.451 4169.029 26.162 17909.74 1704.442 9.4996 23.1648 16207.1 2610.079 30469.41 2553.513 7815.91 850.5444 331.4446 1436.294 2261.895 6402.426 644.0678 3833.495 10645.01 4641.19 8287.36 2422.982 2175.002 20347.66 3245.637 22631.04 760.6284 2193.29 7517.943 1127.074 3804.158 281.5082 880.7958 3531.641 3915.512
1995-10-31 997.2802 23.5204 39192.86 7761.707 5304.282 1847.494 2811.983 2978.099 2624.125 36.4744 12631.55 1450.696 18.8976 29.2862 13430.81 2451.583 18869.99 2114.677 6700.114 700.7606 272.3896 909.9296 1246.988 4933.671 528.9804 1913.28 6160.084 3541.344 7068.109 1732.585 1041.679 12964.54 2459.888 17068.62 607.5934 1040.613 4688.027 544.8808 3242.285 224.1296 506.0188 2975.432 3032.684
1995-11-30 798.1696 48.8696 29169.99 7911.643 4470.527 2097.481 3676.269 2552.725 3421.228 287.7566 13401.01 1887.779 153.2636 116.8908 11650.6 4841.215 16454.76 2995.803 9651.848 1251.661 575.7672 743.204 1175.944 4029.964 1015.009 2859.583 6936.232 3749.421 10792.71 1841.043 1210.462 11995.45 2399.741 16458.56 556.26 1837.766 5054.168 805.18 4297.324 305.5366 579.4502 2554.249 2757.17
1995-12-31 38615.9 3516.706 275464.6 634838.9 115424.9 142621.9 314381.3 42777.49 325145.9 16047.42 794947.3 131761.8 7224.776 5901.817 160583.4 265482.6 795350.3 249846.8 645686.2 111643.6 53046.93 3732.276 72799.22 135943.8 93194.78 306631.6 599038.3 116839.8 765462.6 164600.4 151391.4 704182 224544 811187.8 10351.26 167790.4 347941 79236.62 298857.1 26473.61 52834.34 46639.68 615935.5
1996-01-31 65807.13 2625.268 294725.5 837350.1 269194.6 192120.4 290242.9 40409.55 310307.3 17358.11 1258535 202621.1 7723.759 6431.077 196474.5 548693.3 1436837 325640.9 927810.9 115005.6 53900.88 7235.292 335570.5 334957.9 70602.58 245566.3 707664.2 144537.5 1007657 215622.6 148693.1 1058907 466804.9 1645237 7208.876 164231.1 488992.3 74473.92 381710.2 27897 97117.87 40474.52 859829.4
1996-02-29 114381.1 1592.885 1272635 1274314 589716.7 420418.1 566796.5 448524.1 464289.2 7613.929 2468270 176754.5 4760.646 5920.308 1837927 606602.9 2442813 319187 1072297 104142.7 34314.87 160351.6 461364.5 615495.9 64666.06 408069.6 1272442 338307.5 1361294 504183.8 243112.9 1623201 775642.7 3111524 21788.81 288999.7 993730.9 134530.7 432336.8 32314.64 84006.28 270801.8 1226879
1996-03-31 97456.98 1752.397 796464 772377.9 582717.3 253725.8 345892.5 731114.9 279317.8 4688.992 1654292 137942.6 2153.717 1448.74 2661875 447319.1 1371363 291202.3 809257.8 89231.88 26858.8 296549.5 274206.1 526710.8 49038.74 222367.5 706760.7 438983 967497.7 254566.9 123862.9 961030.4 418547.3 1836087 17112.16 145742.9 693665 95324.85 339789.6 29796.41 58337.3 422658.7 649409.4
1996-04-30 36300.46 1224.28 557211.5 604449.1 275436.1 155447.1 205912.9 486079.6 192882 4043.248 1228996 67064.05 1589.761 1158.799 1341058 244302.1 975043.4 128415.9 411335.4 37166.98 12524.41 243145.2 204378.1 198540.9 32891.5 154034.4 519256.8 167805.7 460938.4 146579.3 81810.63 711525.2 143396.2 738810 8660.257 98400.31 492403 60723.27 170478.9 18606.19 38818.31 196717.3 210800.2
1996-05-31 14959.74 873.125 485452.9 414135.8 147784.9 84968.36 120051.8 214386.9 130136.8 2911.119 740323.2 38822.5 1220.648 995.9848 571243.2 129655 685544.1 74949.61 247634.6 23479.2 9424.264 126618.8 140651.1 90559.05 25369.82 104007.1 344469 76111.91 272964.6 78116.81 55781.5 507922 73448.24 404218.3 5350.129 64534.82 297221.4 33786.72 98975.85 9741.891 26958.75 85809.96 97487.31
1996-06-30 4568.8 185.7248 283691.8 146371.8 64129.16 27345.89 38505.21 67619.12 47866.07 182.7022 267592.8 7697.318 63.1952 99.0854 166033.2 28140.46 300005.6 14921.86 62057.69 3460.547 864.616 43251.25 66582.52 33613.65 9796.323 39548.41 116292.7 22598.35 67332.05 22383.01 18075.45 221735.6 26275.18 159429.9 2039.417 19790 109427 10500.36 19161 3826.967 8660.562 21276.08 23893.37
1996-07-31 2288.972 44.4754 155723.3 39073.89 28419.96 6895.008 9217.457 18628.87 12364.16 140.1572 68829.76 2678.43 73.4314 143.8148 43092.04 5083.429 102791.2 4381.449 16903.47 1217.803 514.477 10007.6 20131.56 13070 1538.072 11787.58 30109.87 10804.98 16783.25 6779.438 5509.514 70971.38 10537.29 66559.91 1315.847 7260.768 32361.12 3490.57 6215.99 820.3184 2063.953 6099.886 8590.305
1996-08-31 1469.898 30.4546 79501.11 13604.22 11388.04 2399.741 3925.875 4967.453 4224.731 51.8668 19661.12 1626.591 6.2738 17.5768 18584.37 2887.421 36196.88 2413.762 7911.008 703.6816 246.1006 1758.213 3698.723 6965.01 775.1064 3484.194 10590.68 5420.03 8640.496 2473.681 1900.911 24384.81 4184.015 28563.29 914.8064 1994.179 8952.306 1130.783 3560.039 329.6158 871.3216 3840.582 4683.201
1996-09-30 1696.466 146.2278 55040.05 17475.86 8078.165 4491.634 10125.28 4641.418 8576.285 913.765 22665.99 6986.575 427.5074 399.5674 18380.81 13910.41 28435.53 12568.66 34568 5816.168 2865.577 1106.983 3669.462 6883.298 3484.753 8563.686 15486.53 9114.434 38754.51 4504.868 3963.06 23416.24 7007.454 36586.46 1131.748 4369.918 8749.716 1895.805 15852.14 711.581 1168.883 4290.212 15455.85
1996-10-31 3172.993 255.778 55167.81 23038.54 11718.82 6230.341 15010.66 6733.794 12204.04 1918.919 30182.24 12193.78 940.0794 789.94 24729.16 25093.7 31436.94 22413.85 60137.93 10055.2 5511.673 1152.627 5416.245 10767.31 5095.418 12500.81 21569.68 14734.18 64053.64 6363.843 5926.607 27579.09 13750.26 66270.1 1640.586 7314.286 11378.9 2802.865 28489.96 979.4748 1745.259 6320.307 37842.98
1996-11-30 16853.59 1353.82 137549.4 234282.2 50883.85 50163.04 110140.6 21535.03 120262.1 7714.259 256096 61896.88 3450.387 2759.024 80583.28 123415.1 257643.4 117301.4 297821.2 53035.28 25333.73 2192.553 29158.72 58284.64 36124.34 117900.1 224174.2 55696.94 356132.2 56903.9 58143.34 239336 83053.45 338203.5 5205.273 68125.11 98814.94 30067.99 142074.3 9232.113 20218.25 23141.51 272071.8
1996-12-31 72814.51 5904.967 795660.4 1827951 284935.7 435692.2 718725.1 206651.1 745202.7 21562.9 2553831 304998.4 9920.351 8991.575 337729.6 719878.1 3098584 486540.1 1502835 177546 74040.59 85733.56 657198.2 324923 169530.8 641372.9 1618162 202241.1 1710752 513260 367331.7 2245525 642267.6 2276482 17611.72 385924.6 982362 180242.5 668726.2 50069.34 144914.7 76317.14 1172961
1997-01-31 121010.3 3177.616 623099.3 1359722 642068.1 374890.6 511145.4 354359.5 479215.8 10932.26 2016213 246365.6 5189.703 5249.139 1655264 722000.1 2591285 436929.8 1342808 150282.5 49048.24 126908.1 367911.8 664598 94831 434845 1231346 367420.9 1725553 504230.1 295385.9 1738099 730716.2 2811076 14667.76 275844.7 751415.2 120773.9 572349.4 35384.84 111619 264531.6 1221008
1997-02-28 73701.66 982.2434 590204.7 574354.1 413463.4 181862.2 235808.3 441825.4 201899 1697.761 1118973 90560.09 661.8732 544.0426 1671428 302801.4 1115792 167162.7 529775.2 54007.44 10724.01 193472.2 204626.2 410391.9 30411.12 166459.7 512572.9 253923.6 653327 218671 106915.9 723886.3 229952.4 1142507 8753.831 119039.7 430103.8 60140.39 231000.9 18111.6 43035.96 261374.8 324921.1
1997-03-31 32963.49 563.8546 600245.5 430648.4 247427.2 140808.3 187810.7 356805.4 156441.6 1543.812 1062365 50866.37 667.0294 725.2208 1099356 178876.8 833880.7 93402.68 319282.4 26690.73 7224.674 163597 146532.7 188102.8 23238.94 127492.3 408926.6 141368 372676.5 156558.4 75427.26 558422.4 122959.8 649804 7867.447 81930.09 442403.1 47015.1 130658.2 16035.32 32036.56 164256.2 175236
1997-04-30 11957.94 248.031 396172.1 204580.2 116762.1 56178.35 73540.59 152176.1 68379.87 1498.117 508234.3 20399.3 694.8932 532.3586 414374.6 66434.89 400782.6 35548.87 124527.3 10575.7 4466.971 80229.02 69607.61 74292.1 10357.97 54020.95 188383.9 55789.3 140368.8 54529.48 30001.01 276605.5 49440.72 303806.4 4479.646 34958.2 221671.1 18932.22 49262.18 6416.904 15527.05 56134.46 60829.75
1997-05-31 4518.584 113.0808 247269.1 95557.67 58116.29 21396.86 28298.93 60555.83 32944.59 342.265 229389.3 6012.231 129.6416 111.1758 140924.9 18727.83 201124.9 10891.82 40268.68 3726.485 1132.942 36315.14 34666.22 32277.05 5304.815 27221.76 82349.42 20598.56 48572.6 18007.41 12727.48 145352.3 21905.09 143829.8 2155.393 15887.17 106226.9 8434.603 13254.56 2993.619 6166.891 16477.72 19691.86
1997-06-30 2265.782 55.245 140183.7 36526.93 27685.34 6818.02 10759.49 19639.86 13095.6 515.9248 78104.64 4553.483 322.1482 418.3888 40775.31 8057.871 81497.35 7895.742 25461.85 3115.107 1570.431 11094.03 12042.98 13344.8 1793.951 13024.21 30688.08 12777.88 26212.93 7602.22 5967.425 60464.62 11380.17 72503.31 1440.18 8866.556 40451.96 4132.047 10510.44 1137.158 2408.784 5286.375 11438.86
1997-07-31 1735.125 62.23 85030.72 21141.06 14082.73 3560.699 7207.047 6931.203 7651.344 512.8006 33377.63 5323.51 276.6314 331.6986 20918.78 8236.229 40851.91 9495.841 26610.08 4048.836 1963.852 2740.355 4416.806 8106.181 1582.547 7936.484 17901.9 9196.832 28087.29 4597.222 4079.062 30221.83 6874.739 41417.44 1154.836 5373.853 17130.37 2486.279 12131.4 612.3432 1683.334 4047.287 11945.59
1997-08-31 1152.652 39.5986 48621.32 11812.6 7022.211 2181.123 4695.469 3662.782 4285.336 371.0432 18066.13 5240.553 227.3046 332.9432 15109.01 5681.472 21081.62 8729.116 24811.18 3489.884 1727.759 1205.611 2028.927 5435.879 1068.629 4011.473 9417.177 7170.547 24078.44 3049.905 2175.231 15701.65 3937.838 25752.45 851.6366 2831.49 7303.668 1147.064 11911.61 350.9772 1021.893 3033.801 5729.173
1997-09-30 2317.648 261.0866 49511.41 25508.81 9411.589 6774.155 16638.19 5737.327 13477.37 1707.21 32128.28 12677.44 789.3812 707.6948 21267.93 24635.31 31173.65 23215.75 61829.19 11094.75 5502.173 1142.086 5571.261 8591.169 5825.261 13917.24 23367.87 13389.89 70366.71 7043.445 6602.654 28818.64 10528.25 50132.94 1460.017 7188.835 12412.8 3007.208 28858.41 1123.62 2033.27 5236.769 27111.38
1997-10-31 4376.572 725.5002 65988.03 98731.32 15432.61 20518.07 49762.38 8644.534 51761.82 3218.409 104604.5 25676.2 1470.406 1273.327 30845.3 52778.53 108183.5 48599.01 125353.9 23655.91 10358.4 1321.816 11605.72 15053.08 18621.73 48533.68 91760.95 23034.8 152850 20413.62 24000.97 102648.9 22258.4 99515.9 2241.042 26516.71 40137.36 11563.83 58835.75 3795.7 9075.623 8168.716 68081.37
1997-11-30 18082.87 1723.974 144598.6 380979.7 55849.88 87376.84 187597.4 23649.13 204389.6 8884.234 441809.4 67839.29 4227.881 3576.701 89652.45 147652.1 452709.2 129826.8 341839.6 60027.74 28023.29 2377.719 32832.45 63209.55 54202.86 207176.3 380959.4 65538.32 412272.3 99282.17 100150.4 419685.5 104223.3 400083 5695.34 111531.7 177968.1 51652.12 158315.5 16848.2 31337 25313.26 318317.3
1997-12-31 29842.51 2281.784 182384 547721.9 89245.24 119315.5 228508.8 26716.61 251164.4 9894.748 780655.5 117476.3 3840.074 2504.262 96205.52 193649.2 952633.1 193091.7 514576.8 76476.73 34824.39 2687.371 150843.5 115668.7 69411.01 203455.8 488969.7 67192.3 590816.8 136730.9 115025.3 724295.8 182649.1 643839.6 4996.358 106401 311681.8 44425.77 229916.2 16307.61 47585.86 28630.8 384211.2
1998-01-31 85117.66 1915.592 1082825 994075.3 393966.3 293766.8 399304.8 196034.7 370289.5 14570.25 1737049 185649.5 7557.262 7084.619 732365.4 621689.6 1837047 300306 999245.9 95119.77 39727.78 65864.56 349826.8 420979.2 85468.66 340108.1 970469.1 221310.3 1204345 331010.3 219761.7 1273250 734166.6 2864208 17869.28 221980.6 700914.5 88652.15 396658.1 27681.1 99247.71 103588.1 1227115
1998-02-28 281469.5 14311.25 1889072 5540892 1573765 1707088 2478506 2344074 2205747 25775.31 8949585 1053244 9369.019 16486.94 10367450 1411210 10437800 1803175 5307806 591029.1 204681.6 790995.5 2039885 1568218 419786.3 1917056 5213136 1722083 6196139 2171513 1166996 7117056 1763583 6539745 50868.86 1173723 3434728 588537.6 2443088 141577.2 177448.3 1883798 3040922
1998-03-31 196562.4 3403.905 2158271 2076936 1032864 608556.6 894053.7 1508672 677417.6 25135.36 3872721 404446.8 7351.801 3252.648 5628471 1611540 3635789 716399.4 2083640 207888.8 62009.81 581950.4 858422.9 1027228 102672.4 621672.5 1802322 932926.7 2267630 782642.5 340152.2 2605403 554202.7 2590391 34929.85 382931.4 1726186 198546.9 970907 74071.71 212760.4 1104323 910825.8
1998-04-30 88187.15 2377.465 1602718 1392615 553256.3 350967.2 487556.5 952257.5 395746.1 11359.69 2363940 215085.4 3256.407 1336.065 2747153 990189.3 2262391 371494.6 1204939 108874.8 31135.73 257268.9 341975.8 481511.3 62407.27 356072 1156450 394737.1 1292651 427225.7 199294.7 1590335 292859.5 1559625 20570.16 217643.6 911620.4 113523 535797.1 43830.8 130797.9 552782.5 438858.7
1998-05-31 28876.52 1232.205 941832.1 632843.7 243692.5 143494.6 205293.1 264691.4 191820.7 4464.609 1156047 67085.9 1911.756 1264.31 896296.2 320474 1079255 114045.8 414522.8 34136.51 11817.58 218750.5 190643.5 188639 33651.77 167461.3 524196.4 126130.3 453957.1 165508.1 95019.14 774015.6 103790.5 589943.9 9535.871 107349.2 491392.5 50969.67 162835.5 16794.12 64680.9 154668.6 138709.4
1998-06-30 10244.2 734.2886 540244.6 323369.9 106452.6 65980.82 99283.77 171261.9 101135.5 1741.856 605742.2 34448.32 712.089 575.564 324963 128729.2 582279.2 59346.52 203871.2 19037.22 6808.191 123465 118413.6 80923.97 21624.47 82323.64 258611.8 47592.79 226799.8 71365.49 45190.26 424434.2 45922.79 280750.3 4270.121 50587.48 248625.6 26131.77 76024.87 8447.532 35264.12 46976.08 51947.57
1998-07-31 3756.685 53.4162 285932.1 81897.68 46008.65 15858.39 21340.7 54783.51 25468.12 330.5556 166012.7 5313.426 172.085 133.2484 84059.14 19648.47 198028.1 8264.601 39328.14 2193.976 926.5666 50270.38 41499.23 31534.56 3951.681 23689.82 62896.44 16054.27 37865.63 15688.26 10549.38 140171.1 16685.21 114374 1999.031 12885.93 74163.12 6859.194 11308.13 2465.578 8537.473 11000.44 14555.62
1998-08-31 2083.968 31.877 141514.8 21071.08 18522.47 3745.103 5976.645 13760.75 6391.504 173.355 35377.55 2381.199 77.2668 20.5232 25641.02 5126.203 60010.14 3674.237 11795.66 1329.004 543.0774 11309.76 9236.151 12817.81 934.0342 6115.787 15810.51 7471.08 12818.72 4447.057 3232.582 40319.45 6066.638 43282.36 1267.409 3768.014 18671.31 2148.281 5278.247 550.672 1782.369 5192.852 6553.581
1998-09-30 1412.138 27.5844 75582.02 8817.432 8463.128 2153.31 4061.003 4356.786 2951.886 200.406 14166.01 2348.662 129.54 154.3304 16693.13 3745.789 24507.47 3648.786 11760.02 1412.799 699.4398 1985.467 2045.005 7434.428 723.265 2670.759 6394.806 5831.053 11221.77 2606.396 1336.599 16925.37 3627.349 25957.63 897.4836 1668.323 6286.729 822.9092 5386.984 350.012 798.0426 3697.58 4680.534
1998-10-31 1517.066 115.2398 59009.13 13281.18 7301.459 3628.466 8174.279 4279.925 6509.207 911.6822 19020.71 5457.85 465.455 398.8562 17071.03 12196.72 23580.45 9648.927 27738.53 4508.602 2374.189 1235.634 2817.241 6911.848 2578.684 6716.522 11677.12 8364.474 29807.33 3806.292 2970.962 18857.26 5540.629 32196.08 1078.128 3846.144 7767.422 1564.107 12600.91 608.1268 1099.718 4018.915 11045.98
1998-11-30 38340.11 5056.226 329772.1 1016433 119081 222310 483131.7 47603.77 495962.5 18954.95 1315070 165159 8610.422 7532.421 181734 335344.9 1765429 313005.8 820579.7 143939.2 64668.48 4491.177 365698.6 139651 140755.5 473074.5 949855 142667 989363.6 269377.1 241267.9 1353434 264469.8 921330.8 11490.1 251129.5 599730.4 117759.7 373380.6 38625.88 79673.04 51330.2 714640.5
1998-12-31 52920.37 2430.907 374485.1 909772 235842.9 216244.7 267883 63184.48 291406.4 8842.959 1183891 192370 3466.871 2076.602 193546.2 431258.2 1305615 275816.1 860284.7 76063.35 32711.14 18447.59 138688.1 293724.8 55590.97 213144.1 725755.1 88974.55 972025.5 246220.5 147821.6 965409 342366.7 1412199 8609.863 163408.2 350437.7 73377.53 393827.1 14078.94 80154.27 39793.75 567858.7
1999-01-31 43176.72 2239.493 424136.1 912785.9 248872.2 232085.8 342775.7 113522 339495.3 9610.928 1395578 148370.5 4545.228 3987.495 375651.5 413411 1694490 237899.5 768627.3 79216.38 32171.82 49693.09 382484.7 248719.1 68925.72 304278.8 819858.6 125057.2 930987.6 289535.7 191216.9 1168754 310204.3 1224498 8550.707 193973 568657.6 84478.39 338062.2 25153.34 79043.56 66308.1 598098.4
1999-02-28 143246.8 8237.068 1308713 2850572 745756.6 880556.6 1294092 1057358 1176844 16953.1 4723513 511838.7 7894.599 10051.49 4453366 1032619 5498043 888534.9 2720297 315626.3 107505.3 456530.8 1085432 748676.4 234412.5 1023610 2803166 730328.6 3176430 1088218 635267.7 3790899 1027608 3728635 28542.67 652908.4 1817547 279306.9 1169680 75885.09 148989.3 693359.1 1652358
1999-03-31 145895.7 2593.086 1420090 1198588 829423.7 429962.7 640377.8 979925.3 489393.6 7944.714 2014521 318041.2 1965.782 2859.481 4140872 541779.8 2177872 566735.4 1503971 171212.4 50520.83 327737.5 244036.2 790611.6 75690.55 435454.4 1182508 755432.6 1773528 561048.6 265327.4 1430279 473656.4 2192606 24831.98 302407.2 764580.5 129208.3 720184.6 38951.69 63047.47 811519.3 787684.7
1999-04-30 63727.96 1813.89 944355.5 758048.7 396627.2 223278.3 326870.3 594039.4 260888.4 4930.14 1541332 141954.6 1355.496 1023.671 1896950 447684 1375112 240852.6 730292.1 75968.12 21607.68 222371.2 251430.6 351093.6 47233.99 221150.8 675359.3 286042 837988.4 264654.3 134345.5 959679.8 224888.9 1076232 13078.59 153577.7 622308.1 65636.8 307900.6 23649.15 51457.86 341562.8 325403.9
1999-05-31 17842.38 321.7164 567939.9 285244.1 164962.6 67726.92 94188.97 274463.3 80517.82 883.1834 686637.2 26908.13 97.8662 61.468 616134.2 165234.2 556546 39955.77 166298.9 8556.041 1906.118 130417.6 113278.9 125187.8 14591.21 66635.71 228962.7 73255.68 181370.5 72328.71 38442.77 384691.9 66380.56 421497.7 4709.693 43554.42 294084.7 19388.23 53643.45 7375.373 24244.81 93203.29 75079.88
1999-06-30 5436.006 6.5786 311184.6 72687.38 64118.74 15225.57 18615.05 105716.4 18692.19 364.0328 207228.8 5293.843 42.5704 18.7198 163676.9 27483 181234.9 8153.629 38145.75 2458.669 864.8446 77741.5 39690.14 43532.6 1853.311 16204.23 55765.04 20846.47 37248.19 13827.81 8509.457 123321.7 22256.83 158897.1 2197.786 10644.71 95853.25 4594.657 10274.1 1580.464 6522.009 19593.69 20363.81
1999-07-31 2673.782 5.715 175636.2 20671.87 27570.71 3647.694 6217.59 34365.49 5235.245 219.4306 52726.36 2561.514 33.3248 15.3416 45708.09 5567.096 60580.4 3927.551 13011.53 1438.402 555.5234 25999.74 11250.45 17225.65 697.8142 4845.66 14413.03 9629.394 13454.18 4199.687 2766.543 41697.73 8807.374 63540.03 1403.528 3108.63 29437.51 1412.57 5308.829 643.0264 1465.758 6692.697 8154.467
1999-08-31 1794.637 32.004 102945.8 10461.98 13059.74 2589.174 6145.759 9920.351 3810.838 497.0018 18577.51 5906.414 279.7048 434.1114 21786.85 6153.074 26590.68 10039.73 28779.04 4114.317 2039.29 5193.843 3020.009 9534.627 1053.567 4027.297 7675.296 10096.98 27581.15 4099.966 1996.237 19775.93 5511.775 38997.08 1155.852 3009.671 9711.944 947.7248 13486 504.19 822.1472 4490.237 6554.47
1999-09-30 1218.438 4.191 56268.85 5344.693 6207.836 1543.025 2741.244 3802.532 1620.698 100.5078 9155.074 1322.502 20.6248 10.0838 14736.42 2559.202 14221.56 1914.347 5987.034 717.1182 277.749 1476.096 1373.53 6343.421 369.0366 1636.243 3823.614 3800.526 6491.097 1837.563 650.8242 9786.061 2608.605 18100.6 716.5594 897.3312 4557.649 501.7516 2818.206 294.7924 506.2474 3327.425 3513.684
1999-10-31 3088.97 138.7348 55203.29 12642.06 11677.14 3918.255 9761.144 6241.186 6128.817 1371.803 18910.58 8183.194 746.0234 746.3028 25099.95 16492.7 18537.99 15081.81 42846.5 6518.529 3949.802 1346.835 4003.015 12581.86 2724.683 7162.038 11173.82 13431.8 41108.02 4758.639 3514.674 15488.92 17510.07 72826.63 1339.113 4669.587 7351.801 1517.98 19687.01 634.8984 1083.539 6320.511 48145.37
1999-11-30 8065.44 968.6036 96890.82 125164.7 24283.62 27388.74 62365.84 12486.28 63001.96 4885.055 135240.8 37624.89 2057.349 1477.34 41343.12 75276.23 125792.3 70873.14 175081.5 33124.62 15076.47 1715.287 15985.49 25107.8 21416.98 59190.81 114801.1 30395.67 212144.9 29713.25 30061.08 119750.5 26548.74 134759.1 3278.962 35974.32 50640.59 16197.78 85624.97 4521.251 11441.68 11806.71 92679.57
1999-12-31 15368.78 1677.543 123664.1 255505.2 45083.5 62378.79 137023.2 15854.78 133314.6 5534.711 289727.9 50207.39 2199.005 1474.368 56795.59 103345.6 294530 94562.4 236864.9 45120.36 18986.7 1960.194 30627.73 52999.46 42126.61 131056.5 242298 37439.6 308542.7 69159.09 63186.16 281520.9 68612.94 275455.1 3905.733 70189.95 119610.1 34578.98 114432.3 11862.64 22130.16 16500.02 193824.8
2000-01-31 45115.99 1788.592 427068.1 598950.7 142607.2 127925.9 229825.4 46664.8 245729.8 9588.322 949865.9 99911.38 5115.992 5364.886 126355.1 243079.9 955279.3 157352.5 515564.2 55663.64 30145.08 17005.68 172532.7 183222.2 56250.51 210061.4 525077.6 98908.82 583060.8 149481.4 114117.7 707366.6 387163.8 1493091 7218.655 134481.2 377516.8 58743.19 203318.3 16138.14 51181.84 30976.72 738734.5
2000-02-29 74226.47 6221.349 487967.8 2058790 355091.7 507467 776324.6 266053.7 800979.1 17328.51 3349375 273198.2 7986.751 7091.832 446833.3 791330 3750089 455673.1 1434592 167356.3 66666.24 41549.98 832861.8 407059.2 171303.4 676262.5 1829806 193842.6 1703551 571297.7 397521.5 2719193 539438.4 2036122 14738.07 418556.4 1396738 200109.7 602217.7 53656.15 147902 76876.5 976115.5
2000-03-31 110015.5 3229.864 847580.1 1487322 669711 449164.2 574866.3 629967.4 535842.6 9605.721 2316040 305849.9 3682.06 2777.871 2521366 655202.9 2531727 518106.8 1587990 163649.4 46113.5 296802.2 307504.8 620620.2 80797.96 442704.2 1338806 420029.6 1917029 561058.8 294055.5 1721053 544323 2395222 17747.28 313040.6 793946.7 144260.3 748595.9 37172.01 93548.2 389320.6 875718.9
2000-04-30 35576.54 1129.055 651159.8 490201.2 273559.1 131994.2 181286.6 290088.7 179312.5 3626.053 863414.1 72773.39 1630.248 1303.376 869868.1 179638.6 955175.5 126521.4 414401.5 41663.72 12542.93 146383 149302.1 210563 30904.46 150763.6 442324.2 144824.2 502273.4 159168.4 94234.43 632823.7 147087.7 679077.3 7524.293 106134.5 340129.2 43387.64 173563.1 12629.54 34549.97 138169.8 216180.2
2000-05-31 12182.09 512.699 408176.5 248612.9 121057.3 57804.48 84406.87 129594.7 91330.86 683.5902 452341.7 23812.65 335.0006 302.1584 314661.5 65335.43 502356.3 37466.6 141694.8 11071 2537.028 91769.16 86443.59 82861.81 18336.06 72724.9 213163.4 48786.59 178869 60263.25 42503.95 346845.5 57035.7 302265.7 3188.487 47807.93 177230.8 20346.8 51721 6247.028 18387.9 42181.83 60675.54
2000-06-30 4050.614 24.9174 211990.8 70995.11 49325.56 14935.12 20530.16 38747.22 27260.27 199.7964 138029.9 5410.759 130.4544 189.484 80768.55 10667.36 183659.6 8981.618 35556.6 2932.786 1023.137 28023.59 29865.4 29160.19 3830.98 24441.68 59399.04 17280.92 40385.9 14884.48 11587.68 125562.3 20143.22 116248.5 1634.922 13886.59 60286.09 6100.267 12115.72 2116.76 4552.747 9464.853 17236.59
2000-07-31 2168.83 6.223 113738.4 21790.23 21601.94 3734.46 5658.155 10789.11 7356.45 119.9896 35780.09 2792.298 99.2124 184.7596 26657.38 3710.153 63103.84 4563.593 15563.29 1597.304 619.7092 6558.509 7548.118 12022.53 389.9408 7379.741 17606.52 9492.767 15071.52 5439.893 4150.792 40654.68 8499.119 50770.49 1090.32 5498.567 18214.9 2177.44 6496.05 473.075 1522.019 4763.999 7321.474
2000-08-31 1427.48 2.54 59400.9 8524.215 8735.619 1601.851 2587.574 3933.85 2716.454 25.1206 12390.96 1304.442 12.192 17.7292 16565.73 2427.961 23069.07 2012.747 6802.704 720.8774 185.9026 1668.348 1821.866 7196.938 222.5802 2136.927 6361.303 4747.489 7266.788 2131.67 1347.368 15329.51 3620.287 23874.91 780.6944 1346.556 5894.857 651.891 2923.21 264.5156 687.2224 3455.137 4280.992
2000-09-30 1056.996 7.9756 36138.94 5073.752 5452.313 1336.929 2419.553 2930.398 1659.661 92.4814 8733.739 1875.257 63.8048 104.6226 13188.54 2501.494 13139.37 2968.854 9868.56 1248.943 531.2664 1147.521 1248.689 5466.029 252.984 1535.252 3658.235 4033.114 10096.04 1930.044 764.9464 8805.774 2735.783 18112.97 609.219 1162.583 4109.974 449.2244 4224.503 218.5924 455.5744 2789.276 3268.294
2000-10-31 2559.812 253.7714 49760.33 21616.57 10525.15 6282.639 15761.41 6122.238 11832.41 1973.656 28681.81 11523.68 1009.548 932.1546 22984.18 25290.5 26070.71 21298.66 59393.91 10075.7 5356.377 1300.48 5196.942 9931.806 5136.49 12904.55 20163.94 15301.04 63753.54 6665.9 6078.982 24170.03 14484.6 64885.85 1497.127 7606.259 11344 2794.406 27011.45 1072.21 1803.933 5633.72 35978.34
2000-11-30 2572.893 535.94 46857.87 64584.61 8975.446 15387.42 36783.82 5414.696 35337.95 1801.343 69884.19 16201.77 712.8002 477.6978 17981.37 33915.15 69568.21 30332.53 75522.51 15642.79 5963.971 1185.85 7435.418 8767.877 13188.54 32700.67 58372.25 11769.34 99514 14739.75 15096.97 67294.68 8280.273 45279.41 1411.122 16980.84 28162.45 8420.964 35985.25 3026.816 6241.186 4702.785 24527.97
2000-12-31 12034.93 1175.817 100784.9 175233.8 34483.45 39644.8 85534.32 14973.53 90335.86 5305.628 193398.3 42366.44 2214.829 1566.088 51027.94 83630.9 190239.3 79689.4 196868.2 36809.55 17148.17 1892.732 18393.05 38154.05 26668.73 85670.49 168868.9 34313.85 243474.2 44657.52 44324.07 178690.7 46351.01 200439.5 3730.803 51750.75 74166.88 23721.16 96970.55 6698.564 15579.06 14734.92 162918.4
2001-01-31 20562.11 1842.033 144515 355591.4 62218.19 84921.27 183599.1 22780.6 195513.5 8501.736 432818.4 71381.44 3835.832 3122.549 87976.35 145578.2 517306.7 135995.5 350483.9 59708.06 28023.08 2528.367 44308.14 74241.3 55577.38 188844.8 359422.9 62554.08 412701.5 100882.6 93030.47 449162.6 134731.1 453765.7 4992.903 95805.75 177119 44355.84 159213.9 16684.78 32289.7 25087.12 336624.3
2001-02-28 31405.37 2208.555 202330 617595.4 103164.1 157225.6 273386.1 26504.82 294809.6 3860.571 917161.3 110401.1 2191.461 4217.01 106997 128201.2 1100527 185850.3 522103.9 74936.86 35120.43 3041.752 182794.2 133258.6 75893.9 246339.7 597439 83581.14 597940.4 175173.9 135900.1 800016 260831.6 917511.6 5484.698 146116.1 351016.5 70905.6 205905.1 12903.1 38732.31 27638.55 507403.3
2001-03-31 36164.47 2697.683 284085.2 784436.8 205763.9 220359 302851 39666.7 313418.3 2140.28 1198693 147619.6 1402.588 1934.413 127741.9 151634.7 1463281 221735.8 682997.2 69632.68 27429.74 5691.962 254193.5 231202.7 64775.56 248109.2 716627.1 69224.27 864119.9 239830.7 161213 1008081 263923 1196371 6400.851 180508.8 441405.1 81732.2 296371.3 13229.46 29930.34 22346.03 404436.4
2001-04-30 10243.85 898.144 163066.3 288303.8 123130.7 82394.48 109752.9 31330.52 117756.7 1981.962 496630.1 35215.93 880.872 658.0378 71465.01 83042.2 606016.9 50426.09 194794.3 15354.33 5508.93 12507.39 80114.14 90834.9 23667.34 92088.74 268282.7 21098.89 266184 83597.7 59482.66 386678.9 75690.1 376306.6 2126.361 66772.87 179158.4 29752.7 75805.13 7449.769 18485.41 6005.449 98701.96
2001-05-31 3802.532 179.6034 102417 113365.3 56844.13 29613.28 39912.77 38346.53 49070.08 323.4944 218700.5 7507.224 178.4858 175.3362 29013.28 22850.5 277979.8 10591.04 51208.13 2727.757 897.3058 34288.68 34732.32 34098.71 9548.546 39922.93 102395.5 8361.883 69498.92 26654.51 21463.43 181414.4 28355.47 152748.4 930.0718 23545.95 85666.22 10793.45 15636.47 3479.851 7098.589 2802.103 25368.86
2001-06-30 1949.679 39.3954 59722.13 31778.55 23632.21 7311.415 9267.647 13952.35 12718.9 401.1676 58460 3937.686 248.9962 301.1678 14757.96 7188.149 91491.82 6774.84 23792.33 2468.27 1284.453 11285.8 9565.157 12236.53 1319.403 12990.55 27706.88 7061.302 25493.75 7587.818 6603.949 57124.88 11235.03 62739.07 749.2238 8676.005 26932.36 3569.056 9191.498 762.8636 1934.337 2367.966 12266.98
2001-07-31 1578.026 126.5682 45756.3 26581.33 11932.23 5118.608 10527.84 5431.409 12135.36 923.7472 32690.82 8571.484 475.742 505.3838 15104.77 14020.14 49116.21 16277.01 44615.23 7352.081 3435.401 2623.464 4731.156 7687.615 3075.178 12688.95 24497.87 9632.95 49704.09 6719.976 6820.332 35294.65 7207.479 39553.74 886.7648 7946.085 14586.31 3069.565 19664.73 645.9982 1952.269 2864.129 12469.01
2001-08-31 884.174 1.4732 22880.85 9451.924 5003.724 1195.68 1541.424 2405.202 2984.017 8.2296 12000.1 810.4632 3.0988 2.286 9176.944 1828.521 19359.93 1136.929 4893.742 273.0246 44.6024 1207.491 1078.916 4812.868 65.6336 2225.98 8016.545 2059.661 5224.17 1593.266 1773.377 11536.37 2455.901 14776.3 366.4458 1772.514 5406.085 757.809 1763.116 124.1806 817.626 1755.902 2865.831
2001-09-30 1194.994 76.6572 25660.58 9308.897 5684.698 2414.981 5392.674 3391.357 4244.873 688.5432 13224.71 4560.443 367.411 364.744 12606.76 9294.063 14046.99 8247.507 24074.17 3593.313 2017.522 1086.383 2344.09 5447.157 1488.084 4150.919 7930.286 6474.536 24382.1 2890.825 2283.765 11166.91 5436.235 26527.89 669.8742 2735.224 5462.473 925.703 10756.98 326.9996 751.2304 2807.335 11619.08
2001-10-31 822.2742 53.0606 19135.01 11168.66 4329.455 2293.087 4760.976 2496.947 5767.172 345.059 14271.65 2722.804 188.2394 201.803 10094.92 6282.69 16250.34 4892.904 15151.91 2244.217 971.3722 992.7336 1918.03 4304.132 1844.827 5566.537 10638.71 4004.894 17072.97 2475.992 2721.178 13675.21 3756.127 19313.32 403.3266 3192.043 6147.257 1147.851 6084.773 351.6884 885.0376 2088.896 7081.444
2001-11-30 18322.85 2109.902 140349.5 311473.5 57625.84 86993.15 190779.8 24910.74 193176.2 9782.632 362087.6 75700.46 4720.006 4281.932 95233.64 162708.6 402265 145341.4 384110.1 69317.95 31969.35 2587.371 35040.44 64174.62 61051.67 192862.9 345589.5 74007.88 463958.3 92847.77 96638.87 367880.1 112061.4 446511.5 5467.375 109416.8 138605.7 41180.74 174846.6 13398.88 31000.98 26519.17 359917
2001-12-31 95590.99 7160.997 622144.7 948228.3 315008 377504.9 684086.4 91754.35 625667.6 28569.92 1349098 366723.1 12162.89 9423.044 364451.1 766279 2047473 583114.9 1567163 212234.6 100291 8601.431 312865.1 442277.7 197514.7 573674 1221635 238572 1811055 434341.8 343381.5 1476836 719923.4 2430543 17839.84 334916.4 393163.4 75130.76 678271.7 40420.54 132355.8 93881.63 1390978
2002-01-31 72413.24 2515.641 365035.2 510216.8 425773.1 202470.6 307197 106985 264147.9 8562.569 795028.5 171046.1 3427.628 2184.629 584413.1 458846.6 1138118 265283.2 765727.9 83039.28 29326.1 28272.99 191850.9 443829.1 60784.28 214071.9 571370.4 153869.8 943185.1 226729 142668.2 765952.6 347286 1558105 8057.464 164924.7 268330.8 51997.99 324759.5 15138.7 66356.2 100189.7 551499.9
2002-02-28 53204.06 2253.183 397468.6 557473.5 307667.3 205309.6 308104.8 155475.4 269664.3 7719.111 1032640 132993 3336.569 2701.138 739843.4 373615.6 1132903 218531.3 624014.7 77246.66 28002 50673 163044.7 270897.8 62286.29 230918.9 598622.9 169741.3 779956.2 223799.2 146220.4 770092 257838.9 1138659 9302.521 157979.7 437652.4 59244.53 267950.7 17431.89 60098.48 108528.7 449255.1
2002-03-31 36054.11 1651.229 453634.1 484815.6 260907.6 153946.5 209259.6 300912.5 189700.7 3593.795 1058183 87165.08 1307.389 681.4312 831485.5 288381.7 894210.1 141254.8 429347.1 49247.86 12455.3 122455.4 163900.7 189064.8 38898.25 146523.6 457439.8 136862.5 559950.5 156036.6 96416.09 612112.8 155195.7 871942.7 6613.652 112534.5 384937.6 55466.64 181649.4 15840.53 46153.15 98206.43 209012.9
2002-04-30 12552.05 493.3442 296393.8 256558.8 133852.4 65390.45 83551.06 224977.6 84259.42 564.007 677707.5 19565.49 368.681 434.086 386783.9 89979.37 446398.4 28993.21 125092 7826.756 1622.374 127223.8 81573.67 75702.24 16269.39 64958.7 228112 49882.86 160234.1 53668.78 37751.46 307139.7 57156.2 357309.6 2680.564 46613.01 279981.1 24932.74 42350.59 8229.448 20840.78 40484.4 63467.11
2002-05-31 5910.809 260.8326 244979.4 165476.4 70478.12 31261.61 43801.26 124426.1 52646.1 1127.023 410491.5 12652.5 480.8982 326.4408 180037 38457.2 270301.4 22405.54 73058.99 9147.683 3710.584 96901.66 48814.99 36691.21 10504.42 42750.66 140164 24048.03 90977.52 24255.78 21268.46 202229.1 32772.25 193921.6 1979.219 25015.85 177004.1 13092.71 27637 4542.815 10993.32 16302.2 42353.74
2002-06-30 2194.992 1.8542 150793.9 48062.29 29567.78 7516.292 8466.43 40978.43 13633.07 15.9004 120328.2 1686.204 11.938 15.5194 49672.32 4417.39 98252.26 2775.229 10841.18 946.5564 131.7498 33200.49 16324.15 12772.72 1062.863 12794.87 37806.61 7924.114 13059.51 6640.678 6000.699 75676.86 10376.33 71258.02 862.457 8095.818 58059.45 3874.897 3817.188 956.6656 2446.807 4561.078 7664.653
2002-07-31 1417.168 1.8034 90079.88 14875.03 12462.28 1931.695 2614.778 10353.24 3940.556 44.9834 28524.07 1330.833 41.2242 76.3778 18097.32 2522.22 32657.29 2131.339 7795.412 765.0988 188.722 7294.372 3330.372 6994.982 130.8608 3153.232 10778.54 5199.101 7609.916 2254.682 2270.887 25451.74 4358.818 32070.57 642.5946 2681.529 15797.99 1137.742 3136.697 174.0408 1010.336 3074.213 4284.091
2002-08-31 1012.368 1.1938 50378.36 5970.803 5690.895 1175.41 1551.203 3397.987 1679.854 7.6454 9217.914 880.8466 4.7244 6.9596 12512.09 1924.202 13002.79 1354.785 4883.633 488.6198 74.1934 1678.991 1330.452 5077.257 93.6244 922.9598 3850.208 3011.145 5319.42 1401.928 699.8462 10391.93 2444.039 17719.27 489.9914 817.7784 4525.391 376.6058 2041.169 114.935 461.4164 2452.903 2911.043
2002-09-30 764.794 1.2192 29587.09 3966.769 4080.739 941.2986 1252.017 2543.023 1064.336 13.8176 6481.597 727.7608 11.2522 18.2626 10322.43 1665.478 8251.774 1085.545 4146.702 381.5842 68.072 1156.995 1025.779 4051.275 74.93 727.1004 2690.978 2290.877 4462.831 1139.241 462.026 5708.675 1880.972 12926.77 381.508 670.3822 3118.739 271.9578 1690.192 86.3854 361.6452 2060.753 2223.999
2002-10-31 645.5918 1.0668 21460.28 3399.079 3518.891 858.2406 1073.099 2343.912 934.466 4.0132 5966.968 647.6238 1.6256 1.0414 9578.696 1570.025 7404.659 937.4886 3616.071 322.0974 45.466 1062.507 955.3956 3623.767 60.198 612.1654 2447.62 1821.561 4139.895 995.4514 394.3096 4819.777 1580.896 10515.17 326.4662 537.6418 2891.18 229.616 1484.986 73.9394 344.043 1919.91 1916.278
2002-11-30 18456.43 1429.436 134683.8 173029 54730.68 39779.52 92788.13 21760.13 88120.8 7758.709 179648 64975.08 3395.015 2779.522 80715.89 119798.6 176856.3 122198.3 304623.8 55948.55 26778.05 2464.206 27347.65 65011.43 32875.25 87455.83 159885.7 56904.38 359071 47323.83 45323.15 169701.7 84418.37 342077 5152.238 50665.41 66883.56 21157.82 149278.9 6166.333 14661.49 23401.99 275671.5
2002-12-31 64469.59 3131.566 1170481 1037936 419413.6 292403.5 479895.6 197047.5 454273.6 15597.73 1564571 205869.5 8829.726 10114.92 850326.8 532002.2 1820673 342012.9 1152001 120067.2 48193.32 88065.76 326210.7 268868.6 98834.24 417716.1 1043238 258797.4 1424202 361191.6 248426.6 1277495 854100.5 2989208 23216.01 277622.9 589584.8 107513.1 478177.1 30844.67 88323.8 135479.6 1489302
2003-01-31 129418.3 1745.742 561879 621042.4 555455.6 141231.6 215141.8 122564.4 204259 4982.794 1046767 104709.6 2567.889 2386.025 641635.2 219197.9 1042466 172442 495507.1 57822.41 24657.69 29917.59 190550.2 715049.2 42964.51 157495.5 479539.7 170863.4 570818.7 172017.4 98676.31 793619 492837.8 2078448 12893.55 109621.8 413577.6 56655.49 220206.5 13653.54 42196.18 96284.01 822375.3
2003-02-28 43235.25 1061.872 239108.6 416916.1 229603.4 106825.8 149366.8 239614.6 146671.7 3425.165 794270 55882.92 1486.484 1028.852 636815.6 175614.4 709512.9 99673.84 304091.3 32810.5 10853.8 102302 120511.6 254731.6 28614.7 121029 355479.6 104111.1 354749.6 118944.9 73047.4 504672 134327 672420.3 4931.562 79749.8 331838.6 46038.16 133482.4 13217.7 35027.51 82153.15 214163.5
2003-03-31 25907.59 1118.26 277455.7 468082.2 175607.8 113622.3 156065.2 254967.4 162864.1 3730.041 938125.7 55093.74 1614.018 1161.466 596490.1 185203.1 754967.1 96204.53 310883.3 33044.43 11422.81 141760.9 135227.3 145913.9 29605.17 130882.8 411535.6 86558.5 359347.6 116938.6 76457.02 554942.3 107068.6 559604.1 4808.347 86272.4 394450.3 47907.75 128749.8 14169.82 38845.08 74032.72 168351.4
2003-04-30 28283.71 1960.27 418393.7 789126.3 164083.5 181625.3 282529.2 250353.6 304735.1 8138.795 1413420 96503.64 3717.874 3015.894 555239.3 304689.6 1250810 173403 526401.7 62379.48 25595.91 129662.9 233475.7 131721 58176.29 263114.4 723901.1 109385.2 616309.7 190661.5 140696.8 938205.2 162707.9 702539.3 7396.429 159930.2 645410 82368.26 219895.6 25447.27 61088.17 81319.07 306879.3
2003-05-31 18080 1350.188 405483.9 541084.1 141321.5 124851 157222 217590.6 166070.5 2642.108 931116 70612.69 791.7942 262.6106 525976 235303.9 922035.6 116744.6 388479 37370.97 10541.15 116584.1 189219.3 98360.21 31609.94 124615 440236 75394.24 475583.5 126438.4 80238.04 666776.4 102724.6 523381 4129.075 85475.83 319898.3 43797.68 166036.9 12054.43 41071.77 68155.16 137437.4
2003-06-30 4318.305 50.3174 219830.7 109857.2 61992.26 24345.65 27377.52 52170.99 36081.72 7.0612 208952 6785.356 3.4798 5.969 134227.8 26253.34 268360.5 10287 56205.02 2360.016 234.696 30616.4 50415.75 30744.16 5408.32 29439.13 88829.72 20758.73 65729.21 21825.56 15716.15 178027.3 27322.09 161712.1 1317.981 16771.14 84326.22 8164.119 16623.11 2784.526 7283.45 13389.99 23757.92
2003-07-31 2355.647 58.9026 128581.6 29970.07 27126.67 5576.748 8420.608 13319.81 10137.5 539.6738 47975.14 5754.091 318.1096 394.4366 36391.16 9944.024 84291.3 10482.1 33166.71 4408.653 1981.048 5801.309 13921.56 12045.62 1443.812 9745.472 23797.9 13479.83 34821.72 6446.368 5669.737 53394.99 12119.41 67950.38 1110.31 7019.544 22831.15 2841.422 13732.36 638.8354 1892.148 4961.534 11369.75
2003-08-31 1795.043 89.8398 77771.88 24479.25 12966.37 3825.824 8706.764 5425.897 11100.05 721.0806 27343.94 7788.783 408.9908 497.459 21047.86 11515.73 43750.59 14670.05 40987.4 6617.614 2873.959 1741.424 5525.821 7940.167 3006.369 11333.66 21908.57 11388.75 44440.17 5749.214 5944.21 32750.18 7915.453 42298.67 990.6254 6790.385 11697.79 2458.898 18117.62 622.1984 1793.113 3784.397 14600.48
2003-09-30 977.3158 1.6256 38877.65 7630.693 5415.585 1082.37 1666.824 2903.118 2405.253 28.7274 9695.536 972.2358 26.2128 50.6984 12583.44 1879.879 16118.03 1523.136 5822.594 534.3652 159.893 1187.374 1422.806 4779.696 142.2146 1607.134 5708.167 3623.462 5801.995 1457.325 1162.025 10228.76 2618.715 16593.19 488.3404 1264.26 4376.776 540.512 2262.734 165.5572 679.5008 2302.434 3182.95
2003-10-31 783.0312 1.143 26122.65 4140.505 4068.597 917.2448 1276.655 2567.153 1290.371 3.3782 6682.918 712.343 1.4986 3.5052 10947.78 1635.506 9641.967 1075.284 4110.584 367.4618 76.0984 1093.013 1158.215 4047.185 107.7976 848.8426 2926.105 2407.488 4628.693 1110.615 476.631 6374.105 1921.256 12092.28 406.2222 606.4504 3268.447 293.497 1610.03 131.1402 370.1288 2047.748 2518.512
2003-11-30 12065 1020.013 103189.6 113615.1 36519.43 26097.51 61571.28 15606.73 56929.88 5760.644 122479.4 42868.57 2602.052 2090.115 56279.62 83652.87 111539.2 81096.13 203100.4 37006.2 18166.69 2000.225 18195.39 40148.76 21103.31 55025.06 102735.3 40289.25 235202.6 28951.86 27987.9 107291.3 48989.21 218210.7 3792.931 34003.51 45609.61 14518.21 98882.71 4063.289 10267.49 15759.86 162854.1
2003-12-31 40129.16 3387.954 244890.6 689218.2 121899.8 152576.7 328771.3 37480.77 343672.1 14094.64 873394.4 126460.9 6247.359 4718.456 138012.7 254795.7 952879.3 230611.6 605664.8 100180.3 46266.02 3673.983 106099.4 145112.2 92330.52 314317.2 638584.1 99588.4 717242.9 177097.4 156009.2 804534 234690.9 825089.9 9002.674 168945.5 356071.9 83668.36 271948.8 28301.34 56737.63 40078.89 580441.9
2004-01-31 62782.93 1430.02 143738.1 472817 247922.5 102961.2 142628.1 11538.64 151057.4 3403.803 697818.1 76084.71 1814.195 1939.138 56697.73 161378.6 833156.7 100489.8 345242.1 28696.08 13022.1 1727.911 175850.7 391130.4 33395.13 108087.9 356164.5 48006.13 396052.6 115734.3 72807.35 604195.3 237737.6 942772.7 2031.086 85078.72 252221.8 38306.17 139680.8 7632.802 41121.18 11657.46 362580.3
2004-02-29 105474.6 1752.473 2505176 1804080 702906.4 572187.2 798283.2 1003383 629518.5 10344.68 3787880 244955.4 5551.195 9122.258 4131683 784490.7 3214417 467221.3 1527775 143179.5 42852.52 377365.6 646900.6 505054.8 83558.91 566894.2 1780962 689687.2 1943035 685029.4 301344.5 2195720 1264716 4793994 41419.83 355791.7 1597691 204882 621261.6 54707.82 99093.25 655268.2 2088161
2004-03-31 123783.2 1846.148 597424.9 685677.8 664588.8 206922.5 289578.2 627926.7 252880.5 7378.268 1318478 145959.5 1975.612 1914.881 2168218 377871.5 1257011 268338.1 735056.7 72389.44 27178.81 209799.4 284645.3 644743.3 53093.62 204419.3 633856.9 363672.4 869365.4 208751.1 109623.4 897860.7 340339.9 1626256 13515.9 130907.6 542677.5 81793.31 350790.4 24954.64 45637.17 346631 567834.1
2004-04-30 36889.49 1098.702 397058.7 501181 268273.4 130726.1 169408 342652.6 163084.5 2819.857 955581.5 63777.01 950.9252 533.0698 1057370 219546.6 867178 117470.3 367150.5 31549.37 9880.067 187449.6 176847.8 209182.3 30697.14 124072.3 434769.7 143490 420705.8 114994.3 65999.44 637329.8 113209.9 593600.4 6027.801 78654.81 359041.4 45958.48 160446.1 13665.5 29200.58 164600.3 157355
2004-05-31 11440.64 327.2282 307511.6 221132.3 115971.4 49287.43 64894.69 131867.4 73254.08 593.09 418444.2 15050.24 223.0374 185.928 329641.9 57585.43 436913.8 26355.34 108126.1 5358.714 1887.525 98053.09 84830.51 76471.65 13676.43 55702.3 185802.4 44042.61 120643 38301.7 26887.04 319478.8 42487.8 250334.1 2700.503 32441.74 165929.1 17214.85 36762.99 5279.822 12481.36 48333.81 45468.74
2004-06-30 3840.455 76.962 183450.3 62000.03 46509.64 12945.36 15369.64 40226.82 20320.05 205.8416 122816 3478.378 59.3344 44.831 82888.63 8535.111 157338.5 6042.254 24599.21 1672.336 783.5138 35194.6 29326.69 27019.28 2766.136 17654.5 49814.23 14683.33 27764.08 9689.643 7619.543 109680.6 15424.84 94885.49 1479.448 10091.45 55448.3 5221.249 8100.111 1421.206 2954.172 10897.54 13877.47
2004-07-31 2104.39 57.6834 102085 19638.24 19825.89 3367.38 5865.749 11016.69 6297.803 176.7332 30811.32 2066.798 76.835 102.0826 26169.65 3415.233 52283.72 3430.346 11252.63 1124.89 614.299 7749.438 7159.879 11221.8 1201.496 5853.862 15447.9 8121.98 11879.05 3448.05 3056.712 35908.87 6344.514 40700.91 1036.879 3617.417 15872.61 1797.685 4778.705 441.4012 1165.733 4876.648 6660.744
2004-08-31 1423.365 47.3964 57283.43 8665.896 8947.785 1959.534 4191.914 4318.457 3150.641 222.7072 12997 2775.128 145.9484 250.571 16942.08 2837.891 19918.38 4535.602 14426.9 1606.398 933.2722 1795.45 2097.735 7075.627 919.9372 2857.983 6592.392 6748.602 12992.79 2529.256 1456.182 14772.03 3805.022 26364.69 777.875 1989.836 5482.844 757.2756 6536.106 298.2214 560.2986 3413.887 4839.132
2004-09-30 1012.495 37.5158 32944.84 5653.786 5084.699 1494.231 2849.245 3146.019 2114.372 111.9632 8423.631 1097.255 43.815 37.1348 12619.46 2287.397 11165.69 1765.148 5860.313 658.5966 360.0196 1214.069 1482.42 5143.043 740.2068 1932.559 4463.542 3263.494 6746.062 1511.732 827.7352 8195.488 2209.419 14907.16 577.5452 1024.636 3751.555 554.8122 2499.766 221.5134 424.2054 2622.144 3171.85
2004-10-31 11996.37 747.141 100467.4 72810.83 37115.6 17265.14 42463.92 16748.18 36210.32 5437.403 79332.71 38859.08 2579.98 2204.999 62334.09 74704.04 73765.54 73688.35 190275.5 31890.67 17344.26 2145.386 18276.24 42502.51 14976.7 36429.32 65503.98 41322.73 207608 20020.46 18897.96 70488.05 58099.25 242364.4 3818.255 23507.95 29889.45 8854.669 89823.49 2532.329 6451.905 17286.3 192751.5
2004-11-30 5046.904 1058.926 59792.74 149565.6 16141.83 35818.93 79913.02 6631 79417.82 2397.811 160553.8 24655.27 856.107 509.651 21610.7 50482.55 158175.3 46196.48 111860.6 24357.36 8616.086 1339.444 9684.309 17992.55 26435.02 75345.06 143126.4 14957.12 158504.8 39482.19 38088.37 151512.8 17346.29 71673.74 1769.643 39956.61 59124.57 19984.64 56395.59 6320.028 12959.08 5811.317 39223.67
2004-12-31 46166.43 3431.718 291663.6 721723.8 142993 181639.6 356594.8 38293.52 374201.7 13969.72 967736.4 150522 6447.206 5926.861 148853.1 272317.4 1240728 253779.7 709833 102433.9 48114.99 3750.92 167244.8 179551.3 95526.63 331656.5 714582.5 117028 819775.3 222471.2 182229.7 953762.7 311345.9 1029392 9263.405 193152.3 353808.7 83765.09 311054.7 25008.64 62540.51 41863.54 669671.7
2005-01-31 52132.61 962.5584 201642.9 348933.7 223873.4 104773.4 138500.9 22643.36 133455.7 2900.172 599072 58934.63 1910.232 2318.436 82653.45 134132.4 733762.1 78966.54 285417.2 19203.31 9103.03 9445.803 133033.2 339521.9 25699.97 102894.3 317583.6 56674.54 337261.6 120913.1 73215.25 495925.4 321687 1311669 3613.201 90048.54 226574.9 33549.11 116146 7137.654 35182.78 14604.7 491214.3
2005-02-28 37037.57 552.8056 253452.5 297933.7 203133.7 96156.91 124551.6 51306.12 114653.1 2142.668 550962.2 48965.84 1403.782 2133.981 235907.1 175854.6 605710.2 80024.55 281869.8 21059.17 5903.671 15795.83 94365.17 218815.4 17545.46 94875.15 292339.4 71016.34 371174 113549.4 64880.72 381688.2 264245.5 1123262 4629.404 81353.91 204830.8 32580.76 118428.4 6649.898 29463.67 34206.69 423996.7
2005-03-31 37399.39 942.975 382843.6 433083.5 239693.2 126244.2 188782.5 220636.1 188916 6041.212 909115.6 74234.17 3083.382 2927.985 555472.6 237713 755508.1 139989.3 430558.2 49385.09 19135.85 110709.5 124032.9 176122.4 32762.14 165482.7 432777.2 121898.3 547959.2 141912 95826.05 542660.3 271977.6 1086913 8692.947 111158.8 453144 53588.44 183105.9 15798.14 41388.44 67823.28 474068.2
2005-04-30 40347.85 2030.324 455222.7 728872.2 275432.4 176108 247298 338373.9 253536.7 6332.195 1326776 119275 2320.976 1463.142 913410.2 362507.7 1179690 210848.3 610880.6 72141 23215.63 185560 264349.4 188406.7 48845.19 202376.1 634549.5 164084.2 768574.3 188239 125575.5 879633.3 216543.5 994163.4 8934.018 134965.8 464921.1 66947.19 265377 18635.45 59173.29 99619.36 322203.9
2005-05-31 19192.9 1598.676 449290.9 594970.9 170374.7 133399.3 193950.7 183738.4 215987.6 5122.316 1008416 69373.19 2199.234 1676.044 523673.7 220840.7 1004045 125493.6 393135.6 44466.15 16406.14 100110.1 171453.4 104094.2 42986.32 179718.5 523485.1 99872.47 485568.1 139125.6 104103.5 730209.6 112658.3 521309.8 6026.76 115135.9 405784.5 53564.82 158330.8 15392.65 47561.63 58525.13 163606.7
2005-06-30 7247.915 591.312 286412.5 253957.3 79109.24 51420.45 74284.41 69693.05 88589.64 1368.171 420672.8 23942.9 696.468 721.233 189457.9 72427.03 476985 40928.24 145092 13853.8 5144.262 41757.9 85847.5 44051.25 19389.72 70140.04 208656.7 38286.69 175059.3 50184.13 41310.28 341392 49784.76 246228.8 2514.473 44283.27 160359.2 20444.89 54131.51 5907.176 20653.04 17799.3 69147.87
2005-07-31 2667.076 36.195 158053.3 73616.79 34166.76 13734.39 18442.69 20131.84 26539.34 55.3974 125611.7 3233.877 41.9354 76.6064 51335.2 10192.82 180580.5 5881.599 26008.84 1533.957 318.0334 11868.2 30694.88 15508.35 4412.132 24685.04 58812.3 12224.64 31100.09 12938.71 11380.34 125986.9 17325.06 92207.08 1193.317 12708.38 55323.79 6359.957 7328.637 2112.162 5018.608 4781.474 14160.14
2005-08-31 1546.377 7.9248 79797.88 18251.22 13079.81 2677.693 3286.658 5001.997 5804.865 15.875 24732.64 1225.982 5.0038 6.8326 18616.32 2746.299 50554.76 2133.803 7796.581 687.7812 146.8374 2175.866 5869.051 7156.272 277.2664 5229.936 14357.38 5653.837 8780.323 3251.987 3257.804 33020.43 5928.893 34090.25 840.8162 3792.271 12336.68 1781.556 2921.381 267.0048 1285.215 2842.108 5858.002
2005-09-30 1058.799 7.9756 43927.32 7193.483 5920.562 1245.972 1750.289 3099.232 2211.553 16.129 9626.651 856.234 5.5626 6.2738 12758.19 1889.582 18903.19 1429.588 5110.658 484.0224 121.8946 1296.137 1686.408 4961.458 214.9856 1510.792 5241.011 3370.478 5691.937 1421.333 1044.423 12607.44 2871.876 18364.3 621.3856 971.4738 4178.96 544.4998 2030.857 150.7744 560.5272 2149.805 3724.935
2005-10-31 977.8746 46.99 34321.93 6659.778 5067.732 1744.929 3465.525 3230.956 2710.815 367.3348 9944.43 2284.425 194.9958 157.226 12167.46 5525.287 13508.25 4131.615 12573.46 1806.245 944.7784 1183.437 1917.751 4437.558 850.519 2548.407 5342.23 4316.451 13446.94 1865.478 1245.768 9889.236 3084.043 19246.83 691.8198 1714.525 4159.885 697.0776 5435.371 244.348 551.9674 2240.28 4774.616
2005-11-30 20625.28 1771.853 167372.3 277209.4 62764.87 64328.04 144656.3 25266.24 146880.3 9448.47 301012.9 75179.1 4286.047 3624.936 91707.26 147172.6 308094.2 142822.2 361893.9 65067.61 31131.1 2765.628 34477.63 70141.06 46032.14 148259.4 268454.6 69256.71 430020.9 75414.96 72618.09 287190.6 106065.2 410787.2 6196.889 83769.66 117386.5 36442.78 173056.9 11521.77 23839.02 26052.32 315794.7
2005-12-31 54848.56 7186.625 433273.4 1648813 178413.3 461515.4 758321.5 57403.24 801462.8 22517.28 2456475 270890.9 9855.606 8300.517 225346.1 637125.6 3330435 445795 1284826 180349.3 78111.76 5202.758 628516.4 229962 198229.8 690950.1 1592047 172880.9 1508893 491068.9 384540.5 2291960 470643 1573631 13858.77 393585.2 942271.6 185919.8 558417.1 54851.45 144228.2 60236.05 977653
2006-01-31 141019.7 4306.646 1038411 1935911 723323.6 623002.6 847727.1 505977.8 766067.7 22306.28 3029955 456586 10260.18 8069.097 2163667 1293058 3461055 746317.4 2258994 236488.3 82480.05 175043.6 585085.5 776052.6 140732.6 660034.3 1867253 471021.4 2758409 814397.4 448340.8 2396505 906639.7 3644566 21750.1 465745.9 1073165 192975.7 1050495 54534.16 192294.4 320108.6 1571366
2006-02-28 112925.7 1244.524 1247470 950800.4 666382.2 307943.9 426501.3 1041488 334844.5 7269.175 2101564 198015.2 3804.641 3124.073 3618685 583375.1 1792279 375992.9 1100185 122293.3 36473.87 365078.4 339830.4 612074.8 63024.64 317725.1 894959.9 547742.5 1256873 385266 190429.1 1296843 494556.8 2201846 21212.1 190259.9 956705.1 92734.28 458715.8 34712.38 80715.28 594567.4 765448.6
2006-03-31 127886.3 4029.481 1315323 1866928 698022 544576.2 802929.8 992918.8 693689.6 10666.91 3253744 339347.1 4283.202 5167.071 4245637 691855.1 3235987 598495.9 1754709 192905.1 67019.12 424332 799788.4 635673.4 125213.2 600388.6 1741200 670830 1982011 658386.6 349879.8 2275011 629599.9 2441603 25301.04 373762.8 1334187 187163.5 759669.7 55220.82 84459.7 774858.5 1065008
2006-04-30 94946.62 3296.895 1270079 1712039 566382.3 440102.3 632311.6 1042404 532871.4 10815.9 2817021 264851.5 3883.965 2845.841 3378272 715213.6 2820808 467516 1463536 145763.9 43741.62 346645.3 489207.3 501683.2 87325.91 469752.1 1451706 513244.8 1602728 549485.8 271510.4 2032941 410590.6 1839772 19812.61 289294.7 1084405 150275.6 638740.5 45712.63 75130.58 645672.6 647631.8
2006-05-31 26551.48 786.6634 780250.3 509367.7 240023.6 108899.5 153062.1 238570.9 132794.7 1561.592 863565 54799.94 445.8208 380.9746 932104.7 170912.8 903745.3 92471.6 348204.4 23412.2 5653.964 192206.8 151083.4 180391.3 22921.72 115088.8 397770.8 131402.8 377608.2 132774.7 66662 618577.9 98733.48 557464.2 6990.359 72956.52 347904.9 34490.46 138712.2 11085.32 28216.33 163931.2 111977.3
2006-06-30 7480.833 113.665 400339 146901.3 86855.86 27411.38 39366.8 99129.42 41639.36 375.5898 273057 10425.3 72.5932 131.2672 221564.1 26018.41 316449.8 16511.12 70438.42 3991.661 1431.62 79737.31 61900.21 60032.06 6586.144 35393.38 112175.9 32164.25 74481.41 28292.53 17574.77 218481.5 31259.5 194277.2 2821.407 21010.35 115746.1 9283.217 22725.02 3102.229 8422.843 32361.17 28479.62
2006-07-31 3163.062 41.5036 201539.1 34832.14 34697.06 5780.202 9099.22 27331.9 9322.968 193.8528 62212.68 3054.325 14.4272 39.6748 52468.09 4672.203 96016.29 4931.918 16550.46 1701.495 704.723 19121.73 17463.36 21580.35 917.6766 8923.909 25007.88 12508.13 18417.49 6649.314 4573.88 64798.47 11433.1 73099.02 1669.847 6005.398 30902.33 2821.813 6568.465 777.367 1906.168 8218.145 9609.811
2006-08-31 1892.478 30.861 101321.6 11171.78 13989.66 2257.603 4447.184 7185.457 3387.039 149.9108 16139.26 1891.157 30.8356 67.6656 22271.76 2703.5 30172.61 3057.22 9331.35 1191.133 534.8732 3184.296 3685.946 10047.53 558.2666 3068.041 7802.524 7002.018 9733.737 2757.703 1517.701 21401.33 4765.497 32690.13 1117.524 1802.105 7993.329 945.4388 4188.079 409.702 766.2672 4661.84 5325.923
2006-09-30 1289.101 22.733 54946.83 5541.772 6621.501 1569.364 2930.347 3921.481 1764.157 85.0392 8664.372 1222.273 2.8702 12.2174 15356.92 1949.958 13524.48 1907.54 5688.66 747.649 310.9722 1419.885 1870.786 6546.571 391.6934 1707.007 3886.733 4045.407 6302.578 1776.222 625.9068 9850.095 2748.788 18865.8 792.3022 928.3192 3867.201 535.7114 2685.059 278.1554 447.7512 3278.657 3605.149
2006-10-31 1028.319 20.0152 37084.74 4402.861 4983.455 1331.57 2397.404 3281.502 1436.649 72.9488 7484.44 1003.351 7.874 12.1158 13005.56 1753.921 9689.998 1542.034 4758.614 605.3836 248.158 1203.401 1580.54 5342.153 326.8726 1394.638 3298.063 3040.151 5365.064 1453.109 520.1412 6855.155 2204.644 14647.39 637.9972 785.5966 3272.993 440.7408 2216.887 223.2914 398.1958 2725.039 2930.804
2006-11-30 14690.45 1148.969 131084.3 148066.7 44781.72 33948.19 76916.94 20153.43 77202.33 7331.761 165653.2 52726.72 3371.698 2701.773 72513.21 106565.4 150229.3 100195.2 254997.1 44409.82 22492.26 2360.295 23889.82 49136.02 25341.2 74718.09 139384.2 51246.81 292736.1 38296.75 37264.21 143354.3 66078 285464.3 4887.392 47232.75 63866.65 20088.53 121592.1 5933.669 13992.94 20442.17 217965.3
2006-12-31 30891.12 3477.235 229774.5 616187.2 92901.44 156237 339900.3 33154.04 344786.4 12109.4 859364.2 108038.2 5360.899 4239.26 121450 221461 913026.4 202342 526507.2 91948.58 40766.34 3350.158 65796.54 110637.4 95938.75 321612.5 627361.4 87554.33 637399 179930.1 160254.3 759532.2 188863.2 652029.3 7986.192 171138.5 416653.1 84160.41 239529.9 28408.83 56064.58 35073.08 481742.7
2007-01-31 20828.48 1799.133 189941.7 481926.1 94515.81 110435.3 159408.8 14935.25 177190.3 4423.943 735568.9 103722.1 1448.765 794.7406 53004.49 175623 816239.7 136715.4 408244.1 42463.34 17350.59 2014.677 190827.7 126899.7 40120.6 123807.9 382897.9 35538.33 464264.3 118076.3 77487.88 607152.7 144109.8 680730.7 3634.257 88576.1 208854.1 45156.42 184779.6 9508.541 45318.81 14045.67 222059.6
2007-02-28 34124.14 3117.012 302554.9 838819.9 177295.5 245101.4 398172 44813.32 402348.6 5772.099 1322989 143161.1 2566.619 4849.851 147698.7 200899.5 1542127 234658 709331.8 86217.13 38569.16 6912.991 238923.8 177426.1 91578.28 350358.7 862117.7 99289.97 832060.5 270126.6 199773.4 1094963 275809.9 985890.1 8117.027 227552.8 508093 97211.49 305292.9 16540.58 41378.3 34527.57 535076.7
2007-03-31 44545.28 1608.912 338337.4 537078.8 253139.2 175327.3 221852.6 111815.6 199969.3 2848.966 977810.2 130776.8 1854.505 1059.51 306758.4 231004.1 1077057 193191 620993.3 54284.45 17638.9 54587.42 167122.1 266573.9 35100.89 149990.7 517052.8 85601.53 776420.3 193953.4 111719.7 726906.8 222427.9 949945 6293.104 134253.6 349595.3 51934.21 268236.3 12499.7 44229.35 47438.13 306886.1
2007-04-30 12550.37 625.8052 202068.4 244258.1 114970.5 64757.68 90366.72 96955.66 91076.53 1698.981 451335.9 27682.62 781.3548 583.4888 138953.5 126866.2 485568 39309.37 157287.2 12546.94 4566.031 72772.24 70583.35 93387.01 18247.36 71499.3 220240.7 30372.38 203591.2 63663.58 45942.45 326527.6 64204.95 391887.3 2565.146 53812.44 171325.8 22143.9 56875.45 6814.617 24539.5 18815.13 82039.13
2007-05-31 4939.182 267.3096 144976 138187.5 58644.97 30343.3 45085.97 54136.82 52523.16 512.0132 254342.1 8617.737 202.7428 151.8412 54136.7 41684.22 271901.1 13602.06 56478.81 5319.928 1516.05 37770.77 41687.88 37704.01 10642.37 43111.37 119149.2 12975.39 75562.23 26863.65 23037.88 198214.8 29272.56 178933.3 1273.658 26898.12 104769.2 12031.12 17341.27 4022.623 11962.51 5727.548 26783.61
2007-06-30 2130.349 7.8232 86129.42 34899.8 25755.75 6497.752 7766.025 16108.07 11635.66 74.1172 63675.24 1824.126 56.007 93.9546 18049.49 4988.738 87010.11 2830.144 12266.07 832.0532 230.7082 9819.234 12604.17 13014.63 758.1138 11195.99 27810.1 6187.262 13282.22 6749.364 5737.123 62140.41 10946.54 68403.01 735.7618 7722.133 30091.79 3409.01 4060.063 811.3268 2270.989 2614.676 7932.115
2007-07-31 1454.887 32.1056 57009.11 14534.31 11840.77 2294.534 4234.967 4691.151 4791.329 311.7596 19952.64 3506.724 198.2216 287.1216 13503.45 5001.387 31892.82 6245.454 19192.93 2536.393 1218.794 2076.45 3397.936 7207.58 665.4546 4499.254 11773.46 6473.901 18617.31 3191.383 2988.513 22886.44 5496.357 34465.06 686.0794 3649.65 9075.293 1335.024 8216.036 252.3236 1134.085 2210.918 5864.733
2007-08-31 1016.686 5.3594 32590.31 5929.325 5779.897 1158.418 1750.314 2746.578 1783.512 50.2158 8818.448 918.3116 36.576 69.6976 10326.8 1770.685 12633.17 1446.301 5632.653 479.7044 164.0332 1267.79 1509.344 5141.417 117.9322 1146.023 4179.672 2993.568 5386.857 1514.678 866.8512 9210.777 2653.487 17475.66 450.5452 1083.945 3766.998 429.9712 2127.555 124.7394 488.7976 1772.107 3024.073
2007-09-30 781.7358 7.8486 21359.09 3827.475 4165.219 983.8436 1474.241 2341.143 1109.624 38.3286 6275.73 679.6278 18.8214 24.2316 8911.158 1608.887 7587.971 1041.375 4084.676 366.1918 112.7252 1076.579 1286.612 4100.551 150.622 880.3132 2769.794 1979.498 4381.627 1158.85 515.0358 5192.014 1873.021 11981.1 362.966 737.2096 2794.508 326.5678 1522.019 108.1786 342.0872 1561.338 2279.142
2007-10-31 6288.659 654.5326 73459.24 55863.34 20560.11 14514.53 36843.69 11118.19 30626.2 4264.482 64211.1 28751.25 1917.979 1510.817 36275.04 58832.88 54631.87 54125.7 138443.8 25104.85 12794.18 1717.802 12858.24 21473.95 13128.62 30297.07 50757.84 27112.98 157906 14172.97 13970.97 54945 29099 127498.1 2752.014 17188.59 25213.72 7468.895 66161.46 2529.561 5511.8 9730.943 92171.27
2007-11-30 1093.851 647.7762 34563.89 101361.1 5040.503 22116.03 49190.68 3752.977 54704.18 1455.242 108195.2 14504.72 539.5468 306.4256 11075.24 33194.27 104437.7 27096.21 68027.83 14571.98 4607.738 1106.932 6670.065 4408.246 17752.95 49865.48 97890.33 7636.053 98966.32 21598 24158.12 101809.3 3136.646 22930.92 993.5464 27125.85 41101.85 13381.66 32431.71 4235.12 9049.334 2392.731 6969.658
2007-12-31 28310.92 2496.058 200431.8 504712.3 84338.21 112100 241795.3 31919.82 262326.7 11927.94 596234.7 101027.7 5442.864 4397.172 118526.1 195945 659135.9 182026.3 477597.2 80255.44 38674.55 3264.51 76027.69 99452.56 69597.88 248869.5 484959.9 85836.05 562843.8 130794.9 124204.4 583791.7 169007.5 628068 7461.25 135987.2 245825.7 63654.31 220045.6 21028.15 41027.02 34015.04 473975.6
2008-01-31 73454.08 1663.04 317606.1 696942.3 324488.1 165290 281826.9 45547.36 278939.4 11747.22 855436.8 121148.3 7035.724 5242.281 176639.2 384826.7 1651567 211916.9 677144.6 68905.37 30550.1 4872.609 228640 465918.5 103673.9 328612.4 714137.3 119988.1 1067915 283372.4 191060.2 1071837 585882.5 2092209 4706.036 154409.6 295475.5 44588.2 232282.3 9318.6 55582.39 29936.72 988475.1
2008-02-29 103007.7 843.8896 272833.9 433266 447135.2 182414.3 252098.8 115065 195202.1 1797.177 803668.1 87999.54 1284.021 4333.824 734255.1 155186.4 1027576 169765.2 490175.4 60081.31 19775.42 29611.62 164037.4 644176.5 32103.62 161439.8 476022.3 226558.8 665136 213612.1 119565.5 624887.9 456034.5 1645749 4886.096 138936.7 293387.9 46116.93 184174 9802.495 30543.09 127310.1 674960
2008-03-31 80048.25 1277.315 438449.3 497703 411857.5 193127.4 271909.5 283804.9 209957.4 3939.896 1279548 105797.9 2599.538 2254.377 1447069 334019.7 885525.5 190122.5 537862.2 67772.1 19650.63 60500.97 169883.4 376231.2 36488.01 164332.7 512180.4 297187 700902.9 195732.9 105590.5 586833.6 483954.1 1997331 9977.196 119418.7 556579.3 86976.89 238610.6 24708.74 47477.98 248533.8 813380.1
2008-04-30 32985.94 595.7316 456831.4 514008.6 292108.9 142881.7 185490.9 509618.2 145549.7 1757.096 1456259 52128.01 914.1968 499.999 1288165 311398.4 710288.8 93229.89 310651.7 23437.62 7264.298 176804.4 171397 160829 17590.29 104824.5 418409.4 160435.6 339188.4 127347.6 59044.48 540371.5 190375.5 963310.4 12229.67 65856.21 631123.6 79542.51 131266.9 24591.06 32092.8 153322.6 276368.6
2008-05-31 12954.3 294.3606 511425 397255.8 175616.4 68766.54 73005.52 353562.8 78469.59 1019.226 762785.3 17828.77 377.825 383.032 883836.9 92028.62 510120.9 42766.28 149647.4 8373.694 3659.937 238922.2 144758 69095.98 7434.453 55778.48 280575.9 86670.16 139746.3 57505.75 26586.08 394097.4 74519.49 435623.7 8526.221 29518.41 303939.8 27177.47 56899.99 8254.721 11080.75 83321.4 93813.83
2008-06-30 4534.967 154.9654 409723.7 160485.4 75007.88 20604.33 20971.64 117382.1 29820.84 351.1042 269520.6 5954.192 55.245 40.132 297851.1 17070.45 247774.4 14934.51 52068.75 3809.187 1575.994 93135.98 64637.51 26651.33 3435.325 21898.2 103398.6 31434.84 47019.16 14841.32 10074.86 199087 27255.7 165189.3 3666.668 11213.41 114474 7839.634 17171.01 2178.558 3419.577 29409.06 26685.75
2008-07-31 2298.294 72.8472 225632.4 39390.24 31369.18 4426.712 6540.779 29949.04 6843.37 101.0666 64547.47 2085.67 3.8862 20.5486 70202.48 3355.772 83787.59 3938.194 12701.09 1270.889 606.9584 21561.5 19176.19 10860.71 1045.896 5997.905 22883.67 11775.14 12448.29 3958.133 3211.22 68748.96 10284.97 61862.49 2037.893 3338.906 31886.02 2364.791 5275.428 616.331 1230.808 6768.541 9801.784
2008-08-31 1489.634 52.3748 112858 11715.62 12372.65 2172.132 3893.744 7236.206 3005.455 68.3768 16453.33 1440.485 4.1656 17.9578 21243.06 2086.356 26130.73 2445.995 6883.044 888.7206 428.5996 3614.471 4060.774 6681.241 735.4824 2390.496 6829.247 5962.091 7432.142 2185.772 1307.313 22774.66 4125.493 26754.4 1312.088 1209.751 8448.294 947.9534 3459.556 367.0554 537.6164 3695.04 5579.339
2008-09-30 1059.028 38.354 59974.63 5943.041 5847.613 1550.772 2758.364 3597.631 1812.188 47.1424 8933.663 1056.31 2.6162 12.5984 13796.92 1589.126 12093.45 1728.851 4968.824 647.573 306.07 1441.221 1873.58 4976.343 529.3614 1587.551 4030.091 3640.277 5461.432 1551.889 830.0974 9963.785 2482.621 16554.76 904.9512 850.9254 4042.029 617.9312 2492.426 249.555 378.1552 2672.156 3835.756
2008-10-31 1102.182 100.6348 46165.08 10712.22 5683.91 2815.971 6295.898 3710.737 5352.491 573.6336 14935.23 3638.728 284.4546 286.9184 14028.93 7823.784 14598.32 6622.034 18888.33 3091.713 1600.276 1248.867 2723.82 5061.128 2050.872 5338.064 9649.155 6201.283 20497.49 2810.561 2545.461 13132.1 4234.866 23988.14 939.6984 3110.078 6036.386 1331.366 8465.591 474.091 833.8058 2874.213 8232.953
2008-11-30 10809.05 1080.084 107447.7 108509.5 32543.85 26335.1 64574.98 14518.26 57094.45 5100.498 114623.7 42109.92 2167.763 1644.726 51556.29 80124.4 109511 79174.85 195220.4 37006.66 17127.7 1954.378 18114.8 37204.6 23394.47 55046.88 98629.14 35371.38 235598.5 27383.59 26562.46 107634.2 45295.85 197103.5 3665.144 30106.52 43849.9 13855.34 96477.96 4648.225 9984.613 14467.15 154440.2
2008-12-31 3785.286 335.3816 48129.85 67305.1 16837.2 16542 38964.03 5017.516 38629.44 1168.349 80580.1 4446.422 924.0774 1393.571 23759.26 15447.75 87806.23 8866.683 38310.92 4236.745 2234.616 1226.261 4083.456 17208.63 11799.27 39044.22 67462.91 20058.08 38749.88 20296.71 19413.96 84152.49 52587.12 178031.3 791.8704 23060.48 29634.97 8862.111 11767.13 3439.541 5718.556 4684.293 113049.6
2009-01-31 6983.654 305.7144 52639.01 52687.27 24365.23 14283.16 33159.27 6000.09 29846.83 1219.784 68042.51 6625.971 729.4372 752.3988 24306.22 17829.28 72812.48 12343.46 39867.48 5506.187 2945.105 1293.165 6280.048 27416.58 9188.983 31056.48 52187.32 15262.53 53187.12 17260.75 14746.53 68760.62 70529.86 262210.1 891.6924 18064.66 27863.7 7332.091 15256.43 2926.842 4552.874 5353.431 121385
2009-02-28 28858.97 574.2178 203604.4 155536.8 114572.3 31643.22 56200.42 16555.77 59402.29 2522.449 294118.6 22772.32 1915.516 4089.298 80684.8 31423.71 268217.5 45473.26 167569.2 23767.03 12794.01 2647.29 38902.49 119193 13866.06 50786.54 136142.6 68097.91 169421.3 36316.03 32751.17 193557.4 322610.7 1025810 3712.896 40510.21 114124 12174.7 47259.67 2388.286 7033.717 18939.08 539933.9
2009-03-31 55560.72 2282.927 646503 371731.6 245924.1 106224.9 200899.7 74707.12 199476.6 3851.377 705770.4 93722.65 2580.335 3177.667 199081.5 83785.81 675031.9 174911.7 459828.5 70677.23 33823.53 33396.94 130919.1 248965.3 63324.11 183416.5 406338.3 82980.05 571222.9 117698.8 106444 479464.7 371056 1671401 13077.27 103648.5 269375.1 31795.64 183175.1 5912.536 22870.01 29623.99 626336.6
2009-04-30 14988.08 729.4626 148518.9 132774.1 154951.8 41853.08 71534.4 28013 73510.72 413.2834 271079.6 18913.14 247.2944 224.0788 95720.76 24622.4 281383.5 25315.47 87314.51 5897.931 1986.534 23692.56 53688.92 104514 21323.2 58760.61 149247.7 16194.48 116933.7 37004.52 31928.46 209346.2 65149.91 390895.9 2132.203 33802.78 93422.37 12235.23 27619.71 3223.641 7188.429 3633.495 78703.35
2009-05-31 10262.31 682.0662 143747.1 152093.6 93559.71 36463.38 68561.36 58458.61 77710.44 3146.45 282840 27669.87 1440.815 1214.272 72347.76 55904 263612 50556.29 139542.5 21657.26 10285.81 42457.83 43084.14 59959.8 21359.72 69848.32 153244.8 29338.4 164068.6 34993.53 37121.59 204499.5 64327.3 307022.8 2979.369 38769.37 112432.7 15125.75 59168.69 4175.227 10976.2 8441.461 109915.6
2009-06-30 2986.049 279.0444 83783.7 83610.91 40805 15349.27 32573.19 24265.94 41842.92 1495.654 142421.6 12530.1 736.8794 692.5818 22657.84 24431.17 137847.2 23749.05 65360.86 10079.89 4590.44 20498.99 19735.14 19497.65 10682.45 40334.97 78759.35 13611.35 77167.54 16737.76 17785.46 115125 20040.93 118979.9 1479.956 21318.07 62256.16 9014.739 28153.72 2587.015 6236.741 2249.602 19168.82
2009-07-31 1600.886 9.652 49450.75 23218.47 17216.37 3999.814 4946.828 6106.084 10395.51 28.6512 39222.65 858.5454 18.0594 32.4104 11247.83 1758.264 45222.03 1463.878 5770.728 256.5146 105.2068 5415.026 5265.979 8316.392 1007.542 10791.42 21208.9 3307.766 5642.102 4731.334 4909.998 34260.31 6647.256 41015.87 650.621 6339.611 19417.21 2839.974 1771.345 457.835 1535.125 1497.635 6004.865
2009-08-31 1130.097 9.779 33873.46 8501.99 7370.521 1090.397 1606.245 2661.107 2749.169 56.4642 12141.56 998.1946 45.72 87.4776 9420.86 1500.505 15516.2 1685.722 6247.359 517.9314 259.3086 1510.563 1802.46 5525.922 139.7254 2192.071 7437.044 2863.139 5816.219 1316.05 1698.498 10948.39 3183.204 20241.01 520.3444 1827.53 5097.323 790.8544 2283.155 104.5972 716.8388 1386.256 3984.854
2009-09-30 837.565 8.5344 22556.09 3827.805 4502.582 831.3674 1109.472 2171.979 1161.847 22.0472 6589.37 530.733 11.8364 17.3482 8071.688 1224.128 7108.596 830.1482 3321.228 208.7372 80.645 1112.876 1402.639 4205.503 126.3396 636.1938 2789.682 1671.218 3467.76 811.8348 494.7158 5141.671 2036.775 12139.35 409.4226 570.357 2705.075 270.3576 1175.893 85.8774 301.5488 1260.119 2748.509
2009-10-31 5693.283 541.0708 63104.8 41275.18 18690.41 12364.72 31244.49 9195.994 23566.32 3233.776 48024.11 24668.4 1437.767 1205.687 32204.1 46019.08 42522.98 45908.75 115334.2 21295.31 10530.23 1584.376 10770.77 20524.49 11250.88 25241.68 39420.22 22655.96 132521 12797.05 11896.37 43419.17 27080.16 115323.6 2246.452 12771.5 18492.55 5360.492 56529.99 2058.187 3234.588 8474.151 87378.77
2009-11-30 3928.745 662.8892 50545.39 99875.24 13219 20839.68 46526.07 7166.153 50690.78 2679.776 106956.8 18905.55 1205.459 876.3 23346.36 43308.35 101284.1 36083.98 92767.53 17491.79 7617.612 1353.16 8936.711 13333.7 16254.98 45867.24 92055.42 16229.33 115718.2 21278.44 23137.95 96054.52 17846.98 80991.86 1802.232 27465.88 40560.14 13134.34 44041.95 3768.039 9691.116 5916.981 57337.45
2009-12-31 9263.405 703.8848 65608.73 113356.2 31786.42 26975.89 61873.89 8993.835 59602.27 2892.247 145752.7 18976.82 1643.101 1963.776 36764.75 43102.83 135540 34704.96 104335.4 17615.66 8010.5 1531.112 9867.062 42761.64 18262.35 59288.5 108428.3 31697.83 126689.7 31553.86 30442.38 130191 85374.4 311178.7 1701.267 36962.21 61938.81 15906.39 42341.47 5211.166 10181.06 8499.094 191768.8
2010-01-31 50306.05 2472.919 475361.6 672143 157282.4 149416.1 276665.1 51935.18 297205.4 12274.14 1009977 130562.9 6193.155 6273.571 171927.9 299555.7 1049564 216663 673362.4 79951.38 39285.62 10179.02 186243.6 198148.3 68872.38 260173.6 617749.1 118631.5 807934.8 175818.6 142442.8 794549.3 489698.8 1766504 10669.73 162886.2 409709 75545.49 279073.8 22277.17 59131.15 37866.27 909737.7
2010-02-28 70806.74 1978.431 492294.1 726111.4 392779.2 182019.3 265975.1 60274.81 266365.4 6644.335 1307096 101683.2 3533.927 3724.173 317149.1 282800.7 1256220 167013.8 538481.8 54309.31 22372.88 16308.43 198278 381887 53020.16 223059.5 640366.3 111466 652568 196801.3 134461.3 897320.4 440212.9 1796234 10863.05 155609 615828.4 75921.92 221578.5 19739.61 60937.95 34018.14 712804.3
2010-03-31 64325.47 2338.934 397946.9 842997.7 373123 225365.9 302802.3 262439.7 312895.2 7789.697 1427097 140995.9 3100.4 2111.35 750632.1 389129.8 1449429 239286.3 717914.7 79779.83 27818.84 106857.8 281404.9 348213.8 57831.36 249862.2 757002.7 154775.4 878312 246396 157550.8 1028273 292978.3 1301520 9961.093 171935.7 467616.5 85035.01 325582.9 22214.33 65289.46 87903.96 459615.8
2010-04-30 56990.46 2842.793 549163.6 1034380 326776 292316.6 426642.6 415167.4 433259 10204.98 1868208 163046.2 4624.019 3716.249 1085372 420648 1884437 286113.3 858224.4 99615.96 35854 183509.2 319745.1 269812.4 81901.89 369175.5 998740.8 208599.1 1042315 328511.9 216039.6 1316270 311623.8 1249007 11547.4 233387.6 824578.5 110564.3 380179.8 30312.46 59833.31 142481.5 522136.2
2010-05-31 27367.43 1582.268 507695.6 591678.9 214483.2 153110.4 198326 298554 202874.6 3413.938 1085287 84042.55 1271.803 836.6506 842084.6 243679.2 1077247 144215 456064.8 48909.4 12984.68 159867.5 189617.7 154814.8 37037.37 161449.3 512860.1 127706.9 578270.6 173331.7 105929.4 739300.7 147384.6 703354.6 5826.328 115798.2 343283.3 51522.53 195244.5 13084.12 38577.29 100413.4 195716.8
2010-06-30 9053.779 663.8036 328990.3 284960.2 97949.77 64884 92345.13 121611.6 102370 1227.836 518536.8 27073.4 529.8948 482.3968 301905.8 83694.65 554478.4 48069.04 164416.5 15544.93 4776.089 74958.83 93685.21 59593.73 21712.2 83294.19 241335.1 48254.97 208266.6 69568.82 48609.43 384880 55879.75 288593.4 2594.534 52654.33 204081.5 23285.63 61129.98 7170.014 20116.8 31004.66 65953.51
2010-07-31 3223.438 7.747 175433.8 61722.03 39611.58 12324.49 14785.87 33381.64 21375.01 51.4096 117504.8 3067.507 44.2722 85.9536 69340.68 8712.352 165229.2 5483.53 24992.99 1576.959 300.99 23362.41 30498.24 19572.55 2631.313 19766.33 49280.57 14761.11 29346.8 12372.57 9468.993 111622.8 17998.97 102386 1259.713 11313.06 51696.11 5131.283 7213.194 1505.382 3479.673 6298.235 15350.29
2010-08-31 1797.914 4.5212 90822.09 16003.58 15405.3 2430.932 3306.369 7709.56 5087.366 32.512 23199.93 1343.076 27.0764 53.7464 21161.25 2584.425 47036.08 2429.891 8580.399 835.787 179.324 4370.629 6348.4 8320.075 215.7222 4489.171 12445.26 6936.918 9042.121 3187.421 2864.231 29930.34 6536.334 38745.14 859.1042 3324.835 11929.95 1448.359 3281.883 298.577 1021.842 3226.765 6443.726
2010-09-30 2007.337 131.191 63330.96 16273.78 9833.026 3914.496 9082.583 5187.518 7854.061 956.5386 19860.49 7010.476 469.011 448.1576 19310.55 13681.99 27275.41 13072.64 35388.35 6093.562 3011.094 1621.13 4510.761 8029.143 2904.592 7761.402 13966.77 10248.87 38884.07 4404.309 3973.144 21893.2 8832.825 43694.93 1121.562 4264.558 7977.81 1716.481 16321.35 638.5814 1135.659 3948.455 20553.2
2010-10-31 11989.36 627.5324 113126 112104.5 39222.93 21078.24 49394.47 17395.83 57437.99 5434.838 121213.6 39302.03 2845.537 2746.985 67839.06 80492.22 127323.4 76083.08 207163.4 33952.48 17384.32 2272.995 20646.87 43700.37 17898.54 57372.35 107340.5 47131.5 226300.9 27078.18 29390.59 115438.7 75771.73 296209.9 3831.031 36205.54 45378.47 12774.27 92825.47 3423.564 9117.736 18010.66 238310.7
2010-11-30 21439.48 1801.165 135993.6 261330.1 63830.35 71709.2 148270.4 17827.85 141747.8 8366.379 285678.5 67814.93 3323.057 2276.424 74475.14 140678.5 337727.3 132863.8 311961.7 61456.75 27924.18 2613.736 41800.86 73454.03 52660.65 146634.7 265668.1 55029.35 383564.9 74187.08 69419.75 314016.5 100396.1 349718.1 4043.528 70955.46 111894.9 30658.28 149641 13064.08 25598.65 19586.6 211959.7
2010-12-31 51687.43 1627.607 355328.5 536646.5 180969.6 155737.5 248095.3 46545.22 244928.3 18604.03 815611.6 163468.7 8270.367 6646.621 197232.9 445010.5 1019143 285955.4 770130.5 113662 55701.59 5988.38 286084.3 231279.9 104109.9 278561.9 601646.8 138296.2 864327.4 186439 156503.1 779216.3 429531.5 1533988 6467.246 129584.5 299406.4 41635.43 299838.3 29154.42 73792.36 46013.8 857636.8
2011-01-31 49251.16 1061.72 283872.4 337769.9 281658 88827.38 132815.9 59960.1 126810.3 5728.792 515616.7 111328.9 1967.763 995.9848 279885.5 320200.9 616662.9 167042.9 468403.3 44506.51 20173.21 21600.87 87377.24 313701.4 33565.92 105552.9 302796.7 80416.98 576897.1 111056.1 69174.39 444407.7 281602.4 1251552 6119.698 73625.53 181368.4 30517.06 192753.1 8268.386 38750.27 28934.61 402421.6
2011-02-28 38213.39 1126.49 314677.4 388737.4 223485.7 108750.4 167499.8 91908.71 162180.8 6209.563 675298.9 86792 2887.015 2548.534 334506.2 212507.8 697474.5 138321.5 424308 44109.67 21168.28 37525.66 141617.3 216259 35585.04 148407.4 380669.9 94068.77 503671.5 127609.5 90104.7 492929.1 229838.2 975088.8 6598.895 96452.54 274350.1 41793.62 172148.2 11844.45 32949.51 42064.46 431179.1
2011-03-31 130316 7132.599 1120563 2706213 665739.9 802285.1 1162655 1103285 1064040 19325.82 4746498 407308.2 9344.304 9676.689 4070006 904025.2 4788387 730915.5 2215690 250663.3 88081.94 453902.5 981292.2 608671.9 197720.3 894392.3 2529676 664726.9 2665372 922029.1 549452.9 3387966 954546.9 3527489 27758.34 576292.9 2004157 297663.1 968439.9 74533.3 106688.4 590472.1 1621436
2011-04-30 102916.2 1845.005 1242354 1177639 656464.3 338722.3 451016.6 928957.4 357570.6 4857.369 2151218 206541 1529.944 887.8316 3492513 565869.1 2060122 384491.9 1156213 113791.3 25987.71 361868.4 330930.4 565186.9 42884.29 297704.4 1009926 546605.8 1323193 415258.5 184569.4 1390374 326225.1 1603984 18186.53 203209 806083 111265.7 541379 34430.74 70814.34 630646.4 463160.5
2011-05-31 29474.06 742.3912 723618 505630.6 243410.2 112446 152859 356142.7 141197.5 1588.846 977550.2 47925.89 689.6354 653.3642 945402.6 245178.4 874883.3 82803.09 322553.6 22092.01 5822.671 161149.2 171756.2 176706.4 21417.1 115288.4 409928.3 127430.1 350082.5 122678 64140.61 621578.4 100047.4 573142.6 7600.848 75848.49 406941.4 38131.95 120913 11948.34 51226.29 148151.8 127926.9
2011-06-30 12839.37 600.1766 478238.1 302240 115205.3 58153.73 87824.21 165257.4 94109.54 2270.049 561389.5 31971.36 1008.101 956.7672 359009.3 112759.4 525451.1 57789.55 193439.6 19010.6 8058.48 98012.15 109680.2 79016.94 17432.4 77299.16 243070.1 56045.2 202555.4 59417 40991.94 389757.4 63105.61 340387.8 4542.663 47918.57 238663.1 23044.18 72872.4 7319.112 30127.63 50592.08 93639.08
2011-07-31 3973.601 86.5124 262568.4 82683.58 48302.16 14907.84 21678.87 49069.42 27212.52 375.3104 160636.2 6235.624 147.0152 160.7058 92586.53 18059.02 185457.9 11274.6 43922.06 3866.058 1619.961 30574.08 43623.92 28019.76 4108.958 25246.41 64093.17 17303.55 42467.68 14318.28 10824.79 138259.6 19576.85 125339.4 2008.099 13272.34 74102.72 6742.735 13485.09 2275.053 7355.789 10790.38 17463.13
2011-08-31 2079.142 29.7434 136393 22845.52 20212.56 3573.78 5691.276 12999.11 6939.382 84.2518 38833.45 1773.987 32.4866 70.612 26650.24 3074.213 58011.34 2842.311 9876.866 959.1802 398.8054 6813.982 11521.24 11212.19 433.07 6842.557 16995.12 7913.675 9635.515 4527.626 3609.416 40814.07 7310.12 48842.7 1213.104 4695.139 20778.72 2296.389 3855.898 495.808 1697.279 4460.545 6617.132
2011-09-30 1361.338 24.3586 71927.36 8655.152 8480.4 1610.106 2996.692 4262.806 2705.049 60.452 12497.16 1122.35 18.6182 34.036 15336.52 1937.385 20017.41 1763.141 5651.246 664.8704 274.4724 1689.989 2777.312 6626.657 313.8932 2106.651 6143.6 4460.596 5977.255 1789.252 1216.177 14787.09 3305.124 23308.16 847.0138 1270.864 5810.047 755.0404 2423.287 273.6342 698.6016 2992.374 4046.042
2011-10-31 4438.269 500.0244 84564.17 44996.74 15922.07 12747.73 31523.13 8523.783 25748.49 2574.595 51747.55 20096.3 1142.213 943.61 29847.03 39403.78 50980.47 37517.1 95115.91 17925.67 8323.504 1648.003 9729.546 16093.19 11294.69 26441.93 42655.59 19300.88 112612.7 12737.16 12201.55 50916.79 19418.15 88999.8 2120.697 12830.12 20310.27 5836.895 45929.45 2300.681 3506.114 7580.528 59327.54
2011-11-30 6201.893 536.8798 78033.12 81594.5 20539.53 16379.06 37688.52 9975.494 43052.8 3289.96 88854.56 21665.29 1544.269 1246.734 36496.73 45087.77 92755.54 40957.25 105428.2 18547.33 9614.891 1605.661 10616.49 21932.21 13281.89 38587.02 78194.21 23655.1 119367.6 16593.82 19346.42 85653.12 32819.04 136198 2316.226 24065.97 34790.94 10380.57 50533.91 3059.963 8053.375 9693.504 105160
2011-12-31 2158.39 563.0418 48508.61 86501.48 8371.332 21648.6 47402.88 3803.371 49911.61 991.235 96993.4 12353.54 329.5904 192.5828 12812.04 25990.3 103841.9 22829.01 55094.58 11675.49 3724.173 1152.119 7829.245 8428.457 15962.43 46980.14 87536.63 7189.953 83968.82 21716.62 22306.76 98493.17 8718.956 34828.99 866.2924 24072.57 39737.46 11870.79 26335.94 4215.486 7953.502 2913.482 14133.83
2012-01-31 36531.78 3054.096 317702.3 673972.3 121808.5 155066.3 311748.5 40710.89 345287.4 14150.29 867866.5 139719.4 6588.633 5722.823 152016.9 280172.8 1085846 240978.4 672750 98944.58 47355.68 3789.096 152714.1 141604.7 86838.31 306528.2 655091.3 112455.1 787609 182262.9 163758.7 840580.2 315606.2 1113468 9002.446 174719.5 340930.1 77760.78 299149 23880.65 59002.96 41986.05 714665.4
2012-02-29 23277.73 1447.825 168352.5 411908.1 141750.9 99924.36 143763 17087.62 158070.8 2885.364 593378.6 66645.21 1031.621 1406.55 60200.26 130517 707801.5 92353.56 291067.3 27641.52 11183.29 3600.298 139602.1 142570.6 32455.13 115550.1 346570.3 38352.02 339752.4 104115.4 71213.27 507136 141664.8 629472.3 3104.007 88661.52 219534 39814.04 124575.6 8013.802 38916.86 11410.19 200144.2
2012-03-31 53617.95 5664.606 446492.5 1373785 216146.7 428288.4 699632.2 90520.65 688667.9 12007.8 2676494 223805.8 6174.486 6962.013 358381.5 468170.4 2746411 381960.4 1111241 147451 61783.26 17317.14 531883.6 274323.3 158594.8 582551.3 1477299 175124.6 1402117 451311.1 333956.3 1907202 464870.3 1674337 12421.72 382708.6 1097676 172899.7 456601.2 39432.53 83830.13 66460.8 843914
2012-04-30 81811.9 2646.426 616950.6 1128407 478603.4 340274.2 432229.5 493163 406781.5 9998.862 1771244 245464.5 3844.011 2415.743 1603270 531657.5 1840293 402834.1 1198322 125647.4 39000.4 177252.7 224954.3 454516.4 64905.28 320833.4 1026080 299715.6 1476668 397487.1 226916.5 1285732 433150.3 1927737 13003.99 248887.9 651929.4 112484.5 536455.2 28649.7 63825.17 225602.1 683130.9
2012-05-31 20426.65 512.9276 373987.1 290542.7 202043.7 76863.75 94340.07 200159.6 98009.71 93.2434 573929.8 31040.53 43.815 41.6814 539641.4 86780.73 618725.8 50521.87 202143.8 13296.6 1171.575 129490.1 105113.3 142080.1 17337.18 75257.1 246021.1 79032 266227.4 79795.67 49349.66 394629.5 85419.51 463084.8 3206.039 55766.59 217768.9 22764.09 75143.08 6931.965 16655.39 68158.99 94295.34
2012-06-30 5878.982 33.528 231641.6 73664.62 72034.32 17030.4 20040.5 60662.82 26676.96 318.9986 165844.5 7048.119 218.5162 321.1576 127452.9 12608.89 196039.6 12268.86 48175.77 4355.719 1473.352 49802.8 34883.83 41942.06 3046.578 21870.34 61777.78 23831.04 58429.7 16784.62 11875.85 125018 27446.3 157279 1660.703 15812.82 70354.01 5932.094 16733.34 1806.499 3625.952 12903.83 24313.79
2012-07-31 2611.145 5.9436 128068.3 21893.61 29820.11 3792.195 4792.142 18870.7 7067.296 23.0124 42403.47 1680.896 14.0208 26.1874 34339.63 2876.499 64819.43 2975.483 10565.36 1136.675 210.3628 14576.25 9839.198 15090.37 268.9352 6104.255 17484.06 9085.605 12920.45 4728.007 3764.89 39910 10324.26 58885.81 1015.39 4901.946 21833.48 2116.557 4018.356 441.8584 1271.651 4445.33 8084.49
2012-08-31 1590.904 4.9276 66034.23 7931.379 11475.54 1437.056 2176.78 4884.801 2603.805 10.6172 11543.49 1037.717 3.0988 6.35 16436.06 1806.042 20800.16 1782.089 5753.659 694.2582 135.1534 2532.964 2568.651 7541.819 157.5054 1666.316 5656.961 4797.603 6192.774 1804.01 1163.777 13836.83 4064.381 25800.46 712.216 1266.952 5735.625 612.9528 2453.513 222.377 522.4526 2864.917 4456.76
2012-09-30 1094.486 4.1148 36209.35 4185.514 5585.104 1019.251 1555.344 2992.018 1325.169 7.2136 6621.323 743.1532 1.016 2.667 11900.15 1377.772 9689.033 1236.777 3988.587 473.456 95.7834 1319.327 1800.606 5233.772 113.411 944.0672 2844.978 2998.622 4361.942 1259.434 501.523 6463.208 2453.335 16052.29 522.1224 747.4966 3148.838 355.1428 1736.471 159.004 306.832 2143.608 3058.516
2012-10-31 2665.4 164.6682 42071.09 13590.58 9849.891 4048.989 9891.243 5442.052 7148.906 1295.578 18128.89 8490.763 632.7394 530.5044 19730.59 16844.87 16085.62 15733.01 41448.99 7112.483 3860.673 1357.147 4684.116 10124.29 3103.677 7482.916 12287.58 10680.95 44456.81 4394.022 3586.404 14659.51 12482.91 55296.03 1175.969 4395.216 7126.783 1708.506 19912.38 649.0462 1099.109 4635.754 36513.16
2012-11-30 8971.026 959.9422 92257.37 196837.6 30519.29 42025.8 94007.28 13625.35 105297.2 5281.727 223254.3 38501.9 2723.032 2698.267 52180.72 85041.08 216737.1 74622.84 203965.4 35978.06 16068.24 1864.36 19296.3 31617.79 29550.69 106478.7 194192.4 42571.16 240455.3 47475.34 51067.84 200982.2 52050.34 222029.2 3206.394 60441.43 86317.89 26556.11 90471.4 8371.332 17143.63 13635.81 159809.3
2012-12-31 48592.18 3289.198 256348.7 617822.8 152730 131298.8 275490.5 36346 280975.9 14329.71 808202 138366.3 6048.4 4201.846 139739.8 259525.1 920969.4 243983.6 630740.2 102764.7 49388.45 3935.273 127717.2 200731.6 81185.23 246603.2 535119.6 102407.8 711917.2 159312 133382 743137.1 295153.5 1006924 8161.782 137483 324167.5 64085.5 284298.1 21855.76 46956.35 39898.96 645487
2013-01-31 19172.58 742.4928 91717.72 255011.9 101863.6 54824.55 82335.17 5607.634 87726.47 899.8204 397314.9 36735.39 435.6608 470.0778 24720.47 75599.7 458005.8 41521.3 162071.9 8682.431 3294.888 1328.826 102787.7 142209.8 21059.42 64760.35 188981.8 16189.5 181445.9 62283.95 39554.71 340345.4 111990.2 473660 820.4708 42995.19 150513.2 22622.71 63118.8 5868.162 21802.9 4686.529 142145.1
2013-02-28 14396.82 377.0884 96996.68 213005.7 100552.3 58307.96 71587.16 13084.61 68473.73 1462.786 412925.4 22239.2 1079.449 1733.55 44401.56 77876.91 410956.7 34863.38 139013 7450.734 3627.323 3660.191 73116.49 107447.5 11486.39 56976.06 185473.8 28398.19 171533.9 67631.54 38156.34 266097 152746.6 652278.7 985.3422 51934.47 160525.6 21956.04 48068.18 3750.742 20687.87 7761.656 241903.8
2013-03-31 30814.34 324.4342 228625.8 301584.8 151159.9 82583.07 98630.92 46139.71 93969.18 1698.828 620610.1 31774.21 1161.618 1741.272 145519 121294.3 547208.9 49116.28 194407.3 11666.19 3308.858 12954.33 68160.04 139718.8 10476.03 78577.03 278679.9 53746.1 254556.8 89155.57 55579.98 355292.7 222309.3 955679.7 4678.68 67465.09 244151.9 27864.49 73460.69 6551.447 24920.3 13065.43 337234.3
2013-04-30 12414.71 305.5874 192602.8 174832.9 115140.7 41392.68 53494.33 80041.9 58171.18 1231.57 345111 15134.59 524.7132 340.8934 121246.3 71823.43 300377.3 26776.22 107725.7 8737.956 3277.895 61390.81 55660.72 66491.43 9310.091 44451.45 149761.3 21102.78 140717.3 35191.12 26804.72 220100.8 72502.27 387409.7 2950.058 30937.81 141439.6 15561.92 37171.27 4962.83 14577.87 6544.361 87497.46
2013-05-31 4986.376 135.7122 140683.4 75442.5 69077.15 15383.08 20220.91 45236.41 29205.56 925.576 145566.2 7172.808 469.7476 432.9938 56218.07 23667.49 149618.1 13595.81 49019.43 5515.813 2570.201 38412.65 32004.53 28371.8 4561.535 23938.2 65329.08 14515.9 56634.79 12918.52 12300.48 115203.8 31904.28 177396.4 1934.134 14495.58 63879.86 6879.971 17261.61 2062.937 5569.153 3480.003 33863.84
2013-06-30 2147.24 15.7226 84493.96 23407.55 29738.83 3865.474 5024.704 14195.48 7927.391 152.8826 40693.7 2007.692 109.1184 154.813 17819.19 3777.945 52531.16 3555.467 13073.84 1223.366 531.9776 11526.72 9696.196 10560.23 463.55 7628.128 19717.99 6314.897 13241.6 4191.457 4165.6 38391.26 11568.35 64504.39 1001.446 5889.473 21045.27 2524.938 4965.217 461.2894 1620.037 1665.376 9051.188
2013-07-31 1443.431 15.367 54189.65 10757.84 13217.5 1528.851 2926.182 4002.507 3360.801 206.9592 15606.8 2203.628 164.0078 277.5712 11702.75 2898.724 20254.42 3887.8 13471.55 1468.272 760.2728 2394.204 2806.09 6392.57 314.0456 3037.967 8654.694 5798.033 11776.08 2285.035 2051.914 15145.56 5619.801 32938.39 773.8872 2834.564 7000.799 974.0138 5427.421 173.4058 890.5494 1477.391 5613.756
2013-08-31 1032.764 7.5692 32132.14 4872.38 6047.791 1022.35 1742.465 2479.853 1495.12 94.5388 8163.992 1322.934 76.962 136.5504 9251.036 1781.2 8715.604 2297.709 8104.886 875.2586 403.5044 1272.261 1814.17 4731.055 150.622 1074.547 3461.512 3381.756 7474.941 1433.855 763.4986 6758.686 2967.101 18692.22 575.7926 1149.401 3434.029 364.8964 3215.259 115.7732 397.9672 1300.632 3611.55
2013-09-30 2404.72 192.9638 44109.06 15269.51 10822.08 4460.723 12232.59 5528.488 7981.442 1768.17 21931.53 9349.892 1043.305 1193.521 20336.94 19513.42 17018.76 17658.18 53534.21 7981.213 4829.556 1302.461 5231.409 9048.471 3636.061 9604.273 13912.09 16446.88 49490.73 5744.667 5090.084 16305.4 15813.74 69989.9 1333.856 7046.163 7958.557 1857.527 22750.83 659.3586 1197.762 4353.662 35397.92
2013-10-31 3566.795 601.8276 47470.72 68475.96 10668.76 17439.61 41461.13 6544.615 39320.57 2056.714 68964.15 22003.89 652.272 234.8992 20082.51 41752.19 72876.08 41439.31 97713.47 20373.72 7947.99 1365.377 10631.53 12273.41 16085.21 37871.2 64757.1 10990.71 131688.7 16667.25 17287.85 73492.64 11479.91 51145.08 1695.729 15991.28 27712.01 8598.789 49043.23 3242.234 5711.571 5296.23 45608.24
2013-11-30 1128.014 117.6528 22781.31 38297.21 4886.884 7833.716 15855.34 2944.241 22198.15 677.8498 42581.19 4520.616 305.9684 219.6592 9915.119 10321.16 45221.68 8353.12 22404.93 3717.163 1800.2 1025.017 3129.915 4313.504 5532.882 20677.17 37988.72 4619.676 26547.12 8167.954 9856.114 43857.52 4730.598 23895.69 666.877 10430.99 16644.21 5021.428 10344.96 1705.458 3039.745 2010.867 14041.02
2013-12-31 481.7364 89.9668 14460.04 30177.97 2868.828 6533.566 12402.54 1851.05 17033.49 113.1316 35576.43 1353.922 32.4104 17.8816 6866.738 4723.105 36836.32 2619.248 7623.454 1554.658 259.1562 958.723 2085.238 2738.603 3681.12 16841.62 31258.64 1382.065 12831.65 6513.525 7687.843 34689.92 1367.434 9148.724 281.0764 9068.206 14608.07 4473.778 3094.203 1481.43 2459.939 1040.206 1658.95
2014-01-31 814.3748 77.2414 18642.63 24654.51 3955.567 5170.068 9042.07 2275.154 13304.8 401.0406 31447.64 2701.239 185.3184 135.8138 7980.553 6389.624 30842.28 4904.562 13522.1 2300.453 1096.493 976.376 2297.582 3250.311 2618.969 13201.9 25963.83 2945.689 16519.65 5144.821 6124.854 27748.92 2778.684 15146.6 499.9228 7579.665 13167.46 3828.491 6039.358 1275.08 2151.532 1416.837 6805.752
2014-02-28 18886.09 1400.785 132606.4 230132.1 56068.72 47486.27 103124.6 22453.52 115082.2 6377.127 265892.4 62968.23 3333.267 3006.496 78950.95 98928.76 239522.7 119340.7 302512.5 54017.82 26979.04 2403.602 28581.99 64375.39 32877.05 109449.8 220534.1 57407.35 358663.3 53689.94 54873.37 224864.4 90354.71 360389.1 5380.939 68659.38 104540.2 30940.6 144782.7 8790.737 17903.65 22822.79 286349.8
2014-03-31 14905.28 2244.954 127913.2 451282.4 45833.36 93759.35 206412.1 17886.17 228616.6 7271.639 656261.7 64622.2 3172.714 2419.452 59037.4 129514.4 652390.1 121165 315122.3 54869.77 23790.15 2128.368 39744.37 52978.58 58875.5 201258.7 419258 47719.67 379769.6 106708 99815.62 553396 105387.1 360774.4 4580.839 105684.7 295101.2 52521.99 140213.7 17609.67 32072.63 16775.76 220074.7
2014-04-30 4354.144 1175.817 54152.44 304917.2 17561.58 51236.45 95605.57 5819.775 117098.7 2074.088 471285.4 35515.75 714.4004 339.979 17318.94 51583.06 494778.7 50461.95 151507.7 20090.99 7158.685 1190.676 96473.16 23565.43 29549.98 80224.07 224888.2 11481.16 180364.3 46629.9 43220.87 404141.3 49430.61 228684.7 1438.859 42741.88 189579.8 25137.64 60945.04 7246.874 21176.72 4520.946 80846.96
2014-05-31 625.983 134.0866 19700.39 99856.57 9732.035 19606.72 28240.15 1882.8 39016.74 199.136 171794.8 4397.324 127.127 145.8976 6799.275 4560.722 196532.9 4542.231 25739.83 793.5468 438.277 923.8742 37292.81 7074.789 7812.71 30715.33 74935.51 2760.218 22941.41 14438.99 13833.17 162714 15774.82 94594.81 218.1352 15264.08 72206.38 8845.067 6972.071 3103.524 7158.101 1070.381 11296.45
2014-06-30 424.7896 2.0066 14163.98 27119.5 6133.592 4574.286 4723.867 1652.473 9429.928 38.1762 44274.84 910.1074 35.433 56.9722 5915.787 1096.721 68489.35 1121.994 5814.441 134.2644 67.3862 878.3066 9656.851 3454.806 461.0354 8749.284 20873.29 1456.106 5656.555 4172.534 4496.486 48595.74 5612.181 33824.44 140.4874 5949.671 21166.18 2902.026 1840.738 473.4052 1746.479 890.3208 3790.772
2014-07-31 371.7036 4.064 13482.4 9928.606 3675.761 1064.133 1394.79 1714.322 2667.279 81.534 13196.24 1125.423 75.9206 144.3482 6278.143 1192.149 23843.13 1727.073 6912.28 462.3308 280.924 904.2908 2465.07 2801.493 68.834 2187.219 7681.951 2203.399 5577.789 1272.413 1746.809 15332.99 2734.869 17773.8 141.5288 1956.206 5612.13 796.417 2626.182 43.7388 775.3858 915.4922 2702.027
2014-08-31 313.1312 1.778 11701.86 4100.449 2743.479 666.0134 760.857 1676.476 927.735 35.7632 6364.072 551.8912 33.4264 62.8142 5917.717 933.831 9123.782 801.5224 3650.285 168.021 91.44 898.1948 1689.633 2360.651 38.3286 472.2622 2571.14 1325.22 3121.304 742.823 469.0364 5849.976 1713.763 10672.9 123.7488 583.9714 2613.66 226.568 1268.908 34.5186 315.6458 879.221 1846.732
2014-09-30 3388.055 210.185 35985.43 16045.33 12184.71 4617.974 12095.43 6337.935 8258.886 1888.896 21011.62 11632.11 1004.773 998.4486 23256.75 22439.88 17339.54 21872.47 60367.11 9606.051 5763.057 1213.383 6002.909 12782.6 3960.647 9478.493 14507.74 15569.11 59284.64 5416.88 4838.827 16609.52 21251.34 84553.58 1227.201 5990.285 7616.774 1906.219 27958.06 657.9362 1249.451 5869.432 63507.37
2014-10-31 5567.553 735.6602 64793.17 103646.4 18515.58 20887.31 48539.22 10301.05 52643.43 4075.151 105619.5 30698.74 1848.129 1511.529 33696.3 61237.65 106823.4 58763.13 149459.5 27374.19 12942.44 1539.545 15317.32 19224.9 18205.04 50441.61 96909.94 26578.08 174426.1 22587.66 26511.73 101230 28391.69 123150.4 2454.58 29831.61 39578.23 12236.09 70307.12 3318.612 8834.12 9097.67 91026.92
2014-11-30 5311.775 1037.641 60354.31 174892.5 16875.68 39798.75 85880.93 8626.78 92403.93 3595.319 190560.1 31043.35 1479.88 1066.317 27106.22 62824.49 190841.4 58174.46 144035.4 28692.37 11750.47 1395.755 13338.17 17767.4 27524.79 90215.75 169684.2 21616.67 189069.8 44332.14 45585.61 180106.4 22590.71 102530.6 2175.942 49148.54 70137.3 22842.09 70632.09 7105.269 14699.01 7430.059 72745.4
2014-12-31 28304.13 2790.647 184765.7 606956.2 82096.33 127713.3 274207 30360.92 299709.1 11769.01 828371.9 98972.78 5030.673 3536.188 106111 206525.4 853437.4 185340.1 478141.1 81525.39 37458.6 3021.33 67267.96 95700.01 76036.55 264628.1 555727.9 75338.76 577493.1 142442.3 127643.9 718339.6 167999.3 589027.7 7430.364 141956.7 354559.4 72858.45 217787.2 24649.3 48821.87 31205.65 438357.8
2015-01-31 6003.646 1388.796 55422.6 400160.3 25446.91 75342.7 111157 4804.715 133416 1915.236 573369.3 50657.61 624.5098 353.5426 14204.24 65327.3 648969 63045.64 209755.6 21577.96 7180.885 1139.749 135696.9 37933.07 31494.68 91870.07 288967.3 12137.8 238464.6 73590 55964.61 508363.3 61686.14 317750.2 1215.517 59316.52 220427 32216.14 89399.59 7698.181 31925.9 3770.986 82283.15
2015-02-28 30628.69 2950.87 223413.6 1041806 132043.8 237585.5 346579.7 30057.06 382198.9 11277.19 1612202 154686.7 4901.667 3929.863 107681.6 387310.3 1743936 242574.9 742641.6 85498.28 38696.49 2944.114 282837.6 148821.3 81104.18 323481.4 912573.2 85673.59 859094.3 254638 189321.7 1277201 263232.3 1017283 7321.321 209151.8 648861.4 99089.46 336845.4 23605.82 86041.81 31280.02 525481
2015-03-31 4979.772 839.0636 81481.4 337717.3 93474.92 82357.04 98003.66 2607.259 109063.8 988.949 604177.4 37183.19 427.2026 285.3182 8334.832 133614.2 670120.8 46486.47 214819.3 11228.2 2447.265 923.4932 113606.9 70804.3 21665.67 83008.19 290337.1 9223.731 270548.8 81103.98 55346.5 430735.4 66580.74 372721.4 721.3854 62821.95 215511 27906.22 86202.72 6816.903 30185.79 1336.37 72680.65
2015-04-30 4168.978 535.1526 83474.41 210548.7 59985.99 48107.85 66287.57 5104.511 78650.19 1661.033 379656.2 20294.12 767.0292 644.398 17172.23 65138.53 408056.1 31364.07 118975.9 11784.79 5212.207 1095.324 61331.73 37924.66 16203.88 62764.04 184423.1 13175.44 143819.5 44444.26 36816.97 279804.3 45592.19 218441.8 1164.387 41275 145760.5 18713.02 47189.21 5923.559 18823.18 4116.857 71857.74
2015-05-31 1225.22 144.4244 57997.11 86886.29 28030.53 17241.32 24350.35 2588.844 35268.74 887.8824 158353 6078.245 428.6758 325.7042 7998.231 20810.98 188511 10759.36 41265.17 4467.962 2157.349 932.1038 29140.1 13422.63 6265.113 29993.95 75389.71 5871.312 47840.57 14415.52 14558.9 135068.6 16036.72 86581.64 549.91 16870.07 66443.35 7933.258 14062.84 2725.699 6969.354 1349.324 12093.09
2015-06-30 689.7878 6.477 31855.77 30352.44 11275.72 4956.531 6025.185 1566.875 12108.89 32.2834 49572.85 941.7812 29.8704 43.9166 5436.057 2571.318 70916.19 1597.939 7683.221 383.1844 84.201 995.7054 9831.908 5413.756 1101.344 12050.52 26045.41 1600.683 8147.253 5107.407 5550.484 49370.87 5612.968 31465.67 161.8996 7546.619 24160 3481.603 2118.97 800.7858 2155.85 766.318 4115.74
2015-07-31 552.9072 14.7066 21025.08 12373.05 5079.467 1428.75 2207.616 1647.165 3931.158 148.4884 16014.01 1327.556 108.839 162.8648 5972.327 2437.892 24952.55 2451.811 9299.804 1048.004 499.5926 961.2122 2565.324 3717.163 310.4134 3870.325 10650.75 2620.645 9059.545 1846.936 2517.75 16721.25 2922.295 18481.65 161.798 3157.779 6857.746 1195.502 3167.278 132.1054 1055.192 837.0316 2635.352
2015-08-31 411.5308 1.143 13773.43 4812.843 3151.607 708.3044 694.2582 1554.074 1281.354 2.4638 7132.244 431.8508 0.8382 1.4986 5235.575 1041.806 9124.544 640.9944 2932.938 133.1722 17.6276 913.765 1689.481 2764.841 21.8186 665.988 3407.842 831.6214 2961.691 744.4994 606.7552 6331.56 1614.221 9681.058 123.825 568.0456 3017.571 254.9144 966.0382 65.4304 421.1828 752.0432 1794.231
2015-09-30 472.6178 30.3784 14212.19 5175.148 3263.519 1168.171 2297.532 1869.999 2039.62 267.6652 7541.412 1675.435 146.6342 153.162 6241.771 3915.054 7627.036 3059.455 9850.399 1361.821 733.4758 889.762 2072.259 2697.988 688.4162 2060.753 4255.465 2545.791 10137.75 1280.262 1081.913 5970.168 2664.46 13750.47 232.3592 1399.007 3131.947 448.2592 3917.95 147.3454 427.5328 1032.764 4766.056
2015-10-31 311.0484 14.605 11253.62 3196.387 2596.312 756.5644 1230.198 1564.361 1010.209 122.6312 5651.551 634.1872 72.263 68.1482 5337.632 1987.296 5561.279 1057.91 4268.394 426.212 218.2368 880.2116 1616.685 2184.349 240.6396 900.938 2474.57 1339.469 4445.66 773.5824 500.2276 3830.904 1402.055 8673.719 134.8994 772.541 2445.918 256.9464 1465.885 87.2236 312.547 764.6924 1393.215
2015-11-30 857.3262 270.0274 25043.79 21022.36 4356.151 5986.805 13942.95 3260.954 12338 1559.204 27198.14 8048.854 648.4112 378.968 8869.705 21917.41 19555.64 14784.5 38269.04 7502.906 3356.254 967.1558 4177.563 3224.581 4973.244 11615.42 19958.53 6439.179 49875.49 4409.161 4783.938 20117.56 4914.9 26347.4 806.7548 6295.466 11246.03 3221.939 18315.91 1234.491 2008.988 1907.743 13575.33
2015-12-31 52510.31 5222.342 344663.1 810017.8 186253.5 219588 475714.3 55975.15 476842.5 21040.93 1027340 197138.4 9406.153 7660.386 209452 376915 1211134 352491.2 934960.4 151914.6 71129.32 4939.335 141693.3 213299.5 137353.6 441295.6 855926.6 154323.9 1089375 259960.7 228275.2 1018344 360445 1303024 13150.52 248792.2 363735.8 100072.8 424004.9 33802.6 81864.38 61117.45 916572.4
2016-01-31 79810.46 2072.818 714089.2 709873.7 412899.3 228687.1 330455.5 89291.46 304139.7 9265.488 1176568 174844.9 4976.8 5833.77 329831.1 445160.7 1472259 264973 868642.5 83730.03 35453.6 36972.62 299299.1 386128.8 60034.88 246913.4 712923.3 152244.8 1053582 280632.2 182610.8 983411.7 666468.2 2562872 12225.76 207322.3 398775.2 66148.25 354351.5 15255.82 76256.08 62606.07 1053757
2016-02-29 59592.62 1748.13 315316.7 471121.2 306662.4 152577.7 225094.9 79469.31 209729.5 5139.436 770697.6 86136.33 2089.861 1438.707 356769.7 298310.1 938385.4 155888.4 475853.5 54589.4 19515.81 25827.25 154770 351994.4 43624.02 169488.2 474296.7 89302.56 650559.1 173418.9 111766.4 629307.7 245032.3 1112320 7403.821 128223.9 294670.8 48920.73 195250.2 11842.47 47628.3 57816.39 378176.6
2016-03-31 89091.54 4607.966 641949.6 1677695 464425.1 470862.1 685702.2 606916.7 663223.8 16440.73 3005857 276860.3 7096.049 5563.565 1634970 788099.9 2930497 469104.5 1411073 167875.1 58616.47 249413.2 600806.6 427808.6 129492.6 565086.9 1557327 316296.7 1726300 533440.9 345153.2 2114027 508556.9 2084307 16302.81 370289.5 1209961 169749.3 627268.5 48430.99 121029.5 228365 887799.8
2016-04-30 35524.41 1155.827 486380.6 539502.8 295273.2 143459.2 178682.7 344070 170341 1576.781 1009347 77121.51 606.7298 458.7494 1086692 223490.9 1004893 129630.1 453015 40278 6929.704 184208.4 93801.95 222883.5 28817.62 138292.6 465441.8 152928 551928.7 161752 92770.12 647151.6 142805.8 738174.3 5663.692 101616.8 380164.5 44378.07 189565.3 12892.61 36722.33 163198.2 173826.3
2016-05-31 11461.22 348.742 372693.4 221892.2 120406 50356.24 67456.96 126514.9 76246.94 367.919 437591 15103.65 196.7738 168.0718 320725.1 51143.28 448602.2 24745.67 109039.8 6452.514 1225.753 89503.43 76862.61 77196.37 14228.8 59791.19 187555.5 44419.82 133180.9 48442.8 34181.77 306564.4 48592.43 269412.3 2578.608 39616.76 172554.4 17259.15 35295.97 5853.405 15440.02 42989.25 48443.34
2016-06-30 4084.066 56.4388 207355.3 61287.23 47990.15 12783.62 16563.34 36626.52 22586.44 481.5586 124771.1 6011.342 278.5364 330.7588 77783.92 11121.72 152754.5 11158.58 37433.96 4430.319 1821.409 26462.79 27155.14 26203 3061.03 20896.53 50920.68 17831.1 42810.68 12091.47 9694.418 105812.5 19565.39 109836.3 1591.412 12679.27 55967.17 5406.847 14314.63 1657.325 3479.444 8918.499 21277.35
2016-07-31 2029.155 1.8542 109251.9 20069.43 19984.06 3074.086 4020.337 9872.167 6660.261 13.462 32348.96 1306.474 10.8712 23.2156 23226.75 2219.782 52265.22 2345.512 7859.166 881.5578 180.1876 5951.347 7642.276 10056.01 293.5732 6421.298 15977.46 6984.365 8550.275 3766.591 3537.306 34469.17 7022.871 41413.05 952.5254 4550.766 17057.62 1982.699 3183.458 343.7382 1331.443 3798.291 6058.967
2016-08-31 1316.787 1.397 55887.98 7363.943 7971.866 1158.545 1728.495 3522.066 2354.783 5.2324 10243.34 860.2726 3.2766 9.1186 13571.37 1473.759 17091.61 1489.532 4754.016 575.9704 121.5136 1592.834 2522.474 5862.269 171.069 1641.551 5282.235 3931.996 5022.418 1440.663 1075.614 11969.65 3131.16 20848.09 690.9054 1047.648 4700.702 493.8014 2084.197 162.941 563.7022 2560.117 3671.062
2016-09-30 927.6334 1.2446 30657.04 3580.638 4583.379 833.0184 1220.572 2522.677 1122.375 2.7432 5777.23 623.7478 1.0414 4.3942 10109.68 1139.673 8022.895 1046.15 3388.157 405.9682 86.6648 1111.86 1905.686 4182.44 127.0508 856.2594 2377.973 2516.2 3671.341 1007.745 406.7302 5618.861 2069.668 13637.46 515.747 575.818 2742.413 251.841 1499.616 115.4176 294.1828 1914.576 2569.896
2016-10-31 19886.73 1594.841 159532.2 291660.8 61775.64 67428.54 153012.6 26126.52 157619.5 9459.62 323978.2 73394.65 4610.329 4196.131 98073.01 148602.2 326669.1 140596.7 370838.5 65101.8 31104.13 2803.779 35089.82 69500.06 48284.94 162599.6 289173.9 73956.49 429602.5 79249.45 79380.51 305320.8 103755.9 420905.5 6173.749 89038.63 123206.1 38311.91 171639.7 12285.37 24145.65 27467.1 326750.6
2016-11-30 24319.31 2644.089 184249.5 474133.8 72991.17 106664.5 234233.7 25571.96 238387.7 9546.692 597024.3 88751.26 3891.966 2747.112 89044.09 166112.6 680853.4 164167.8 414030.6 71728.58 32977.2 2745.638 60084.56 88406.5 67568.27 219968 441495.8 65030.53 493608.6 129689.8 112822 575701.9 146108.5 486890.3 6481.597 114787.3 254679.1 55307.64 192359.7 18972.86 35772.34 26441.3 334980.5
2016-12-31 32770.52 2321.281 221179.2 729560 126622.6 147599.1 233676.2 26103.4 257678.7 7137.349 1013853 127647.2 3462.884 2838.78 102179 231044 1346520 202530.6 601344.7 74916 33344.33 2784.069 272218.9 170318.6 69489.83 232460.2 587469.4 71593.61 706781.5 197816.1 150318.4 967508 244125.4 971072.3 5282.184 131318.9 372688.1 57064.07 244190.8 12821.31 53370.33 27780.97 448984.2
2017-01-31 146349.7 1416.964 1430806 1067124 821021.2 352657.1 473756.3 435344.3 378289.6 6949.364 1957055 193100 4787.875 7362.571 2121110 614078.3 2207199 333168.8 1121190 102719.2 27367.99 169161.7 411562.4 908228.9 49052.61 324285.6 1051424 449551.4 1412154 459410.9 225964.8 1422238 1048781 3947337 26523.26 254516.3 758314.7 102710.1 449257.8 25740.87 84029.78 323458 1665829
2017-02-28 171710 4058.945 2096943 2269612 893103.8 709890.4 1035204 1457023 801675.2 19906.56 4258509 381152.6 5870.88 7130.974 5690861 1026165 3915791 676857.9 1988252 187977.7 72176.31 513201.2 940950.2 829730.6 132645.8 698830.8 2110038 859312 2217138 795617 341902.6 2779550 899379.5 3730593 35757.71 393747.1 1751142 253696.5 938748.1 75640.51 112357.4 1022024 1534699
2017-03-31 110536 3358.972 788258.3 1376275 634864.3 404159.3 562229.8 980766.3 482149.9 12430.96 2677360 251255 3477.133 2318.055 3622017 743736 2271846 452172.3 1306165 130463.5 42467.81 360352.5 478798.1 577457.5 87166.45 393813.2 1230844 562995.5 1447335 453702.1 205738.1 1677402 350423.7 1581648 16317.42 243909.4 1165460 156602.2 601778.7 47310.5 93303.04 690053.2 563336.1
2017-04-30 54275.33 2378.786 824173.1 1171669 366961.2 299893.4 399045.6 606682.5 377557.6 6926.301 2086854 161163.4 2401.545 1586.789 1828456 495766.9 1935939 282031.3 915522.6 86231.15 25365.81 270113.7 346344.7 288903.6 59739.61 309529.7 1007137 265599.7 1000825 336466.2 171914.9 1402801 202648.3 992705.2 12134.04 196528.2 828935.8 106146.2 408403.6 32758.66 79409.44 328153.8 318896.3
2017-05-31 17375.86 751.3574 589240.2 406094.9 170131.1 100154.1 131162.1 232918.8 126363.3 592.8868 748838.7 38309.52 171.3992 116.8146 581856.1 133064.9 774204.2 62509.76 256227.5 14813.25 2841.65 142383.3 140843.4 114459 21930.69 100170.8 337366.5 76634.44 291386.2 105231.8 56050.15 532624.9 64932.1 382286.5 4717.059 64845.77 296059.9 32019.93 102257.6 10266.12 29591.97 95492.54 77737.41
2017-06-30 5368.036 161.671 318754.6 103699 65934.59 23446.28 29942.61 69814.82 33639.63 483.108 209895.7 9203.512 224.917 265.9126 136402.4 18665.42 248637.5 15630.75 61658.58 4919.142 2122.627 56982.26 47228.99 39377.29 4740.554 26935.28 83449.54 23376.79 66535.78 21256.07 13427 166526.9 22393.25 139343.5 2277.237 17523.69 90089.15 7847.076 22354.67 2633.878 6928.333 18841.34 21620.73
2017-07-31 2605.354 90.1954 162357.1 28457.47 26924.94 5376.012 8648.878 19468.67 8858.428 182.8038 48585.02 2812.821 68.3514 56.007 34531.86 4278.198 78138.99 4897.603 15375.94 1774.571 780.288 16719.17 13168.43 14541.78 1613.967 8051.089 21404.83 9518.447 16905.76 5550.408 4166.845 51761.16 8203.946 52464.41 1396.822 5128.819 25002.41 2589.098 6767.703 673.3032 1774.749 5927.039 8347.532
2017-08-31 1627.378 64.0588 80998.06 10441.56 10438.76 2435.352 4722.444 5155.235 3863.492 130.0734 14011.58 1772.463 54.5338 50.292 17080.38 2576.017 24953.47 3084.678 8897.01 1176.655 549.8592 2721.204 3325.343 7645.019 1119.886 3288.919 7629.779 5346.903 8963.457 2598.141 1564.716 18493.41 3558.946 24988.04 963.93 1708.683 6703.67 947.928 4321.632 375.8692 719.8614 3584.981 4962.754
2017-09-30 1140.13 50.6984 44196.79 6207.125 5547.792 1759.712 3528.136 3211.398 2486 138.2522 8812.606 1323.365 73.2028 82.1944 12317.4 2211.705 12028.55 2268.042 7065.264 920.2928 471.9574 1274.724 2246.605 5344.033 882.6754 2369.617 4783.811 3797.275 6882.359 1882.877 1013.714 9304.68 2487.117 17086.12 704.6976 1332.459 3915.893 639.826 3221.685 269.5448 463.423 2570.251 3497.631
2017-10-31 1278.839 112.6236 36837.7 10121.82 5616.829 2955.087 6715.836 3564.179 5137.988 625.1956 13348.31 4165.93 295.4528 238.0742 12824.89 8600.973 13517.83 7577.963 20555.86 3550.691 1785.645 1142.797 3212.059 5325.339 2185.06 5219.878 9029.776 5584.571 22913.06 2887.98 2331.11 12085.24 4420.159 24160.58 844.8548 2765.019 5511.902 1225.321 9711.538 480.6188 812.6222 2848.585 10269.42
2017-11-30 13347.8 1111.58 114111.2 135501.2 39661.57 29547.97 68316.55 17374.29 68778.09 6387.948 147784.3 46945.8 2861.564 2190.064 61383.72 93054.07 132417 89254.91 223230.1 40393.01 20055.1 2086.051 21357.49 44059.47 23681.56 64902.97 124682 43070.45 258716.8 31801.36 32982.41 128920.4 51713.66 233804.9 4316.197 40582.6 54742.23 17833.77 108295.1 4979.899 12470.23 17557.78 178869.6
2017-12-31 4013.53 1012.52 55051.32 142924.9 12856.49 35959.01 80077.87 5167.554 77532.71 1800.936 155791.3 20102.73 608.1522 338.6582 16063.65 43123.31 158648.9 37917.5 91990.52 20069.99 6503.645 1187.526 9890.963 13981.74 26192.51 74778.77 137133.2 10943.21 136613.7 38011.96 35832.24 153902.8 13085.8 55815.28 1410.716 37358.4 61141.71 19708.29 45953.4 7135.089 12751.16 4225.087 29165.07
2018-01-31 11626.37 1146.353 106795.4 247582.5 36463.93 55637.81 117478.3 15907.54 129021.3 6062.37 326616 39292.63 2868.676 2207.565 57463.26 92546.09 300535.6 75804.83 197564.1 33259.8 17035.73 1919.199 23696.17 39983 30753.18 123651.5 239231.6 40561.97 232603.5 62437.64 57336.82 281188.9 75154.33 285883.7 3833.343 69635.32 153106.3 35019.28 91611.73 12156.64 21819.69 15862.3 216235.3
2018-02-28 5692.597 1124.687 64566.09 232620 19452.82 38098.88 82373.65 5502.275 98121.93 1709.293 360333.9 27811.2 609.473 437.0832 17338.45 45414.9 377146.7 49453.88 129787.2 22900.11 8058.937 1110.59 44645.78 23994.87 26427.3 73061.12 179919.2 13146.48 155956.2 41708.63 39099.49 292967.5 40587.63 168033.1 1207.668 37681.69 141433.6 19948.25 54797.27 6131.992 17472.3 4812.538 63413.31
2018-03-31 21477.4 2224.989 171328.5 540753.6 76483.92 125993.9 218644.7 24096.52 248326.5 6211.037 769829.6 99787.61 3446.551 2889.072 82039.28 122186.9 897543.6 158412.7 438753.7 61517 29809.08 2545.486 150102.2 89350.01 58668.89 202824.2 494844.3 60894.8 503262.8 130563 108598.4 680410.3 161019.5 640476.2 4533.57 122834.3 302607.5 55400.27 192648.7 10721.52 29239.31 23764.47 330968
2018-04-30 5862.168 1540.561 116997.8 424670.3 58325.64 97795.92 144516.1 8290.154 162472.9 3456.076 606155.9 59804.68 1461.414 1095.019 26146.33 95213.02 738052.2 84013.78 270315.9 30784.11 12020.68 1322.68 120824.9 49022.51 38182.52 129674.5 365172.2 23905.59 327094 96416.32 77004.32 529850 75430.15 370353.9 2242.16 87969.67 235696.5 40464.51 118621.1 8427.745 24366.68 6652.92 106514
2018-05-31 1127.049 499.0592 60410.72 187377 38565.12 41177.08 61230.03 2758.694 73118.73 1105.23 287072 15029.15 552.8818 494.1062 9778.263 35244.99 381949.8 20290.64 84446.64 6750.812 2866.238 936.6504 58526.88 19632.7 17462.14 59367.45 159441.8 8515.299 104710.8 34961.04 32585.43 262798.7 26843.1 161500.8 613.283 35941.41 109716.1 16751.27 30949.6 4387.52 11708.92 1780.54 23860.89
2018-06-30 586.486 53.086 30544.95 60738.61 17114.34 12116.74 17995.8 1687.347 25964.87 40.005 94506.8 1920.291 16.256 11.2014 6032.297 4976.724 153159.6 2823.87 14269.06 628.8024 171.323 833.9328 20567.42 7001.256 4853.61 24594.03 51616.25 1708.074 17843.37 10488.55 10621.77 102768 9308.567 56432.04 203.2254 11765.1 40104.01 5919.597 3877.386 1693.291 3293.415 1026.236 6420.231
2018-07-31 480.2124 11.7094 20876.64 17662.3 6892.747 2687.218 3239.592 1722.018 6204.179 75.565 22946.59 1264.615 62.9158 111.252 6251.651 1836.598 47952.43 1946.758 8219.034 471.3732 274.0152 856.7928 4489.196 4093.921 276.987 5994.857 14957.7 2281.352 7065.747 3069.844 3549.853 28852.09 3779.215 24379.3 193.2178 4496.994 10320.22 1798.803 2879.954 173.1772 1151.255 1024.382 3508.934
2018-08-31 390.1948 8.4836 14752.01 6460.617 3459.963 969.0862 1218.159 1653.057 1909.851 16.7132 8442.325 619.4298 7.4168 6.3246 5693.943 1232.103 15553.69 920.9278 3862.883 189.357 75.4126 848.7156 1993.519 3052.115 158.0134 1232.23 4967.402 1083.107 3686.734 988.1616 994.8164 9585.274 1899.336 11890.27 169.0624 858.0882 3431.616 426.7708 1354.049 66.0654 463.2452 963.4982 2266.417
2018-09-30 340.233 11.3284 12605.33 3629.254 2834.488 829.0306 1268.552 1587.932 1011.53 58.5978 5657.088 604.5962 40.1574 53.3908 5524.398 1340.409 7653.147 954.6844 3951.732 275.6916 152.9588 817.6514 1709.623 2572.893 207.8482 879.7544 2604.567 1374.394 3583.584 909.0406 506.0696 4759.757 1589.786 9613.9 161.3662 730.8596 2408.25 279.146 1387.018 70.6882 307.34 921.8676 1819.986
2018-10-31 328.803 39.2684 12480.98 5621.198 2683.332 1310.462 2474.697 1636.522 2670.581 250.8758 8520.684 934.847 113.4618 69.469 5640.451 3852.85 8112.658 1618.818 6270.854 873.5568 412.623 841.7306 1927.428 2420.468 835.5838 2322.576 5055.565 1577.873 7797.394 1072.007 962.787 6198.54 1479.88 9048.75 194.056 1453.032 3751.428 715.5942 2008.81 207.3656 559.4858 939.2666 1648.231
2018-11-30 6542.1 380.9746 56063.26 32337.68 22265.67 7844.841 21609.13 9997.11 15565.7 3368.878 39051.97 20510.86 1837.563 1802.867 38329.01 42162.1 32994.47 39674.8 109779.1 16496.79 9795.764 1422.248 11139.04 24012.93 7249.643 17240.28 27700.1 27973.58 110719.5 9679.026 8790.915 30861.43 43768.87 172893.1 2088.794 12754.84 14705.23 3857.676 48534.55 1192.581 3048.711 10178.8 135366.6
2018-12-31 19798.39 1874.85 126626 283162.7 56324.65 67613.61 147616.1 20423.35 147699.7 7775.778 312690.7 65873.12 3090.139 1941.932 69056.61 130985 294836.5 124546.3 301366 58456.98 26153.54 2262.302 28269.11 65952.8 45536.36 143684.4 269821.7 47131.86 383321.3 76230.1 70287.16 280256.2 76449.2 311557.6 5070.45 80238.04 121969.6 39290.75 150804.8 12565.71 25433.78 20776.01 244772.9
2019-01-31 37658.04 1806.6 223427.1 478930.3 116522.6 97110.45 177580.9 21031.86 186398.4 7043.395 757974.6 72518.78 3630.193 4037.99 92844.01 135057.4 675210.4 121790.2 373424.8 52177.65 25557.23 2447.569 97651.67 154993.8 49410.49 161378.9 393274.2 75191.98 428487 110238 92141.24 539025.6 291545.6 1062635 4336.872 94931.31 329984.6 61619.31 149167.7 15847.16 48886.44 24960.33 550784.1
2019-02-28 92115.23 1544.498 1491661 1135173 475579.8 336202.5 487169.5 216889 450400.8 5770.27 2071085 165881.3 3575.99 8279.486 793876.6 267533.6 2205248 287376.8 1005447 104919.6 43841.06 105423.7 520489.9 472988 92308.68 399318.9 1137911 198200.9 1174229 369546.3 258109.5 1493728 822960.4 2884879 30519.75 261688.9 824758.1 124918.8 371811.8 26549.4 65401.77 55140.22 1307283
2019-03-31 128497.8 2181.784 550989.1 769399.8 680301.2 238136 350633.6 387626.7 301813.2 6745.478 1320655 172225.1 3547.313 3101.924 1702469 409678.8 1421087 351108.1 888352 112203.5 41012.85 120845.4 156993.8 680396.2 68351.76 276135.1 726886.7 364558.8 1186447 337922.9 183471.7 985551.9 562743.2 2329494 13702.97 167869.9 517706.9 75644.48 371088.6 23825.43 61875.7 308259.7 977462.6
2019-04-30 46288.48 1662.76 356684.5 590364.7 324089.9 159560.3 216465.2 465994.7 202153.5 4754.093 1175468 84537.58 1151.001 846.6074 1179372 360966.6 1029401 151814.4 476071.9 51103.53 14479.19 210656.8 215100.3 268586.9 41226.92 165305.6 508237.2 169234.2 586708.2 169645.6 102386.4 715543.3 161485.8 974475.3 6127.242 109474.2 461329 57901.36 199400.1 17031.51 41084.45 156789.7 220686.2
2019-05-31 15489.58 676.4528 308742.6 300167.4 154770.3 66167.86 93061.87 216537.4 103154 3281.578 609380.4 32388.4 1283.157 1021.994 460614.7 126766.6 540162.7 58422.39 201742.8 20295.82 8604.301 146037.1 106042.2 96017.74 21222.18 84247.2 254317.8 65709.19 228787.8 62468.58 48288.32 381509.9 71680.96 422226.8 3578.53 52984.63 239336.5 25534.19 78700.45 7028.891 20049.97 60527.18 99858.83
2019-06-30 4561.84 162.5092 209710.9 116241.9 65136.65 22625.89 33222.9 76922.78 41704.34 383.8956 244316.9 6384.29 53.3908 18.9738 135779.5 27925.93 245165.5 12641.76 49197.16 4234.561 845.185 57320.41 53480.64 33189.67 8858.098 36544.71 93619.12 18207.84 58415.07 19248.37 16561.16 176716.9 25198.76 161735.9 1246.53 17426.43 101806.4 9044.965 14731.26 3252.394 6748.221 15453.66 23243.92
2019-07-31 2220.544 19.5834 125544.9 29049.6 27994.36 4847.946 6159.195 21360.87 9477.248 192.6844 56955.44 1597.101 30.9626 12.7762 33334.91 4150.944 76686.23 2840.965 10039.1 964.1586 233.4006 14216.38 17141.04 12324.82 722.1982 9278.112 22263.68 8041.564 10940.31 4924.806 4636.618 53072.89 9254.846 61337.5 877.1128 5737.682 27933.65 2709.139 3746.906 636.397 1601.064 4562.805 8343.24
2019-08-31 1519.276 48.514 74186.14 12782.52 12049.13 2197.684 4711.319 5590.794 4606.29 465.4296 17543.93 3945.001 234.315 296.0878 16648.94 5584.393 27249.3 7146.646 20322.54 3012.161 1459.967 2369.947 4539.894 7172.122 992.6828 4463.44 10304.75 7765.415 20064.2 2921.864 2605.964 19805.22 4913.859 32314.41 802.259 3037.103 8047.33 1153.185 9281.668 395.1224 921.9946 3061.665 7909.687
2019-09-30 1584.985 154.7876 53316.35 15823.67 8044.866 4089.806 10212.45 4555.185 8106.613 1164.006 19980.91 7062.394 579.8566 583.6412 16060.67 14597.94 20907.1 13099.62 36777.27 6318.529 3234.512 1328.115 4643.145 6606.083 3286.938 8434.527 13953.26 10290.25 39480.59 4512.208 4138.168 19052.51 6965.442 37344.4 1024.458 4833.29 7675.956 1806.092 16444.8 709.803 1165.758 3473.094 13632.54
2019-10-31 900.6332 119.253 34317.92 22767.34 4499.026 4829.759 10440.7 2834.691 13383.16 555.1424 25212.17 3799.002 217.3986 130.2258 10023.22 10130.92 27836.44 7344.486 20150.89 3851.859 1417.396 1065.809 3712.159 4306.621 4509.795 12926.59 22509.33 4116.121 26860.96 4060.673 5675.605 26915.54 2485.669 16029.38 621.6396 5748.757 10652.84 2823.769 8411.845 1040.765 1678.584 2011.68 4683.379
2019-11-30 623.3414 9.9568 21749.41 9858.832 3208.02 1285.545 1800.022 2067.535 5464.556 56.3626 12350.14 536.9306 13.8176 6.9088 7713.37 1405.966 15162.05 861.1616 2778.023 314.833 92.6846 920.5976 1763.801 3286.354 792.0736 4536.592 10198.56 1757.477 3077.54 1218.032 2113.991 12688.49 1414.297 9432.747 334.2894 2783.561 5203.673 1252.169 1212.088 267.6398 848.4362 1461.389 2077.39
2019-12-31 12171.17 209.0674 67832.93 19855.87 43114.39 5243.525 17836.11 9354.515 10871.53 2425.776 33518.02 9902.012 1729.105 2530.831 44416.09 23936.05 29107.13 18548.93 72437.7 8076.895 5839.765 1470.533 6761.048 48852.46 4680.966 14349.53 19268.16 39184.07 69132.07 9503.131 8327.873 24788.01 114112.8 446665.7 1308.938 14525.65 11573.71 2830.551 24347.63 999.0074 1854.657 9872.421 250541.6
2020-01-31 10191.27 288.2138 69640.4 29523.49 38058.22 8332.851 25243.54 7677.531 16392.86 2243.379 54390.37 8276.336 1663.344 1868.348 33756.35 23653.95 41083 15345.31 60544.96 7148.601 4307.459 1283.716 6483.401 45960.36 7182.536 20151.32 28276.04 30596.99 64404.29 12148.36 10151.62 39041.86 149235.5 504175.6 1110.945 17442.64 23632.29 4254.424 19789.11 1704.772 2896.845 6931.355 273138.5
2020-02-29 7020.636 238.4298 50175.08 31127.85 29802.1 8597.57 21326.09 3975.964 17491.76 667.2834 43974.41 5022.367 331.597 642.0612 16130.02 11730.13 41388.87 9368.282 33353.81 4194.632 2005.305 1002.741 5743.626 36387.13 6689.725 17462.53 30037.76 11737.59 41210.54 10470.85 8078.038 38330.2 76169.75 379582 572.008 10687.1 18683.1 4583.862 11659.9 1841.906 3302.66 3535.375 108878.9
2020-03-31 3347.644 297.688 46759.22 44205.5 28498.42 9699.32 21914.43 4284.269 23548.7 1183.411 65828.19 7614.945 780.8468 490.9058 13071.55 17758.05 49970.06 16348.84 43447.89 7783.17 3880.434 1024.636 6207.582 24240.44 6811.62 20048.09 40205.03 9544.634 53099.08 9401.785 9030.792 46943.32 43305.3 218444.6 706.7296 11860.58 26552.88 6532.855 18799.51 1656.842 3175.61 2956.662 61991.29
2020-04-30 3236.519 520.7 49347.17 76916.86 31881.04 16466.62 37950.93 4945.99 41265.53 1842.084 114495.9 13616.53 800.1508 610.5906 16131.59 30161.18 84092.59 26661.21 68469.66 13227.58 5650.433 1046.378 9291.98 19667.7 12864.64 36688.73 73809.73 12198.25 90739.44 14702.41 16916.96 81924.91 40172.08 185888.4 1178.611 21434.27 52378.48 11194.39 30314.54 3009.29 6093.435 3921.277 64493.34
2020-05-31 1966.239 253.8984 40407.46 60304.76 22280.52 10611.05 23599.19 4185.92 32436.05 1710.766 87509.83 9829.622 903.097 903.986 14706.68 21904.38 66748.56 19137.1 53362.3 9113.825 4772.177 1012.241 6345.961 10289.64 7815.097 30042.21 58494.42 13229.16 58353.1 10747.83 14490.52 63598.17 22370.39 116088.3 1003.808 18126.3 43120.23 8100.873 23060.63 2154.784 4924.476 3145.003 32737.32
2020-06-30 723.4428 73.279 17342.18 32665.11 9644.075 5763.565 10857.15 1928.343 18625.87 247.3198 46357.77 3949.497 119.761 122.2756 6139.637 5830.341 38567.97 7630.795 19959.47 3529.965 1233.653 825.1444 3123.362 4107.764 3930.65 18934.58 32571.79 2894.406 25353.37 6699.352 8212.099 36794.42 7344.766 40511.04 306.705 9797.796 23418.55 4850.155 8957.31 1278.458 2514.575 1027.887 7088.861
2020-07-31 537.7434 5.0292 12421.59 10030.13 4415.993 974.4202 1385.189 1587.5 4098.468 39.0398 14412.7 382.2192 25.9334 40.767 5455.539 833.4248 13485.39 567.8932 2342.388 176.53 83.185 820.4962 1645.082 3122.219 114.1984 3973.576 10340.49 1393.85 2276.958 1508.836 2492.096 9435.414 2917.952 17862.68 181.3306 3142.386 6384.595 1480.82 885.1646 129.1336 948.1058 906.9832 3002.534
2020-08-31 449.6562 4.8514 11221.97 3767.201 3235.325 481.3808 824.0014 1565.199 1299.413 59.817 6932.701 585.597 47.8536 85.1662 5414.772 880.0338 5911.088 902.3858 3522.421 290.2204 165.7604 815.5178 1598.905 2669.591 84.963 849.122 3113.253 1676.578 2951.937 654.3548 695.8838 4376.776 2014.525 12341.96 163.1442 728.9546 2780.665 300.2026 1397.102 55.499 393.2428 873.7092 2312.137
2020-09-30 371.1448 4.4958 9472.397 1914.449 2507.666 450.9008 616.3056 1476.426 515.5692 19.6596 4112.971 299.8216 9.1186 9.3726 4883.963 744.2962 4281.449 433.197 1687.5 135.128 47.0408 783.4122 1514.78 2247.722 75.3364 369.1636 1371.422 823.1886 1947.266 458.597 199.8472 2936.57 1347.013 7840.523 141.351 270.891 1873.58 126.7968 663.9814 50.4444 183.5912 813.1048 1684.376
2020-10-31 336.1182 4.1148 9079.382 1825.371 2316.836 446.786 587.1718 1498.346 477.6724 16.7386 3955.009 292.989 7.0612 3.0226 4909.718 741.2482 4258.183 418.6174 1602.689 127.2032 38.862 804.5958 1542.542 2109.318 67.7672 345.7194 1342.72 743.712 1925.498 443.9158 187.9092 2754.427 1160.678 6744.487 132.0292 255.5748 1819.58 123.5202 643.9408 48.4378 184.277 812.4444 1469.288
2020-11-30 6795.745 519.811 54660.01 35965.08 20524.67 11008.03 28121.03 9286.646 20790.53 3358.617 43139.18 23710.7 1494.409 1156.36 32122.97 45620.99 35073.13 44350.48 110085.1 20176.54 10402.6 1360.399 10570.18 22706.48 9977.679 22032.9 34147.58 22120.94 125279.9 11137.98 10143.26 36632.92 29154.32 125090.2 2151.71 11534.62 17117.87 5020.767 54935.5 1929.257 3242.285 9084.462 101255
2020-12-31 10547.35 1018.489 78125.12 157942.7 32077.86 37772.16 81196.23 13387.91 87484.03 5082.692 168067.1 38401.55 2333.549 1865.986 47133 79832.4 171789.9 73582.61 187003.1 33538.9 15895.73 1674.114 18554.06 36049.61 26116.05 81635.6 158267.9 34361.88 224733.8 43655.54 42625.7 162151.5 52275.71 217622.8 3096.031 51420.06 60201.66 18385.84 88269.8 5818.556 16108.32 13294 173130.6
2021-01-31 22183.14 2276.805 131141.6 340280.9 66636.47 89857.94 199475.5 20242.45 194517.4 8356.244 401801.2 69940.75 3616.808 2392.172 71997.42 146545.9 438059.3 132526.6 333513.2 61869.62 26771.52 2230.12 34332.95 79129.79 59175.24 186471.3 347700.8 53590.14 419192.8 101576.9 90298.65 405088.8 135880.5 474225.7 4957.369 100779.4 156309.2 43534.81 157829.1 15680.23 31537.99 21162.01 302975.1
2021-02-28 27941.78 974.8266 149390 259645.4 108097.6 61328.3 104685.9 11837.59 112019.8 3676.167 471766.4 43220.82 2554.961 3276.905 54232.96 78291.05 526283.5 55914.24 219109.5 16096.77 8507.374 1513.459 79698.6 133377.9 25503.78 79380.28 229208.8 55084.95 228480.5 71461.81 50011.41 359433.4 313434.6 1239470 2690.266 64536.17 166927 23376 68250.16 6733.159 26394.18 12036.35 528719.3
2021-03-31 15539.67 1020.674 91630.22 249857.7 113628.4 57244.72 106604.3 8894.166 114460.5 3525.723 390192.5 46846.67 1617.32 1094.334 28861.46 100047.7 413396.4 66861.72 208509.4 23203.13 10656.77 1334.668 80513.35 102641.7 26953.49 90779.22 225978.4 23423.27 246364.8 64994.41 49486.36 320678.6 120293.4 568348.8 1673.86 59979.56 153130.2 28589.94 92269.95 7174.763 22812.96 7535.088 167015.6
2021-04-30 4440.911 246.4054 41616.45 114462.5 70019.52 26620.95 41717.72 1841.525 48884.54 289.8902 198829.7 11626.16 158.4706 157.4546 6582.131 30448.02 230695 12590.22 59180.35 2683.104 872.9218 788.3652 43352.62 41100.65 10967.14 38639.88 98110.7 4229.278 70492.39 24073.92 19511.72 174642.3 39456.79 226909.4 571.373 22342.83 82707.18 11238.74 20355.2 3259.531 8938.133 1083.437 41072.46
2021-05-31 1961.515 11.0998 24504.12 40613 35125.66 8882.863 11164.7 1469.873 16523.18 41.8846 72919.26 1866.925 26.8478 31.9532 5129.606 5170.119 101753.8 2143.963 12939.37 234.1626 87.63 782.4216 17916.35 15794.3 1899.92 16028.77 34647.23 1820.037 14523.95 7952.435 7126.834 71761.43 15581.27 95068.37 353.7458 9292.844 33276.46 4489.272 3438.068 1001.116 2643.962 762.5588 11924.79
2021-06-30 1128.7 4.4196 16738.78 13235.79 14637.26 2001.444 2355.291 1390.98 4322.013 57.5056 19419.21 836.8792 51.2572 76.0476 4830.75 1661.77 34443.67 1202.461 5934.278 150.6474 98.8314 753.0338 4297.197 6147.435 72.0852 4179.697 11425.91 1766.189 5109.82 2195.652 2679.598 21243.65 6018.987 36274.4 272.8214 3406.775 9169.603 1421.892 1795.526 103.8352 981.3036 713.0542 4567.911
2021-07-31 814.7558 2.921 13579.04 5061.687 5818.175 743.3818 940.5874 1416.736 1442.542 42.2402 7542.784 646.7856 36.703 66.3702 4790.872 1187.729 11676.05 991.6922 4466.209 185.293 107.6198 774.6238 1955.419 4006.596 54.356 880.7958 3632.86 1501.75 3685.591 898.8044 788.6192 7364.908 2784.653 17117.9 231.775 877.2398 3114.523 318.3382 1453.439 32.4358 374.904 711.8604 2917.165
2021-08-31 616.4834 3.1496 11168.76 2755.671 3450.59 586.1558 694.563 1390.421 609.7016 13.843 4505.808 478.8662 8.2042 11.9126 4498.086 950.0616 5669.966 730.25 3040.126 152.3238 58.9788 770.4836 1650.771 3049.803 45.9994 439.9788 1817.395 859.282 2872.816 632.587 264.2108 3394.735 1743.431 10101.53 195.6054 434.975 2062.328 186.2328 1045.464 31.6992 230.0986 687.7812 2065.884
2021-09-30 640.6896 46.8122 14787.5 6048.553 3901.999 1427.505 3495.98 1830.73 2830.906 454.0758 8845.906 2704.287 277.5204 345.6686 6207.049 5405.298 7902.575 4946.752 16031.62 2232.889 1267.409 778.256 2338.756 3038.551 1098.423 3209.493 5333.949 4425.772 15315.87 1815.287 1623.416 6562.039 3268.675 17889.47 339.9536 2275.027 3365.678 630.5042 6368.466 187.2234 470.408 1059.51 4982.261
2021-10-31 11607.24 717.3468 88577.22 85033.26 35929.01 17954.85 43764.56 16133.47 42717.64 5682.666 92368.24 40310.38 2772.74 2436.495 58622.54 79684.47 84257.95 77013.69 202334.9 33735.95 18022.98 1859.813 20017.05 40508.5 15625.83 42108.32 78646.86 42408.07 220334.1 22322.26 22357.82 81404.26 61070.79 249857.8 3659.53 28343.61 33133.51 10131.81 93719.45 2541.27 7356.272 16436.82 201036
2021-11-30 9733.432 1564.64 77274.47 219920.6 27878.84 54019.04 119481.1 10187.18 116449.7 4326.331 234628 43023.36 1508.506 876.7826 30969.41 83309.51 230763.6 80593.51 191212.1 40237.46 15648.08 1444.041 17183.51 31948.63 38725.2 114324.9 209529.3 24668.25 261166.2 58810.83 56001.03 220577.1 26259.84 115217.1 2808.427 59184.11 89959.49 29292.52 97196.68 9716.592 18933.57 9344.203 70948.5
2021-12-31 20792.97 1332.636 91681.07 222962.9 67187.75 56641.09 124381.5 16164.66 127698.6 5565.267 279057.8 48594.72 2718.384 2648.839 64352.42 87627 355332.8 84081.44 233708.1 36445.75 18464.12 1878.863 47930.84 92296.64 36193.83 121236.7 228154.4 49338.36 259551.3 69096.28 62422.48 306247.4 144216.3 508226.3 3281.959 66770.5 102266.3 24526.32 99909.35 9324.543 18925.39 17685.56 314902.4
2022-01-31 11200.23 801.4462 44878.55 162609.1 49984.89 36561.14 79772.92 6453.911 81367.96 1616.05 260277.4 22422.82 1020.648 1413.688 30522.37 38657 337110 33862.52 115926.1 12295.66 5113.172 1138.098 32022.24 86713.21 23193.55 66026.28 148571.9 24132.62 131481.3 46346.97 36583.57 240154.4 132910 490724.3 716.1276 37125.91 93666.67 14176.22 36526.98 5878.881 14961.64 7651.14 214131.9
2022-02-28 5393.461 322.6816 33043.29 144577.1 44675.6 28809.44 50570.13 4284.548 55085.28 1038.987 235652.5 17627.4 701.7258 947.5978 16227.4 28895.04 270496.5 18842.13 84110.83 4186.834 2089.734 934.466 54196.79 52663.32 11706.96 40780.11 117073.9 16451.38 97373.77 36594.47 24397.36 190983.5 96510.88 417101.2 410.9466 28480.44 88513.84 12738.71 27858.29 3538.601 13076.35 3146.171 148870.3
2022-03-31 4119.474 99.8728 42137.51 121808.9 50065.23 28172.92 32564.3 1504.772 39740.94 352.1964 212946.3 9489.186 295.3512 252.73 6236.386 21313.57 223543.9 6873.748 48209.94 583.1078 454.9648 764.9972 34504.88 36064.65 5684.698 29425.34 93755.72 6658.458 54744.49 25022.4 17536.11 159698.8 53218.99 285104.2 469.7984 22493.76 93582.16 11261.04 15952.52 2395.449 9638.97 701.4972 61403.05
2022-04-30 9241.993 653.796 85284.51 146389 57756.25 30158.89 49151.11 10971.23 56216.8 4257.396 229548.1 31802.73 1926.234 1495.73 35464.22 65127.94 219004.6 56815.74 155417.4 25132.69 13089.28 1425.575 33955.69 40366.59 13524.74 48897.16 126261.8 28074.11 177184.8 26996.49 27211.68 167326.6 69907 308856.7 2747.874 33449.92 96972.02 14904.75 71463.81 3195.879 11537.92 9876.003 140926
2022-05-31 2309.724 600.7862 43781.85 148844.6 34851.9 29242.31 52915.95 2843.428 64600.51 1182.167 223999.8 14676.35 484.4034 370.205 8588.553 38696.93 228085.3 25504.24 76779.53 12368.05 4059.149 4711.37 30313.22 15917.49 17424.35 54295.78 126853.5 8039.125 103577.3 25441.15 27337.92 182718.8 35618.14 177522.2 725.1954 29504.01 96219.8 15103.37 30198.67 4440.555 11438.59 1780.819 41351.68
2022-06-30 1063.041 48.7426 23290.58 52968.58 18911.93 8722.284 14853.34 1714.805 23476.43 331.9526 83263.99 3519.272 227.8634 315.3918 5529.986 6305.194 100736.8 6121.908 21585.5 2142.363 1163.726 9049.766 14711.78 6192.063 4196.512 22434.68 45196.07 4475.429 20509.69 9387.967 9777.832 82360.67 13170.08 76825.02 270.891 11993.85 38257.79 5704.942 7678.268 1715.059 3522.218 774.6238 11801.75
2022-07-31 703.707 5.6134 14868.55 16927.53 8160.283 2135.378 2682.037 1332.179 6064.606 75.8698 23246.66 1136.955 67.056 122.7074 4441.546 1610.868 32593.05 1705.381 6945.427 471.1192 282.9306 1839.214 4461.535 3592.474 190.6016 6015.761 14309.01 2028.088 5659.196 3319.12 3463.214 25206.48 4923.003 29737.33 144.145 4628.845 10872.01 2040.636 2566.899 212.8266 1274.902 640.6896 3861.943
2022-08-31 539.1912 10.5156 11919.97 6878.701 3814.775 736.7524 1206.881 1356.131 2052.752 102.108 9040.851 754.761 72.009 98.5266 4327.017 1756.308 10459.82 1252.322 5164.988 440.8932 263.906 1011.25 2005.838 2732.557 167.9702 1554.455 5337.708 1670.71 4636.745 947.5978 1222.299 8516.722 2450.49 15281.43 147.3454 1260.348 3576.625 552.4246 1737.843 45.0342 609.854 634.5936 2576.678
2022-09-30 501.7008 52.578 13613.71 6934.937 3163.087 1539.088 3432.404 1763.141 3221.126 415.9504 9092.235 2525.319 207.2894 186.0296 4987.239 5885.764 8463.991 4599.051 13923.85 2222.17 1168.654 866.5718 2504.11 2345.995 1202.461 3154.197 5872.277 2831.211 15300.38 1535.684 1549.451 7703.363 2289.581 13256.84 304.1142 1821.663 3641.166 700.532 5735.93 204.47 520.2174 878.0018 2847.518
2022-10-31 356.87 4.4196 8336.077 2588.438 2269.541 456.3618 553.5676 1267.536 788.035 25.0444 4319.041 295.5036 14.6304 6.858 3855.39 915.2636 4619.269 420.7002 1950.06 77.7748 31.4706 801.7002 1563.624 1926.514 120.8278 536.2194 1933.296 588.137 2046.453 438.0992 286.7914 3175.457 1230.097 7283.526 97.3836 470.027 1986.864 189.8904 629.666 28.8544 228.1682 584.0984 1400.556
2022-11-30 7098.411 711.1492 55374.46 54319.75 21214.92 16332.5 41016.5 9400.972 32444.61 3635.68 62632.03 28235.38 1568.069 1168.044 31620.71 54889.96 54379.67 52876.78 129783.6 24712.6 11697.36 1358.722 12391.34 23561.32 14814.4 32997.9 52621.89 23144.71 155549.7 16156.69 15012.77 56969 29988.49 131310.5 2179.269 16326.54 24852.17 7504.913 64391.46 2917.876 5169.383 9014.968 103569.8
2022-12-31 29765.24 990.1682 110079.5 170142.3 88841 49328.48 111031.9 20695.74 103567.1 7622.134 187699.4 51502.36 4821.453 4530.954 86821.72 143547.9 256666.5 97785.1 280897.8 45647.86 24631.17 2261.972 31908.45 105843.6 38718.34 116070.6 198536 74113.36 317219.7 65963.5 61573.92 224116.4 191813.7 645918.9 2794.61 67934.76 66193.24 16323.94 114969.1 6542.1 21725.41 22990.58 460425.8
2023-01-31 80817.97 2947.314 604907.5 588521.3 288231.2 214696.3 423185.9 59771.66 379327.4 20821.01 823831.1 232228.2 8693.328 6730.06 240999.8 544962.3 1227462 387409.1 1035114 149847.6 72494.24 9674.301 208850.2 403887.7 146269 407785.7 738061.6 165452.6 1275113 290331.8 241330.7 863277.1 621421.8 2397848 11801.12 184357.6 268358.1 68794.48 411913.5 29725.19 104700.8 64745.92 1143412
2023-02-28 30454.22 1242.619 166555.1 270092 254734.4 88788.95 124663.2 29979.04 121746.2 2007.845 489640.3 64218.49 726.9988 562.3814 87686.59 197053.1 504734.7 87327.08 279910.2 23130.84 7228.434 27590.42 107800.9 225083.2 29002.08 88125.91 254137.4 31202.81 367158.2 93944.54 63114.45 345743.2 149018.1 742293 3369.666 74129.54 174730.1 35393.33 100611.4 7016.674 34863.91 10925.4 197044.1
2023-03-31 101937.2 1170.432 876284.9 764689.5 538274.5 282630.2 377204.8 336683.3 296696.8 3766.998 1513924 109792.2 2575.128 5637.657 1515401 220752.1 1402583 205461.2 635630.5 65710.61 20700.47 124103.5 223597.7 524114.5 37166.83 232179.6 750779.8 321507.9 848334.7 281037.2 144539.9 932590.7 700429.8 2454630 21075.07 193238.9 596019.8 105269.9 248581 20448.07 32707.33 198825.6 1134987
2023-04-30 61382.35 1276.452 481865.5 488137.4 343620.8 144359.1 192782.5 476367.6 164557.3 2832.354 1213435 57735.09 1584.122 520.7508 1329508 247435.5 813767.4 132983.6 368702.5 42528.31 11706.12 177824.4 180726.5 294720.4 29603.19 118212 408934.9 194360.1 515622.6 125625.8 72729.78 548559.6 224999.4 1060456 10345.72 82613.75 530213.5 64156.46 158726.3 18984.37 35920.22 159324 325967.1
2023-05-31 17900.9 439.5978 357817.6 361024.4 178873.9 69924.9 81242.33 283078.6 92172.54 1218.26 973778.4 17385.61 465.8868 374.9802 605937.9 159062.1 543282.2 39970.48 135708.2 9030.386 3142.996 164036 103566.5 101148.5 14251.66 66961.41 275039.1 69978.83 172806.9 50628.42 34115.32 409922.4 71479.46 506437.8 4900.346 37466.22 390192.7 28441.8 61526.55 9977.577 22423.63 57316.55 83699.5
2023-06-30 5304.942 66.04 247867.7 133518.9 76242.21 17046.96 16070.76 95754.49 24278.01 219.2274 279657.8 3005.607 69.4182 103.3272 181194 25849.1 209559.6 6702.704 34687.08 1593.037 546.0238 74535.39 60272.5 31903.85 2140.864 18292.11 87688.09 19972.1 32621.63 11241.94 8206.181 182200.2 24572.92 183662.9 2182.419 10009.94 122816.8 6561.582 9285.097 2187.829 4928.387 11264.49 22431.76
2023-07-31 2455.52 42.3926 160350.8 36404.17 34145.63 3370.834 4417.009 27002.46 5831.637 93.7006 69537.27 1453.642 4.0894 9.525 45895.82 3934.739 70941.51 2564.663 10370.57 837.5904 278.9936 21422.31 20205.5 11762.94 454.8632 4744.339 20886.52 8138.414 9533.636 3040.177 2601.544 62670.41 9429.191 69132.55 1380.261 2988.716 36317.05 2024.786 3437.509 612.7496 1319.2 4132.555 8330.184
2023-08-31 1794.358 84.201 93471.09 14052.78 14716.91 2404.059 5706.669 6594.475 4480.865 551.3832 19722.13 4491.914 283.464 340.7918 17841.09 7259.32 24383.54 8194.142 22976.56 3616.985 1844.878 3438.093 5334.254 7372.045 1462.684 4246.321 8895.029 8446.211 23609.76 2994.254 2129.028 23542.88 6064.072 38667.69 1180.668 2665.451 9964.115 1231.29 10427.89 508.6604 761.4412 3138.627 11314.02
2023-09-30 1379.88 85.1662 58831.91 10124.24 7906.36 2147.697 5618.404 3791.814 4421.835 678.3578 13690.65 4849.546 380.1618 456.0824 13101.65 7925.918 14907.03 8963.99 25959.36 3994.277 2163.775 1285.215 3431.692 5531.155 1623.314 4611.599 7910.068 7985.404 25915.82 3042.031 2217.979 14167.18 5421.605 31273.44 1006.831 3146.501 5647.004 1104.9 11338.23 421.7924 666.3944 2578.557 11464.24
2023-10-31 832.6882 73.7362 37088.95 12925.5 4266.387 2455.494 5344.516 2301.189 7249.008 320.3194 15523.03 2044.903 123.0884 84.2518 8479.485 5745.861 15671.39 3755.542 10874.99 2022.297 750.1382 974.1154 2685.694 3720.719 2416.15 6724.472 12115.75 3151.403 14681.76 1977.593 2680.894 15520.26 2042.846 14374.72 635.4064 3216.783 6954.291 1652.092 4282.719 596.7476 955.8274 1595.196 2684.856
2023-11-30 1034.034 195.7324 36415.98 19831.96 4746.295 4576.039 10626.67 2991.028 11931.93 1097.89 25151.72 6305.423 460.9846 321.818 9979.101 15093.26 20408.57 11348.11 29410.13 5717.413 2547.874 920.0134 3649.193 3946.093 4179.011 10926.8 19386.07 6249.035 37099.09 3688.309 4424.502 21081.37 4321.099 23992.71 902.7414 5955.259 10729.8 3064.993 14223.03 1097.001 1798.65 2218.665 11175.57
2023-12-31 9236.481 937.0314 88756.74 119586 27443.02 24470.82 56376.75 12182.4 60536.18 4776.775 139087.3 33279.16 2139.188 1581.785 40340.74 69648.96 110806.5 63204.04 157438.9 29557.37 14164.87 1590.827 14907.95 28711.73 19519.21 53971.09 110085.6 29740.94 188220.6 23436.61 25504.44 109092.4 37044.4 170436.3 3155.239 34833.53 53157.96 17372.18 77070.43 4854.702 12718.95 11451.59 131663.9
2024-01-31 35017.99 1353.82 189892.8 269322.2 103602.4 55364.13 122676.2 22653.24 127396.6 9907.88 406126.4 65996.44 4690.288 4160.799 102176.2 158080.7 368113.1 129157.3 345763.1 59018.96 29715.1 2673.96 66150.49 124557.9 43394.33 131874.5 259319.2 79127.96 408347 69672.66 64500.86 337254.1 216853.6 797335.5 3731.946 72120.63 168444.1 29763.34 143818.4 14883.74 30573.95 27063.6 493142.2
2024-02-29 75331.09 5719.724 484429.6 1632855 299565.6 413563.1 677692.9 99476.2 711873.3 12098.15 2511459 283562.5 7337.323 7317.943 334829.8 422331.5 2713028 461070.7 1344169 166717.8 73345.45 20157.29 545933.9 376174.1 162674.2 599444.8 1525036 186497.9 1595189 462201 337884.3 2046244 594333.3 2251468 15773.04 371392.3 1035162 184872 587147.6 38382.65 78016.48 68599.28 1099841
2024-03-31 94794.1 3124.632 747881.3 1219242 578402.7 376041.1 504753.6 472244.4 488526.1 5180 2257822 225477.6 3636.848 4414.596 1487623 375866.4 2309338 377849.5 1197836 121693.7 38450.24 193138.9 298578.7 529437.4 82010.17 401563.4 1178477 288945.6 1495700 439148 260515.2 1534239 537269.5 2226718 15700.43 283123.4 926152.1 137473.9 528618.9 33200.59 58855.28 209776.5 861081.8
2024-04-30 41613.56 1525.88 585387.6 583449.4 310675.9 161422 206011.5 369814.3 202585.1 1858.416 1188881 86211.49 947.3438 585.4192 1090381 249154.8 1072160 147976.1 474315 49984.46 11732.67 175324.7 191917.9 233564.8 34946.18 155142.2 511481.1 155116.8 601671.1 179471.4 104293.1 729138.5 176982.2 909202.6 7680.935 115076.9 396469.7 52890.22 204761.5 13924.31 36611.66 141669.2 238334
2024-05-31 13903.45 502.4882 409506.1 270112.8 137833.7 62335.21 85718.73 163499.1 93832.2 977.2142 545522.3 23614.99 480.0346 441.1472 382390.5 86262.69 521014.8 38557.05 150885.6 11368.02 3283.153 98835.54 92770.93 85523.93 17772.2 73886.82 230884.7 52663.65 184325.1 63535.84 44622.95 367154.8 66517.77 361547.5 3547.643 49852.28 215078.5 21648.78 53497.71 6367.018 18301 46862.54 81162.37
2024-06-30 4080.713 6.6548 213300 61092.51 51715.26 12273.92 13580.85 44473.09 19733.39 16.0782 132066.5 2829.408 6.35 5.5118 85131.48 9650.806 157211.9 4887.189 23422.71 1547.647 179.4764 30633.97 30715.25 26238.76 1943.557 17343.35 49051.36 14286.53 28317.72 11246.13 8601.1 109455.9 19638.82 118375.4 1576.73 10731.37 58661.02 4747.031 6579.413 1355.903 3303.6 8732.469 16182.42
2024-07-31 2090.039 5.7404 110407.6 16349.17 20539.79 2374.519 3174.721 10568.66 4801.286 11.1252 26513.79 1231.316 2.667 3.0988 21835.69 2398.065 45856.58 2232.939 7576.668 862.6602 119.8372 6716.979 7165.772 9832.746 181.864 3968.826 11998.73 6595.11 8361.274 2812.567 2615.971 31133.44 7091.705 44330.06 1053.795 2940.329 14261.29 1360.627 2940.406 342.2904 913.765 3411.22 6380.048
2024-08-31 1390.701 16.2306 59099.12 6282.665 8506.663 1318.082 2711.653 3534.385 2181.708 187.1726 9470.187 2280.209 140.9446 233.7562 12894.89 2667.762 15596.01 4144.569 12958.88 1750.212 786.13 1528.166 2543.429 5972.099 315.8744 1824.152 4110.533 6041.009 11838.64 2102.028 1105.891 11551.34 4025.544 27223.08 813.4096 1713.382 4157.624 540.9692 5518.15 254.254 374.7516 2281.403 5969.533
2024-09-30 989.4062 25.146 34410.12 5031.867 4897.78 1196.111 2476.348 2514.549 2037.309 204.343 7168.236 1446.149 116.1288 129.3876 9451.772 3142.793 9112.479 2670.226 8366.963 1241.425 563.0926 1020.42 2150.516 4266.336 564.3372 1970.151 3782.822 3864.788 8459.216 1479.982 975.2838 6947.891 2694.915 17538.7 639.7498 1357.249 3244.139 525.5514 3446.45 224.8408 355.8286 1807.439 3616.96
2024-10-31 782.5232 21.7424 23454.41 3651.758 3847.135 956.2846 1913.128 2085.035 1497.965 158.4706 6132.83 794.2326 93.7768 83.8454 7793.126 2323.948 6105.957 1416.025 4963.084 670.7886 287.8328 904.9766 1815.897 3531.641 367.7158 1327.633 2784.5 2645.639 5178.552 1084.986 621.2078 4526.94 2017.293 13436.02 506.476 1039.749 2802.103 445.3382 1893.037 187.5028 314.9854 1443.66 2383.79
2024-11-30 40035.23 4365.981 203003.9 433086.1 118629.3 170101.3 335430.3 46898.94 331580.6 18563.39 553231.3 152006.5 8437.296 7123.76 182205.2 310157 715513.1 284957.7 723466 127453.6 63367.34 4262.653 82037.22 144167.6 119225.1 330252 579721.5 137699 847883.9 170404.7 168550.4 607007.9 279810.6 900542.1 4766.335 177081.9 178570.7 43412.77 330408.9 20549.74 51829.03 52190.14 713629.1
2024-12-31 62384.61 4687.24 475119.7 559494.4 207121.6 244578.5 426825.9 56224.37 405647.3 16731.79 928080.7 202689.7 7336.104 5922.01 219880.3 461782.9 1155519 323529.9 839011 116384.7 58105.78 6174.588 172864.8 307783.7 129950 365538.4 755037.7 145071 963563.3 231458.7 205174.5 807418.7 456183.7 1624297 8010.068 215537 281487.1 49255.86 342284.8 25644.17 75235.16 53307.11 812253
2025-01-31 56468.85 2200.961 352387 331226.3 344706.9 160109.5 220838.9 84451.85 182875.6 6305.855 566472.3 128805.2 2123.288 1125.703 378370.6 354845.3 777570.8 196420.1 518062.9 53635.4 22959.14 46956.65 154401 369042.6 49148.44 136459.1 401744.2 101997.9 628524.2 130102.3 92498.72 500256 302866.9 1411551 8534.222 114938.8 180019.9 25654.38 211342.1 10129.95 43666 49005.95 444648.3
2025-02-28 120500.7 4584.268 1057713 1186105 600686.9 440632.8 673709.4 479269 560367.4 9832.797 2140782 273244 5350.129 7505.522 2181740 415441 2243158 488534.9 1326046 162510.5 67283.05 151306.9 397686.6 625608.5 132486.7 477190.7 1275569 470028.9 1556225 454924.1 289210.5 1563721 700620.3 2508459 27426.64 317004.7 869599.5 139454.6 560011.4 31631.43 65368.83 308625.8 1174351
2025-03-31 101509.8 3367.38 1032992 1788233 576562.5 421814.4 595479.6 1102570 554931.4 6109.233 3473478 224261.1 3053.359 4279.544 3630076 677060.4 2869903 418415.9 1304495 129684 44838.29 394432.5 869939.3 504617.6 98840.19 468859.6 1476617 484099.6 1468495 479251.7 266898.7 2138083 515430.3 2369537 20436.38 286224 1546901 182630.3 591183.2 49648.72 77528.52 556666 880416.8
2025-04-30 59391.91 1811.401 880271.8 1208948 444865.9 270042.2 340526.4 621892.9 324085.5 2922.422 1803042 151303.8 1312.621 933.0182 2285967 453133.9 1875152 266990.5 912918.5 79154.17 19093.05 299907.2 215025 329857.7 46007.96 268382 934783.4 324650.1 1035565 345709.6 161591 1310407 243849.6 1197919 12865.4 157436.8 655597.4 100847.2 430291.5 29433.27 61044.94 434031.7 359600.8
2025-05-31 16014.98 279.3492 587157.8 380091.5 167133.7 72283.09 88918.9 236961.9 96946.36 482.7016 616679.9 25613.06 109.1692 118.237 593916.9 104415 703639.8 42056.28 198390.9 8903.157 1737.411 150054.7 126484.2 107413.8 13344.78 77866.82 279242.6 74140.97 215281.7 87968.15 43665.88 491755.2 62124.84 372368.8 4901.59 44017.29 245935.3 24212.35 73601.61 7266.94 24121.16 99748.26 74013.04
2025-06-30 4797.476 3.3528 303786.3 87067.87 60413.62 15134.01 15488.08 64090.09 20864.73 164.5158 153071.8 4299.712 3.0988 11.2776 129229.2 12539.47 214749.8 7354.037 36805.89 2194.433 642.0104 49055.43 39453.13 34630.18 1515.008 16990.29 60315.09 19902.63 39284.53 14934.87 9051.315 145444 20023.78 128205.4 2280.793 10226.42 67058.46 5134.661 10552.84 1500.683 5001.031 18223.99 18779.06
2025-07-31 2414.88 4.9022 157687.8 21656.67 25057.1 3013.786 5180.863 17903.37 5124.653 165.6588 33032.17 2155.266 55.2704 107.569 32794.19 3177.743 65731.37 3540.303 12229.08 1399.388 556.895 12476.43 10762.54 13255.73 475.234 4831.08 13769.16 9794.596 12458.5 4064.406 2730.348 44413.47 8065.338 52986.94 1455.268 3145.003 17768.72 1600.276 4811.497 557.53 1156.843 5349.824 7501.001
2025-08-31 1545.946 3.9116 80068.62 7337.146 10034.32 1453.744 2970.505 4756.988 2135.226 108.458 9301.023 1321.816 30.734 59.8932 15555.42 1885.366 20724.34 2081.657 6413.17 846.8614 344.297 2144.217 2868.676 7197.446 334.1624 1894.815 4333.316 5391.302 6270.422 2083.359 876.4778 15202.41 3600.704 25710.39 1006.932 1124.483 4856.277 657.7076 2872.588 346.7862 456.7174 3182.849 4418.533
