SWBM_id	subws_ID	SWBM_LU	SWBM_IRR	MF_Area_m2	WATERSOURC	WHC	Initial_fill_fraction	max_infil_rate	runoff_ISEG	WL_2_CP_Yr	ILR_Flag
1	1	1	2	6737.202668	2	0.1555316634416	0.707741952	0.353654045	3	0	FALSE
2	1	1	2	943.5999577	2	0.082021	0.445825	1.1016	3	0	TRUE
3	6	1	999	17020.16912	2	0.1394357	0.674	0.314496	3	0	FALSE
4	1	1	999	5236.322461	5	0.082021	0	1.1016	3	0	FALSE
5	1	1	2	5701.241354	2	0.1445773791344	0.685600881	0.318496162	3	0	FALSE
6	5	1	2	15978.6078	2	0.1037383202488	0.561837925	0.44799898	3	0	FALSE
7	6	1	2	3515.051944	2	0.082021	0.445825	1.1016	3	0	FALSE
8	1	1	2	13.699877	2	0.164042	0.7229	0.333504	3	0	FALSE
9	1	1	2	5038.475649	2	0.082021	0.311	1.1016	3	1996	FALSE
10	1	1	2	3298.647392	2	0.1595436173101	0.715084137	0.336120752	3	0	FALSE
11	1	1	2	70933.64162	3	0.1394357	0.674	0.314496	3	0	FALSE
12	1	1	2	123689.9247	2	0.0684312431675	0.335755008	0	3	0	FALSE
13	1	1	2	7034.578771	5	0.082021	0	1.1016	3	0	FALSE
14	1	1	2	91746.30906	3	0.1570605471847	0.710578985	0.990619047	3	0	FALSE
15	1	1	999	10738.71904	2	0.082021	0.445825	1.093842874	3	0	FALSE
16	1	1	2	165619.7276	2	0.1575908859484	0.711557711	0.328480949	3	0	TRUE
17	6	1	2	160151.8356	2	0.103784600598	0.455489572	5.656799563	3	2005	FALSE
18	3	1	2	60654.18811	2	0.164042	0.7229	0.333504	3	0	FALSE
19	6	1	2	78655.2495	2	0.0558883933567	0.197848881	0	3	0	FALSE
20	1	1	2	127103.4212	2	0.1574891856499	0.711379222	0	3	2015	FALSE
21	7	1	999	40833.53866	3	0.082021	0.445825	1.1016	3	0	FALSE
22	1	1	2	87346.88599	3	0.1366574239925	0.667370991	0	3	0	FALSE
23	1	1	999	7546.32365	999	0.0902231	0.496204545	0.379296	3	0	FALSE
24	1	1	2	215353.1923	3	0.1264814558191	0.640619566	0	3	0	TRUE
25	6	1	555	1761.757227	2	0.082021	0	1.1016	3	0	FALSE
26	1	1	2	220541.8985	2	0.0788511713225	0.423543495	1.357228013	3	2008	FALSE
27	1	1	555	3142.79192	5	0.1283807291738	0	0.258464595	3	0	FALSE
28	3	1	2	36445.82037	2	0.150676385235	0.698322034	0.323123402	3	0	TRUE
29	1	1	2	99705.07081	2	0.0761299064716	0.402940913	2.904073877	3	0	FALSE
30	1	1	2	399878.0859	3	0.1389794286599	0.672937327	0.60132562	3	0	FALSE
31	1	1	2	125611.0901	3	0.1394357	0.674	0.314496	3	0	FALSE
32	4	1	2	151733.092	2	0.1394357	0.674	0.314496	3	2008	FALSE
33	1	1	2	70676.24113	5	0.082021	0	1.1016	3	0	FALSE
34	6	1	2	5964.594312	2	0.0952852507525	0.406918982	0.914870816	3	2006	FALSE
35	1	1	2	32248.17001	2	0.1216455107824	0.626339245	0.726350818	3	0	FALSE
36	1	1	2	183096.7379	2	0.1394357	0.674	0.314496	3	0	FALSE
37	1	1	2	8908.316552	3	0.0561556669873	0.190553604	10.901088	3	0	FALSE
38	1	1	2	32625.08933	2	0.082021	0.445825	1.1016	3	0	TRUE
39	1	1	2	209849.1138	2	0.082021	0.445825	1.1016	3	0	TRUE
40	1	1	3	143624.218	2	0.1491406002449	0.621080817	0	3	-999	FALSE
41	1	1	2	58773.15189	3	0.082021	0.445825	1.1016	3	2008	TRUE
42	1	1	2	225940.9648	2	0.082021	0.311	1.1016	3	1996	FALSE
43	6	1	2	313095.7342	2	0.0805912492981	0.435974702	1.557759275	3	0	FALSE
44	1	1	2	26238.9668	2	0.082021	0.445825	1.1016	3	0	TRUE
45	1	1	2	110147.4836	2	0.082021	0.445825	1.1016	3	0	FALSE
46	1	1	2	323880.5508	2	0.1228854025544	0.540124721	0	3	2001	FALSE
47	6	1	2	3132.268672	2	0.1394357	0.674	0.314496	3	0	FALSE
48	1	1	2	9252.314639	2	0.164042	0.7229	0.333504	3	0	TRUE
49	1	1	2	606.6406441	5	0.082021	0	1.1016	3	0	FALSE
50	6	1	2	103673.2708	2	0.1441808723959	0.68472728	0.313538359	3	0	FALSE
51	5	1	555	73732.59043	999	0.082021	0	1.08237374	3	0	FALSE
52	1	1	2	104437.1735	2	0.082021	0.445825	1.1016	3	0	TRUE
53	5	1	2	28489.50397	2	0.164042	0.7229	0.333504	3	0	FALSE
54	1	1	2	70490.48048	5	0.082021	0	1.1016	3	0	FALSE
55	8	1	2	687051.9423	2	0.1384500577441	0.591815777	0.545866618	3	2001	FALSE
56	1	1	2	335744.4692	2	0.1771039976293	0.680907133	0	3	2006	FALSE
57	6	1	2	97452.36985	2	0.1039664829857	0.562794174	6.380559719	3	0	FALSE
58	5	1	555	374.4486794	999	0.1316629438458	0	0.345616614	3	0	FALSE
59	1	1	2	30827.82057	2	0.0824113961739	0.314254241	1.099139887	3	1996	TRUE
60	1	1	2	284759.7259	2	0.1760218174765	0.741767022	0	3	0	FALSE
61	1	1	2	20548.30403	2	0.1560125566656	0.708635947	0.327379421	3	0	FALSE
62	1	1	2	136182.7889	2	0.082021	0.445825	1.1016	3	0	FALSE
63	1	1	2	1884.690515	2	0.082021	0.311	1.1016	3	1996	TRUE
64	1	1	2	269502.6149	2	0.1383038823785	0.671331639	0.31680703	3	0	FALSE
65	5	1	2	64899.39634	2	0.0801258629643	0.432697701	1.65544985	3	0	FALSE
66	3	1	2	101503.5557	2	0.164042	0.7229	0.36053182	3	0	FALSE
67	1	1	2	31585.92929	2	0.1631677233972	0.721419872	0.419840077	3	0	TRUE
68	3	1	2	47655.91006	2	0.164042	0.7229	0.333504	3	0	FALSE
69	1	1	2	13537.54677	2	0.082021	0.445825	1.087516373	3	0	FALSE
70	6	1	2	23610.34376	2	0.1615073419465	0.718552553	0.364608	3	0	FALSE
71	1	1	2	10781.83693	2	0.1043582013382	0.458468038	0.810028855	3	2005	FALSE
72	4	1	2	272186.4859	2	0.1008561884308	0.549307735	0.970946125	3	2015	FALSE
73	6	1	2	19944.2112	2	0.1067705062054	0.57426719	4.259628042	3	0	FALSE
74	1	1	2	143969.3593	2	0.0612072591765	0.257357269	9.768127592	3	0	FALSE
75	1	1	2	133784.1979	2	0.1394357	0.594705882	0.314496	3	2006	TRUE
76	1	1	2	505.1970847	2	0.1394357	0.674	0.314496	3	0	FALSE
77	6	1	2	201495.3094	2	0.0847378209531	0.463594148	0	3	0	FALSE
78	1	1	2	127514.1248	2	0.1146498675139	0.603532892	0.797395653	3	0	FALSE
79	1	1	999	38076.62117	5	0.0745232422141	0	3.378220744	3	0	FALSE
80	1	1	2	365763.2406	2	0.1371562863772	0.587964645	0	3	1996	FALSE
81	4	1	2	154921.11	2	0.1394357	0.674	0.314496	3	0	FALSE
82	1	1	2	42032.83213	2	0.0467670019887	0.111744773	0	3	0	FALSE
83	1	1	2	25633.74882	2	0.082021	0.445825	1.1016	3	0	FALSE
84	3	1	2	38161.76611	3	0.1558399	0.708315789	0.31104	3	0	FALSE
85	6	1	2	53827.27451	2	0.1394674331047	0.674081885	0.314584381	3	0	FALSE
86	1	1	2	26930.09875	2	0.082021	0.311	1.1016	3	1996	TRUE
87	3	1	2	253276.7162	2	0.1635894171443	0.722129816	0.333174915	3	0	FALSE
88	1	1	2	64694.97457	2	0.1394419877299	0.674013724	0.314502182	3	0	FALSE
89	6	1	555	729.8717949	2	0.082021	0	0.616896	3	0	FALSE
90	5	1	2	1675.317019	2	0.0937329024417	0.975593527	0.512575029	3	0	FALSE
91	1	1	2	142203.2519	2	0.147964852996	0.939903999	0	3	1996	TRUE
92	1	1	2	185851.1546	2	0.1478088383913	0.984526093	0.321011164	3	0	FALSE
93	1	1	2	7791.886805	2	0.156719641662	0.985397795	0.339271847	3	0	FALSE
94	5	1	555	164.9220207	999	0.1148294	0.01692625	0.364608	3	0	FALSE
95	1	1	555	35463.13447	5	0.082021	0.02369675	1.1016	3	0	FALSE
96	1	1	2	114590.8406	2	0.1556723007492	0.985309659	0.327076202	3	0	FALSE
97	1	1	2	37830.07563	3	0.0847968941177	0.973019423	1.061949015	3	0	TRUE
98	1	1	2	9182.29768	2	0.082021	0.9721	0.990747619	3	0	FALSE
99	6	1	2	54961.08884	2	0.0765634104225	0.970126156	2.723628161	3	0	FALSE
100	1	1	2	51081.32076	2	0.082021	0.9721	1.1016	3	0	TRUE
101	1	1	2	300949.5276	2	0.1396972231383	0.983625717	0.314695603	3	0	TRUE
102	5	1	2	47977.17811	2	0.1727175375152	0.986752057	0.297956405	3	0	FALSE
103	1	1	2	180291.1277	2	0.082021	0.9721	1.1016	3	0	FALSE
104	1	1	2	235868.578	2	0.082021	0.8916	1.099928232	3	1996	TRUE
105	1	1	2	344482.4561	2	0.1378600003105	0.935512985	0	3	1996	TRUE
106	4	1	2	42608.62237	3	0.1551357792426	0.985254238	0.326618178	3	0	FALSE
107	1	1	2	4838.495219	2	0.082021	0.9721	1.094044323	3	0	FALSE
108	4	1	2	113483.5216	3	0.1356189675944	0.983131559	2.914237744	3	0	FALSE
109	6	1	2	30377.54687	2	0.1394357	0.983588235	0.314496	3	0	FALSE
110	1	1	2	2513.628165	2	0.164042	0.98605	0.333504	3	0	FALSE
111	5	1	2	820.2083796	2	0.082021	0.8916	0	3	2004	FALSE
112	6	1	2	109639.268	2	0.1305316216311	0.982474078	1.38970773	3	0	FALSE
113	5	1	555	52209.2442	999	0.1088981366868	0.017848158	0.414380822	3	0	FALSE
114	6	1	2	140633.0443	2	0.0878083238401	0.898736039	1.211268269	3	2004	FALSE
115	1	1	2	158560.2398	2	0.1802427165617	0.987306536	0.267848491	3	0	FALSE
116	5	1	999	386198.5139	3	0.0837274551071	0.972663636	6.199412171	3	0	FALSE
117	1	1	555	519816.0253	5	0.0743796660941	0.026131216	3.387410386	3	0	FALSE
118	1	1	2	360957.1403	2	0.1639912962582	0.98605478	0.345185757	3	0	TRUE
119	6	1	999	69817.70043	2	0.133715211792	0.982897893	0.393495276	3	0	FALSE
120	7	1	999	1.1821948	3	0.082021	0.9721	1.1016	3	0	FALSE
121	5	1	555	71437.15114	999	0.0764137261985	0.025435628	2.759828977	3	0	FALSE
122	1	1	2	5548.198032	2	0.142614853645	0.983962573	0.31690653	3	0	FALSE
123	5	1	555	21178.46391	999	0.0943801006252	0.020593654	0.572013754	3	0	FALSE
124	1	1	999	15027.9202	2	0.0820778372722	0.972126355	1.1016	3	0	TRUE
125	6	1	999	60259.7529	2	0.089431781077	0.974409884	1.098305556	3	0	FALSE
126	1	1	555	168.1465984	5	0.082021	0.02369675	0.616896	3	0	FALSE
127	5	1	2	38272.93655	2	0.082021	0.9721	0.616896	3	0	FALSE
128	6	1	555	3829.942366	2	0.045873165838	0.042369675	1.1016	3	0	FALSE
129	6	1	2	2532.700441	2	0.082021	0.9721	1.1016	3	0	FALSE
130	5	1	2	102537.0184	2	0.082021	0.8916	0.626848459	3	2005	FALSE
131	3	1	2	88293.64755	2	0.1099899001732	0.979196953	2.61293038	3	0	FALSE
132	1	1	2	102132.9549	3	0.1189379623034	0.980765636	2.229991203	3	0	FALSE
133	1	1	2	109130.0275	2	0.139623328779	0.983617592	0	3	0	FALSE
134	1	1	2	4501.760069	2	0.1531015058835	0.985059307	0.377994933	3	0	FALSE
135	1	1	2	1302.90301	2	0.082021	0.9721	1.1016	3	0	FALSE
136	3	1	1	131242.2955	3	0.1240114483581	1.000001634	2.09494516	3	0	FALSE
137	1	1	2	117732.6402	2	0.1394357	0.983588235	0.314496	3	0	TRUE
138	1	1	2	440832.321	2	0.1198746084948	0.925822545	0	3	1996	TRUE
139	1	1	999	2045.343716	2	0.1394357	0.983588235	0.314496	3	0	FALSE
140	1	1	999	7483.430252	999	0.0902231	0.974636364	0.379296	3	0	FALSE
141	6	1	2	1548.820703	2	0.0798196761107	0.971344467	1.790049599	3	2015	FALSE
142	1	1	2	85209.84977	2	0.1003730158432	0.911421477	0.94855448	3	2005	FALSE
143	1	1	2	1517.494106	2	0.082021	0.9721	1.1016	3	0	FALSE
144	1	1	2	47912.99853	3	0.1109261854722	0.979379797	0.8615122	3	0	FALSE
145	1	1	2	97330.16985	2	0.1630136543306	0.985968333	0.332696878	3	0	FALSE
146	1	1	2	231079.0058	2	0.082021	0.9721	1.1016	3	0	FALSE
147	6	1	999	27027.15289	2	0.0492126	0.9535	10.901088	3	0	FALSE
148	1	1	2	133658.1533	2	0.082021	0.9721	1.1016	3	0	TRUE
149	1	1	2	37668.23963	2	0.0641620205899	0.964349179	6.463814752	3	0	FALSE
150	6	1	2	59763.72577	2	0.0492126	0.9535	10.901088	3	0	FALSE
151	5	1	555	1994.171835	999	0.082021	0.02369675	0.616896	3	0	FALSE
152	1	1	2	17516.1636	2	0.1497951819588	0.984721701	0.430185852	3	0	FALSE
153	5	1	2	22762.1955	2	0.1148294	0.980071429	0.364608	3	0	FALSE
154	5	1	2	18734.23156	2	0.082021	0.9721	0.616896	3	0	FALSE
155	5	1	2	20330.83222	2	0.0791464379001	0.971083224	0	3	0	FALSE
156	1	1	999	7496.125079	5	0.082021	0.02369675	1.100879908	3	0	FALSE
157	1	1	2	187743.4237	2	0.1394357	0.983588235	0.314496	3	0	TRUE
158	1	1	2	284565.2543	2	0.1537796957018	0.9421793	0	3	2001	FALSE
159	1	1	2	320793.2646	3	0.1383262125957	0.983457709	0	3	2008	TRUE
160	6	1	2	72039.83444	2	0.0603722714529	0.962117546	10.04512043	3	0	FALSE
161	1	1	2	89755.53707	2	0.1394357	0.983588235	0.314496	3	0	FALSE
162	1	1	2	23377.07217	2	0.0898110822703	0.974518471	0.902363274	3	0	TRUE
163	1	1	2	17774.62955	3	0.082021	0.9721	1.1016	3	0	FALSE
164	1	1	3	358404.2785	2	0.1534420267277	0.94206107	0	3	-999	FALSE
165	1	1	555	3363.720713	999	0.082021	0.02369675	1.1016	3	0	FALSE
166	5	1	2	109400.3718	2	0.1246905469691	0.981646097	0.614462829	3	0	FALSE
167	1	1	2	141173.2413	2	0.1348274288552	0.983032796	0.378206963	3	0	TRUE
168	1	1	2	176982.3381	2	0.0882072731638	0.89920428	0	3	2001	FALSE
169	6	1	999	52835.29993	2	0.0492126	0.9535	10.901088	3	0	FALSE
170	1	1	2	41486.60759	2	0.082021	0.9721	1.1016	3	0	TRUE
171	5	1	1	133185.6881	3	0.154064586623	0.999997136	0.789976407	3	0	FALSE
172	1	1	999	267720.6658	2	0.1390693573046	0.983554705	0	3	0	FALSE
173	1	1	2	57494.66634	3	0.082021	0.9721	1.1016	3	2013	TRUE
174	1	1	999	180366.022	999	0.0902231	0.974636364	0	3	0	FALSE
175	1	1	2	192732.6515	2	0.1588454627602	0.985596825	0.383006641	3	0	FALSE
176	1	1	2	191761.9291	3	0.0886632935196	0.974206029	2.260842387	3	0	FALSE
177	1	1	555	10360.63736	5	0.0788929585613	0.024636307	1.954702196	3	0	FALSE
178	5	1	2	2807.512129	2	0.082021	0.9721	0.623503173	3	0	FALSE
179	1	1	2	158543.0553	2	0.1801392831595	0.747669421	0.268206443	3	0	FALSE
180	5	1	2	161724.0012	2	0.082021	0.311	0.616896	3	2005	FALSE
181	1	1	2	448099.1712	2	0.1292608448516	0.64833985	0	3	0	FALSE
182	3	1	2	181939.836	2	0.164042	0.7229	0.333504	3	0	FALSE
183	1	1	2	13.5042072	2	0.1394357	0.674	0.314496	3	0	FALSE
184	3	1	555	19621.08796	5	0.0492126	0	10.901088	3	0	FALSE
185	6	1	2	159497.143	2	0.0744906076987	0.241342814	3.677914699	3	2006	FALSE
186	1	1	2	96950.31561	2	0.1416784543369	0.601125314	0.31622113	3	2004	FALSE
187	1	1	2	135902.2727	2	0.082021	0.445825	1.1016	3	0	FALSE
188	1	1	555	202546.4486	5	0.0492126	0	10.901088	3	0	FALSE
189	1	1	2	163741.8411	2	0.1394357	0.674	0.314496	3	0	FALSE
190	1	1	2	331005.7515	3	0.0823032416429	0.447709392	1.076263202	3	0	FALSE
191	5	1	2	9050.106617	2	0.1788786039853	0.745888875	0	3	0	FALSE
192	1	1	2	163329.0371	2	0.1394357	0.674	0.314496	3	0	TRUE
193	7	1	999	2889.811744	3	0.082021	0.445825	1.1016	3	0	FALSE
194	1	1	999	14480.96193	2	0.1161426554554	0.608628656	0.898579672	3	0	TRUE
195	1	1	2	1300.048664	2	0.1291310498999	0.64799112	0	3	0	FALSE
196	1	1	2	1083.977803	2	0.1195801375208	0.619872412	0.517036754	3	0	FALSE
197	6	1	999	78644.87888	2	0.0492126	0.130525	10.901088	3	0	FALSE
198	1	1	2	91742.66242	2	0.1783647973743	0.745151963	0.269356388	3	0	FALSE
199	6	1	999	135258.5679	2	0.079925578345	0.431293417	1.684676917	3	0	FALSE
200	1	1	2	86839.61681	3	0.1394357	0.674	0.314496	3	0	FALSE
201	1	1	2	200272.0183	3	0.1394357	0.674	0.314496	3	0	FALSE
202	4	1	2	195935.2182	2	0.1435478564636	0.683347125	0.31765715	3	0	FALSE
203	5	1	2	31209.91286	2	0.082021	0.445825	1.022223073	3	0	FALSE
204	1	1	555	16350.22899	999	0.082021	0	1.101362571	3	0	FALSE
205	5	1	2	128514.5932	2	0.1571916922021	0.710821012	0.293801746	3	0	FALSE
206	1	1	2	226163.7272	2	0.1601657531568	0.716198484	0	3	0	FALSE
207	3	1	999	20672.3261	5	0.1558399	0	0.31104	3	0	FALSE
208	6	1	2	24448.13688	2	0.1063890478598	0.572741294	0.767221834	3	0	FALSE
209	8	1	999	40704.09378	3	0.1635478964737	0.722062392	0.33456117	3	0	FALSE
210	1	1	2	15302.53935	3	0.082021	0.445825	1.1016	3	0	FALSE
211	1	1	2	177236.3947	2	0.0808074008798	0.437498313	1.248943594	3	2008	FALSE
212	3	1	2	142466.9308	2	0.0582312822112	0.219404513	9.705160572	3	0	FALSE
213	1	1	999	42385.87614	5	0.0738632323505	0	2.581964974	3	0	FALSE
214	1	1	999	87155.5381	5	0.1178161586258	0	0	3	0	FALSE
215	1	1	2	53991.5038	5	0.0761793495506	0	3.542152376	3	0	FALSE
216	1	1	999	51577.76535	5	0.0750262433785	0	3.04710995	3	0	FALSE
217	5	1	2	330150.5855	2	0.0809769916005	0.438658486	1.4086678	3	0	FALSE
218	6	1	2	141693.3043	2	0.0713642747574	0.363044163	0	3	2015	FALSE
219	1	1	2	50705.42409	2	0.1394357	0.674	0.314496	3	2008	FALSE
220	1	1	2	28182.74498	2	0.082021	0.445825	1.1016	3	0	TRUE
221	7	1	2	55997.07025	3	0.1403668196164	0.676161221	0.515407537	3	0	FALSE
222	8	1	999	46481.90937	3	0.082021	0.445825	1.1016	3	0	FALSE
223	1	1	2	90453.72936	2	0.1605855292529	0.716943972	0	3	0	FALSE
224	1	1	2	1838.912752	3	0.082021	0.445825	2.4192	3	0	FALSE
225	5	1	2	75941.46732	2	0.1139269130945	0.503960815	0.50781722	3	2005	FALSE
226	1	1	2	136444.7892	2	0.0737693937648	0.233926326	3.5726577	3	1996	TRUE
227	1	1	2	240500.326	2	0.0920693164305	0.506298804	1.016953979	3	0	FALSE
228	6	1	2	14687.71669	2	0.0718705821883	0.367533729	0	3	0	FALSE
229	1	1	555	33138.14116	5	0.0785608079601	0	2.070062845	3	0	FALSE
230	3	1	2	190936.5061	2	0.164042	0.7229	0.333504	3	0	FALSE
231	1	1	999	27236.62321	2	0.082021	0.445825	1.1016	3	0	FALSE
232	5	1	1	300292.536	2	0.1580237821237	0.863660147	0.606626642	3	0	FALSE
233	1	1	2	64515.96384	3	0.0805987115687	0.436036101	1.102054806	3	0	FALSE
234	1	1	555	53828.39982	999	0.082021	0	1.070768628	3	0	FALSE
235	1	1	2	29954.56633	2	0.082021	0.311	1.1016	3	2006	FALSE
236	1	1	2	591644.261	2	0.1389334411257	0.59323984	0.321489822	3	1996	TRUE
237	1	1	2	177675.9366	2	0.1397764988954	0.674791898	0.314762889	3	0	TRUE
238	6	1	999	12363.53576	2	0.082021	0.445825	1.1016	3	0	FALSE
239	6	1	2	65532.32954	2	0.134409964931	0.661809748	0.38232523	3	0	FALSE
240	1	1	2	8658.023339	2	0.082021	0.445825	1.1016	3	0	FALSE
241	1	1	2	25492.06589	5	0.0817350665919	0	1.089226974	3	0	FALSE
242	6	1	2	180149.5441	2	0.1299303363428	0.650159776	0	3	2015	FALSE
243	5	1	2	95312.63601	2	0.1014112261782	0.551780891	0.550044114	3	0	FALSE
244	1	1	555	40839.75697	5	0.0773318684523	0	2.328729329	3	0	FALSE
245	1	1	2	338223.2714	2	0.1394357	0.674	0.314496	3	2008	FALSE
246	3	1	2	10411.92461	2	0.1489411399367	0.694810687	0.32186929	3	0	FALSE
247	1	1	2	147864.006	2	0.1394357	0.674	0.314496	3	0	TRUE
248	3	1	2	22384.72919	2	0.164042	0.7229	0.333504	3	0	TRUE
249	3	1	999	2256.106627	2	0.0492126	0.130525	10.901088	3	0	FALSE
250	1	1	2	3502.586152	2	0.0528255815789	0.163151287	9.751912521	3	2008	FALSE
251	6	1	2	100318.773	2	0.082021	0.445825	1.1016	3	2015	FALSE
252	1	1	2	146213.1297	2	0.0827578126876	0.450750806	1.095276939	3	2008	FALSE
253	1	1	2	24574.31572	2	0.162769654979	0.720740216	0.332632681	3	0	FALSE
254	1	1	2	28041.95741	2	0.1588094973719	0.713767274	0	29	0	TRUE
255	5	1	555	24033.91471	999	0.082021	0	0.616896	29	0	FALSE
256	1	1	2	133804.0103	2	0.1394357	0.674	0.314496	3	0	FALSE
257	1	1	2	474.2095063	2	0.164042	0.7229	0.333504	29	0	FALSE
258	5	1	2	161402.3809	2	0.079983367881	0.293439871	0	29	2005	FALSE
259	1	1	2	240592.1886	2	0.0819569014087	0.445373055	1.101635267	29	0	FALSE
260	3	1	2	107512.1981	2	0.1580905037466	0.712473777	0.328814769	29	0	FALSE
261	7	1	2	104779.9191	3	0.1280376000618	0.644989002	0.666581592	29	0	FALSE
262	1	1	2	67735.84965	3	0.082021	0.445825	1.1016	29	2015	TRUE
263	1	1	2	22832.43548	5	0.082021	0	1.1016	3	0	FALSE
264	1	1	2	1922.973587	2	0.1184453097286	0.616237891	0.646872764	29	0	FALSE
265	1	1	555	6332.26336	2	0.071091557393	0	1.091705217	29	0	FALSE
266	1	1	2	144898.6194	2	0.082021	0.445825	1.1016	29	2015	FALSE
267	3	1	2	189.6625144	3	0.164042	0.7229	0.364608	29	0	FALSE
268	5	1	2	287312.1701	3	0.1117764438656	0.593346669	2.39205002	3	2008	FALSE
269	6	1	2	67730.4009	2	0.1389986404388	0.672977086	0.321082023	3	0	FALSE
270	6	1	2	85302.89093	2	0.1493358323706	0.695610657	0.285565106	3	0	FALSE
271	5	1	2	521628.3609	2	0.1388232385303	0.592913153	0.449263953	3	2001	FALSE
272	5	1	2	5142.087669	2	0.0844327422032	0.461650643	0.616896	3	2008	FALSE
273	1	1	2	12530.33249	2	0.082021	0.445825	1.1016	3	0	TRUE
274	6	1	555	14763.73541	2	0.0492126	0	10.901088	3	0	FALSE
275	1	1	2	8502.333619	2	0.082021	0.445825	1.1016	3	0	FALSE
276	3	1	2	5383.780944	2	0.164042	0.7229	0.333504	3	0	FALSE
277	1	1	999	4997.632596	5	0.082021	0	0.951431052	3	0	FALSE
278	1	1	2	73512.58053	2	0.1394357	0.674	0.314496	3	0	FALSE
279	1	1	2	316878.3943	2	0.1394357	0.674	0.314496	29	0	FALSE
280	1	1	2	282408.6332	2	0.082021	0.445825	1.1016	3	0	FALSE
281	1	5	999	65801.80293	5	0.082021	0	1.094862191	3	0	TRUE
282	1	1	999	20248.38464	5	0.0798477543596	0	1.647883789	3	0	FALSE
283	1	1	2	160.4900814	2	0.082021	0.311	1.1016	3	1996	FALSE
284	1	1	2	51323.32507	2	0.0906816023113	0.498738203	0.988551246	29	0	FALSE
285	1	1	2	55792.94462	2	0.137262877588	0.668849127	0.319045773	3	0	FALSE
286	1	1	2	63576.05198	3	0.082021	0.311	1.1016	29	2005	TRUE
287	5	1	2	249216.0415	2	0.0858925691856	0.470802118	0.983652893	3	0	FALSE
288	6	1	2	143240.6768	2	0.1638490718442	0.655095451	0.364204003	3	2005	FALSE
289	1	1	2	260239.6222	2	0.0785971736109	0.421677193	2.136719554	3	0	FALSE
290	1	1	999	46031.33035	5	0.0690346126094	0	5.031073183	3	0	FALSE
291	1	1	2	33136.05932	2	0.082021	0.445825	1.1016	3	0	FALSE
292	4	1	999	27970.07071	3	0.164042	0.7229	0.333504	3	0	FALSE
293	1	1	2	16915.09632	2	0.164042	0.7229	0.333504	3	0	FALSE
294	1	1	2	146311.3613	2	0.1394357	0.674	0.314496	3	0	TRUE
295	1	1	2	88558.25835	2	0.1394357	0.674	0.314496	3	0	FALSE
296	3	1	2	51706.96154	2	0.164042	0.7229	0.333504	3	0	FALSE
297	5	1	2	36699.44329	2	0.1326159893159	0.657233084	0.439361624	3	0	FALSE
298	1	1	2	5212.478537	2	0.082021	0.445825	1.040858117	3	0	FALSE
299	1	1	2	96.5423666	2	0.082021	0.445825	1.1016	3	0	FALSE
300	1	1	2	30929.32056	2	0.082021	0.445825	1.1016	3	0	TRUE
301	1	1	2	992.1508315	2	0.160930119159	0.717549431	0	3	0	FALSE
302	6	1	2	115.9352786	2	0.082021	0.445825	1.1016	3	0	FALSE
303	3	1	1	18463.7476	3	0.164042	0.8686625	0.364608	3	0	FALSE
304	5	1	2	142053.6686	2	0.1033146620987	0.452996522	0.913704081	3	2001	FALSE
305	1	1	999	11146.27925	999	0.0902231	0.496204545	0.379296	3	0	FALSE
306	5	1	2	292805.4796	2	0.0688174251024	0.339472616	0	3	0	FALSE
307	1	1	555	810800.9417	5	0.0920706090814	0	1.63417694	3	0	FALSE
308	1	1	2	244838.2634	2	0.164042	0.6555	0.333504	29	2006	TRUE
309	1	1	2	634255.3437	2	0.1593753430265	0.714784136	0	3	2015	TRUE
310	3	1	2	2611.450439	2	0.164042	0.7229	0.333504	3	0	FALSE
311	1	1	2	20564.76751	2	0.082021	0.445825	1.1016	3	0	TRUE
312	1	1	2	107300.6697	2	0.0827546565195	0.450718441	1.092775289	3	0	FALSE
313	1	1	555	13304.46305	2	0.0717165311663	0	1.011421842	3	0	FALSE
314	4	1	2	142890.7463	2	0.161216013197	0.649463446	0.331348538	3	2004	FALSE
315	1	1	2	243394.6152	2	0.082021	0.445825	1.043599514	29	2008	FALSE
316	1	1	2	123266.9162	2	0.1394357	0.674	0.314496	3	0	FALSE
317	1	1	2	483357.7763	2	0.1032339706591	0.452575948	0	3	2001	TRUE
318	1	1	2	24942.9523	2	0.1234047915146	0.631666785	0.505391719	3	0	FALSE
319	5	1	2	11361.64392	2	0.082021	0.445825	0.616896	3	0	FALSE
320	1	1	2	1147.468865	2	0.082021	0.445825	1.1016	3	0	FALSE
321	1	1	2	1011.351082	2	0.0777807423184	0.41561093	0	3	0	FALSE
322	5	1	2	76839.14979	2	0.1601054463963	0.716084033	0.348156844	3	0	FALSE
323	1	1	2	95104.52093	2	0.1798233924013	0.747215367	0.269378147	3	0	FALSE
324	5	1	2	13893.17964	2	0.082021	0.445825	0.616896	3	0	FALSE
325	1	1	2	256626.4624	5	0.1387736125444	0	0	3	0	FALSE
326	1	1	2	33611.76792	2	0.082021	0.311	1.1016	29	1996	FALSE
327	1	1	2	81484.93963	2	0.1309812755169	0.652958577	0	29	0	FALSE
328	3	1	2	8168.663318	2	0.164042	0.7229	0.333504	3	0	FALSE
329	6	1	555	99.9508742	2	0.082021	0	1.1016	3	0	FALSE
330	1	1	2	44966.53283	3	0.1101045105772	0.587159889	0.721231938	29	0	TRUE
331	3	1	2	19542.77867	2	0.1610930464936	0.717829288	0	25	0	FALSE
332	1	1	2	372771.6619	2	0.164042	0.6555	0.333504	25	2006	TRUE
333	1	1	2	198915.0157	2	0.1555451157058	0.70775984	0.295802346	25	0	FALSE
334	1	1	2	154822.1586	2	0.1804035786076	0.748028957	0.267192958	25	2008	FALSE
335	1	1	2	20469.79254	3	0.082021	0.445825	1.1016	25	0	TRUE
336	4	1	999	18871.23183	3	0.0440605730963	0.081968741	0	25	0	FALSE
337	5	1	2	176235.937	2	0.1503813991692	0.624205746	0.459645629	25	2005	FALSE
338	6	1	999	72063.54811	2	0.091273230447	0.501998022	1.084307279	25	0	FALSE
339	1	1	2	17741.80528	2	0.082021	0.445825	1.1016	25	0	FALSE
340	1	1	2	59968.7633	2	0.16425822294	0.723271659	0.332594778	25	0	FALSE
341	1	1	2	14703.93573	2	0.1429793213404	0.682077437	0.317236996	25	0	FALSE
342	1	1	2	219538.5897	2	0.1509056240875	0.698783092	0.301138193	25	0	FALSE
343	6	1	2	63699.70167	2	0.0694701752874	0.345698693	0	25	0	FALSE
344	6	1	2	79143.04809	2	0.0679960052927	0.331510965	5.386286525	25	2008	FALSE
345	1	1	2	7628.452179	2	0.1394357	0.594705882	0.314496	25	2006	FALSE
346	1	1	2	337274.5416	2	0.1562732407291	0.709133391	0.405575947	25	0	FALSE
347	1	1	2	235064.3724	3	0.1398339660889	0.674925172	0.314779106	25	0	FALSE
348	5	1	2	364699.9529	2	0.0945397454793	0.519204565	0.845276216	25	2008	FALSE
349	6	1	2	3047.504826	2	0.082021	0.445825	1.1016	25	0	FALSE
350	4	1	2	73299.62474	3	0.0591102520556	0.2310135	0	25	0	FALSE
351	1	1	2	367256.6827	2	0.082021	0.445825	1.1016	25	0	FALSE
352	1	1	2	16964.00642	2	0.082021	0.445825	1.1016	25	0	FALSE
353	1	1	2	122493.7831	2	0.1394357	0.674	0.314496	25	0	TRUE
354	5	1	2	90003.00215	2	0.0881358427154	0.358800637	0.596388074	25	2005	FALSE
355	1	1	999	8605.871304	5	0.082021	0	1.027833989	25	0	FALSE
356	1	1	2	526.790428	2	0.082021	0.445825	0.438912	25	0	FALSE
357	1	1	2	81966.44179	5	0.1394357	0	0.314496	25	0	FALSE
358	1	1	2	140250.2417	2	0.1394357	0.674	0.314496	25	0	FALSE
359	6	1	2	18147.94216	2	0.0494604609003	0.134879011	10.901088	25	0	FALSE
360	1	1	2	70693.31423	2	0.1804462	0.748090909	0.266976	25	0	FALSE
361	1	1	2	321401.9381	2	0.1503000753477	0.697573794	0.322866432	25	0	TRUE
362	5	1	2	80337.9415	2	0.082021	0.445825	1.071964311	25	0	FALSE
363	1	1	2	45186.24949	3	0.082021	0.445825	1.10026892	25	0	TRUE
364	6	1	2	74662.22124	2	0.0947841844635	0.520439989	0	25	0	FALSE
365	6	1	999	85326.02042	2	0.082021	0.445825	1.1016	25	0	FALSE
366	1	1	999	178766.6877	5	0.0776374639345	0	2.426198782	25	0	FALSE
367	1	1	2	589370.6224	2	0.081885219976	0.309862956	1.100709708	25	2001	FALSE
368	1	1	2	5442.632022	5	0.082021	0	1.1016	25	0	FALSE
369	1	1	2	10896.40817	2	0.16323920962	0.721543597	0.392003033	25	0	FALSE
370	1	1	2	22391.47142	5	0.0758719692914	0	2.885345169	25	0	FALSE
371	3	1	2	1133.542652	2	0.164042	0.7229	0.333504	25	0	FALSE
372	1	1	2	42665.96451	3	0.0821106620764	0.446412	2.280488197	25	0	FALSE
373	1	1	2	2862.203097	2	0.1003765993407	0.547152045	0.853367178	25	0	FALSE
374	5	1	2	16618.30159	2	0.1389781844014	0.672928598	0.349175016	25	0	FALSE
375	5	1	2	173883.375	2	0.0804271252771	0.43482474	0	25	0	FALSE
376	1	1	2	271527.3604	3	0.1394210928801	0.673967663	0	25	0	FALSE
377	1	1	2	94690.62793	2	0.1319944997947	0.65562055	0	25	0	TRUE
378	5	1	555	6438.163679	999	0.082021	0	0.616896	25	0	FALSE
379	3	1	1	55829.31852	3	0.1639745205031	0.868607306	0.364626242	25	0	FALSE
380	1	1	555	584.0848531	999	0.082021	0	1.1016	25	0	FALSE
381	1	1	2	286120.7205	2	0.1344524821568	0.661920737	0.34439104	25	0	FALSE
382	6	1	2	803.8387993	2	0.082021	0.445825	0.774845798	25	0	FALSE
383	1	1	2	58533.22159	2	0.0741160071289	0.237507964	3.445671874	25	1996	TRUE
384	6	1	2	61314.75187	2	0.0787022006812	0.422443236	2.182841971	25	0	FALSE
385	3	1	2	1190.498392	2	0.164042	0.7229	0.333504	25	0	FALSE
386	1	1	2	114678.7425	2	0.133835685057	0.660359589	0.393022832	25	0	TRUE
387	1	1	2	260637.2657	3	0.1347455874812	0.662657032	0.380074105	25	2008	TRUE
388	5	1	2	484642.1635	2	0.1262974195599	0.640091844	0.442330033	25	0	FALSE
389	3	1	999	16907.85843	5	0.0492126	0	10.901088	25	0	FALSE
390	1	1	2	381177.208	2	0.1580636303861	0.64246405	0	25	2006	FALSE
391	1	1	999	151.629551	2	0.082021	0.445825	1.1016	25	0	FALSE
392	1	1	2	104259.9612	3	0.1300826107899	0.650565181	0	25	0	FALSE
393	3	1	2	10026.82071	2	0.164042	0.7229	0.333504	25	0	FALSE
394	1	1	2	250286.8305	2	0.1610768342227	0.717799696	0	25	2008	TRUE
395	1	1	2	110863.2124	2	0.082021	0.311	1.1016	25	1996	TRUE
396	5	1	2	53004.21387	2	0.0279359802247	0	0	25	0	FALSE
397	1	1	2	250219.9564	2	0.1394357	0.674	0.314496	25	0	TRUE
398	6	1	999	83002.21052	2	0.0758870611554	0.401014891	2.907814188	25	0	FALSE
399	1	1	555	4530.299935	5	0.082021	0	1.1016	25	0	FALSE
400	6	1	2	92743.75546	2	0.0626402866174	0.274348122	0	25	0	FALSE
401	4	1	2	9813.588203	3	0.1394357	0.674	0.314496	25	0	FALSE
402	5	1	999	16917.11651	2	0.0807737747304	0.437248881	1.065716927	25	0	FALSE
403	1	1	2	147831.0923	2	0.1632848050939	0.653905838	0	25	2001	FALSE
404	8	1	999	79556.78196	2	0.0560346064519	0.199941772	0	25	0	FALSE
405	3	1	2	22228.22678	2	0.1614081531309	0.718384328	0.331358839	25	0	FALSE
406	1	1	2	68803.2966	2	0.1382584066552	0.671226168	0	25	0	TRUE
407	1	1	2	100400.418	3	0.0811070235928	0.439573253	1.116984334	25	0	TRUE
408	5	1	2	6815.560326	2	0.1794515731637	0.746695361	0.274744457	25	0	FALSE
409	6	1	2	72650.77735	2	0.1168957804795	0.611145165	0.622807252	25	0	FALSE
410	1	1	2	50472.70316	2	0.1142789472265	0.602244095	0	25	0	TRUE
411	1	1	2	196973.1471	2	0.082021	0.445825	1.1016	25	0	FALSE
412	1	1	2	28945.97592	2	0.1095383294567	0.484072801	0.870477561	25	2005	FALSE
413	1	1	2	108368.945	2	0.082021	0.445825	1.097744532	25	2013	TRUE
414	1	1	2	404589.801	2	0.1341233392657	0.578648885	0.386610156	25	1996	TRUE
415	5	1	2	34153.57885	2	0.082021	0.445825	0.616896	25	0	FALSE
416	6	1	2	53424.16154	2	0.082021	0.445825	1.1016	25	2011	FALSE
417	1	1	2	203222.8122	3	0.1354561878976	0.664433605	0	25	2008	TRUE
418	4	1	2	3677.431605	2	0.164042	0.6555	0.333504	25	2004	FALSE
419	3	1	555	4213.820677	5	0.0492126	0	10.901088	25	0	FALSE
420	1	1	2	144071.1509	2	0.0815191422084	0.442406933	1.240607538	25	0	FALSE
421	6	1	999	160112.8239	2	0.0702572209162	0.353033469	4.676479844	3	0	FALSE
422	1	1	2	16044.02779	2	0.1343990372732	0.661787273	0.539376766	3	0	FALSE
423	1	1	2	335621.2098	5	0.0814931243269	0	1.101380831	25	0	FALSE
424	1	1	2	114217.4504	2	0.082021	0.445825	1.1016	25	0	TRUE
425	6	1	2	123888.992	2	0.082021	0.445825	1.1016	25	0	FALSE
426	1	1	2	380327.5212	2	0.1555455028449	0.63667643	0.326921615	25	2004	FALSE
427	1	1	2	51651.11263	2	0.082021	0.445825	1.1016	25	0	FALSE
428	1	1	2	36162.08864	2	0.0524719201502	0.169405386	9.904053256	25	2008	FALSE
429	1	1	2	297768.3607	2	0.1394357	0.674	0.314496	25	0	TRUE
430	3	1	2	8577.891289	2	0.0935571240568	0.514159306	0	25	0	FALSE
431	3	1	2	108251.0245	2	0.1525918183672	0.702107304	1.393394986	25	0	FALSE
432	1	1	2	51581.2228	2	0.082021	0.445825	1.1016	25	0	TRUE
433	3	1	2	26889.91067	2	0.164042	0.7229	0.333504	25	0	FALSE
434	1	1	2	151320.9722	2	0.1407194664453	0.598402352	0.315433208	3	2004	FALSE
435	1	1	2	9.1056245	2	0.082021	0.445825	1.1016	3	0	FALSE
436	1	1	2	77246.55712	2	0.1405173847459	0.676516569	0.315262015	25	0	FALSE
437	7	1	2	160994.892	3	0.1028471177924	0.558033569	0	25	0	FALSE
438	1	1	2	187501.1175	3	0.082021	0.445825	1.1016	25	0	FALSE
439	1	1	2	77142.32895	5	0.080993148097	0	1.394313163	25	0	FALSE
440	5	1	999	145.1721077	2	0.082021	0.445825	1.1016	3	0	FALSE
441	7	1	999	77515.00297	3	0.0509405651144	0.153356959	10.35841943	25	0	FALSE
442	5	1	999	195360.6945	2	0.1569418726403	0.639909294	0	25	2001	FALSE
443	6	1	999	3024.486654	2	0.0843997025039	0.461442637	1.066183377	25	0	FALSE
444	1	1	2	7676.326745	2	0.082021	0.445825	1.1016	25	0	FALSE
445	4	1	2	57304.34073	2	0.164042	0.6555	0.333504	25	2004	FALSE
446	6	1	2	13792.47537	2	0.1394357	0.674	0.314496	25	0	FALSE
447	1	1	2	149641.8336	2	0.1624784558227	0.720239869	0.349523889	25	0	TRUE
448	1	1	2	26290.3252	2	0.082021	0.445825	1.1016	25	0	TRUE
449	1	1	2	6538.957272	3	0.0876940111724	0.481660765	0.488288596	25	0	FALSE
450	1	1	999	30103.13636	5	0.0738126918305	0	3.405204763	25	0	FALSE
451	1	1	2	239563.0137	2	0.1405751168672	0.676647161	0.315362603	25	2013	FALSE
452	1	1	2	242239.1445	2	0.1395035896019	0.674157055	0.314532275	3	0	FALSE
453	3	1	2	125875.57	2	0.1489304903301	0.694791529	0	3	0	FALSE
454	5	1	2	648.094616	2	0.1804462	0.748090909	0.266976	3	0	FALSE
455	1	1	2	52033.65619	2	0.082021	0.445825	1.1016	3	0	TRUE
456	1	1	2	305739.3378	2	0.106304742575	0.572404654	5.644527304	3	2017	FALSE
457	8	1	2	85201.0669	3	0.1289784219423	0.647565562	3.622759613	3	0	FALSE
458	1	1	2	3732.186504	2	0.1394357	0.674	0.314496	3	0	TRUE
459	1	1	2	215776.4581	2	0.1396518925922	0.674513003	0.314643592	3	2013	FALSE
460	1	1	2	169997.4944	2	0.1556780348373	0.708011701	0.364608	3	0	TRUE
461	1	1	2	6387.748631	2	0.164042	0.7229	0.333504	3	0	FALSE
462	1	1	2	72.2927888	2	0.082021	0.445825	1.1016	25	0	FALSE
463	1	1	2	151218.2485	3	0.0864338200231	0.474116985	1.066259876	22	0	FALSE
464	8	1	2	108201.6583	2	0.1291185138103	0.56231277	0	22	2005	FALSE
465	1	1	2	335122.1283	3	0.139496641603	0.674146535	0.314539319	22	0	FALSE
466	3	1	2	57927.55421	2	0.164042	0.7229	0.333504	22	0	FALSE
467	1	1	2	159214.6219	2	0.1581978142815	0.712664496	0.387408952	22	0	TRUE
468	1	1	2	36529.85968	2	0.1398679514902	0.675010405	0	22	0	TRUE
469	5	1	2	48071.80449	2	0.1512142822339	0.699390797	0.316846326	22	0	FALSE
470	1	1	2	64049.28491	3	0.082101529038	0.446361758	1.100738587	22	0	FALSE
471	1	1	2	26941.31526	5	0.0549154545132	0	9.147353607	22	0	FALSE
472	5	1	999	73396.80584	3	0.066290356452	0.31430491	5.790604052	22	0	FALSE
473	3	1	555	36789.86987	5	0.0492126	0	10.901088	22	0	FALSE
474	1	1	3	50550.73114	2	0.082021	0.311	1.1016	22	-999	FALSE
475	6	1	2	28461.50772	2	0.093387567785	0.51327038	0.943890056	22	0	FALSE
476	1	1	2	459573.9573	2	0.0790595801218	0.285197226	1.983476716	19	2004	FALSE
477	1	1	2	179387.343	2	0.082021	0.445825	1.1016	22	0	FALSE
478	5	1	2	103882.5262	2	0.1576367225641	0.711636983	0.337787891	22	0	FALSE
479	1	1	2	418939.5537	2	0.1388185362663	0.67255034	0	22	0	TRUE
480	6	1	2	59634.04976	2	0.1391326397869	0.673286903	0.318593305	22	2017	FALSE
481	1	1	2	310969.0541	3	0.1266025540841	0.640962396	0	22	0	TRUE
482	5	1	2	120343.8075	2	0.082021	0.445825	1.084115405	22	0	FALSE
483	1	1	2	14149.50665	2	0.082021	0.445825	1.1016	22	0	FALSE
484	6	1	2	12950.40772	2	0.0522383612517	0.165691857	10.901088	22	0	FALSE
485	1	1	2	88396.84603	3	0.1323022606313	0.656420268	0.678841746	22	0	FALSE
486	1	1	999	8717.234888	3	0.1294250320287	0.64878484	0.541315235	22	0	FALSE
487	1	1	2	120611.0481	2	0.0699386981042	0.350067547	5.432513562	22	0	FALSE
488	1	1	2	61973.45806	2	0.1187574693514	0.617242588	0.524905829	22	0	TRUE
489	5	1	2	35965.4179	2	0.1131582442707	0.598314642	0.376664982	22	0	FALSE
490	1	1	2	5420.052248	5	0.082021	0	1.1016	22	0	FALSE
491	1	1	2	100055.4043	2	0.1599380817256	0.646652622	0.330372332	22	2006	TRUE
492	1	1	2	34914.46568	2	0.082021	0.445825	1.1016	22	0	TRUE
493	1	1	2	115308.2646	2	0.180325953113	0.747930229	0.267446335	22	2008	FALSE
494	1	1	2	124736.8768	2	0.0964698939991	0.528817949	0.973631278	22	0	TRUE
495	5	1	2	53198.75428	2	0.1722348890417	0.736086982	0.299876816	22	2008	FALSE
496	1	1	2	68201.96599	2	0.0600338897164	0.058649481	0	22	2004	FALSE
497	1	1	2	76240.05318	2	0.1804462	0.748090909	0.266976	22	2008	FALSE
498	1	1	2	116359.0749	3	0.0638404342936	0.287990166	9.260991178	22	0	FALSE
499	4	1	2	2150.961208	2	0.1640401381233	0.65549494	0.333503921	3	2004	FALSE
500	1	1	2	90835.47307	3	0.1394357	0.674	0.314496	22	0	FALSE
501	6	1	2	144286.3271	2	0.1259370266678	0.639057931	0	3	0	FALSE
502	7	1	999	27917.24178	3	0.082021	0.445825	1.1016	3	0	FALSE
503	5	1	2	19299.44035	2	0.082021	0.445825	0.998597393	29	0	FALSE
504	1	1	2	251329.5561	2	0.1402661101316	0.597105698	0	22	2001	TRUE
505	5	1	2	24141.9207	2	0.082021	0.445825	1.1016	22	0	FALSE
506	6	1	2	73793.52793	2	0.0739386104697	0.385236382	3.516511025	22	0	FALSE
507	6	1	2	27633.22258	2	0.1137207803779	0.600295549	0.668204584	22	2017	FALSE
508	6	1	2	56648.65319	2	0.137561961423	0.669556329	0.548786692	22	0	FALSE
509	1	1	2	9.2334718	2	0.082021	0.445825	1.1016	22	0	FALSE
510	1	1	2	31112.02699	5	0.082021	0	1.1016	22	0	FALSE
511	1	1	2	138954.5044	2	0.082021	0.445825	1.1016	22	0	FALSE
512	1	1	2	52771.16891	2	0.0826822483807	0.450245151	1.096979857	22	0	TRUE
513	1	1	999	16573.72822	2	0.1075706103976	0.577449115	0.594042647	22	0	TRUE
514	1	1	2	256869.1884	2	0.1094193358505	0.584577455	0.84105659	22	0	FALSE
515	5	1	2	124042.5176	2	0.082021	0.445825	1.1016	22	0	FALSE
516	3	1	2	44766.56206	3	0.1558399	0.708315789	0.31104	22	0	FALSE
517	1	1	2	81447.7354	2	0.1804462	0.748090909	0.266976	22	0	FALSE
518	1	1	2	1234.605934	2	0.082021	0.445825	1.1016	22	0	FALSE
519	1	1	2	86815.81883	2	0.1062659015304	0.572247245	0.76992338	22	0	TRUE
520	6	1	2	109581.4383	2	0.0492126	0.130525	10.901088	22	0	FALSE
521	1	1	2	199317.1052	2	0.1408477677945	0.598759878	0.315577554	29	2006	TRUE
522	3	1	2	132664.212	2	0.164042	0.7229	0.333504	29	0	FALSE
523	1	1	999	728.404033	2	0.082021	0.445825	0.751154664	29	0	FALSE
524	1	1	2	76.1660827	2	0.082021	0.445825	1.1016	29	0	FALSE
525	4	1	1	169121.9904	2	0.164042	0.8686625	0.333504	29	2011	FALSE
526	1	1	2	26515.95114	5	0.084115847508	0	1.082298401	29	0	FALSE
527	1	1	2	16075.28826	2	0.082021	0.445825	1.1016	29	0	FALSE
528	1	1	2	3334.716936	2	0.082021	0.445825	1.1016	29	0	FALSE
529	1	1	2	330281.4736	3	0.13961337307	0.674420046	0.314624446	29	0	FALSE
530	1	1	2	34893.22381	2	0.082021	0.445825	1.1016	29	0	TRUE
531	1	1	2	15217.51813	2	0.164042	0.7229	0.333504	29	0	FALSE
532	1	1	555	8844.283308	2	0.0838976552438	0	1.1016	29	0	FALSE
533	1	1	2	222008.2222	2	0.1436405426542	0.683548577	0.317738148	29	0	TRUE
534	1	1	2	958.3318437	2	0.082021	0.445825	0.519213086	29	0	FALSE
535	1	1	2	149621.1021	2	0.1119045278592	0.494982937	0.694379891	29	2006	TRUE
536	1	1	2	169638.7123	2	0.0816039863712	0.307463214	1.600714018	29	1996	FALSE
537	6	1	2	62490.79055	2	0.1298084547772	0.649822441	0	29	2017	FALSE
538	4	1	1	283546.1292	2	0.164042	0.8686625	0.333504	29	2011	FALSE
539	5	1	2	99639.36706	2	0.1725983560809	0.736639708	0.275912559	29	0	FALSE
540	1	1	2	307717.6455	3	0.1630849223775	0.721270642	0	29	0	FALSE
541	3	1	999	8.995659	2	0.0492126	0.130525	10.901088	29	0	FALSE
542	1	1	2	476.9946758	2	0.0738189	0.38425	0.716256	29	0	FALSE
543	1	1	2	101399.4793	2	0.1804048671575	0.748034981	0.267103551	29	2008	FALSE
544	1	1	2	34455.64856	2	0.082021	0.311	0.720270201	29	2006	TRUE
545	1	1	999	27690.69478	2	0.0799039198798	0.431128035	1.679884381	29	0	FALSE
546	6	1	2	44526.09058	2	0.1022054732509	0.555257249	5.263208976	29	0	FALSE
547	1	1	2	210228.1649	2	0.1394357	0.674	0.314496	29	0	FALSE
548	1	1	999	41095.39058	2	0.082021	0.445825	1.098357077	29	0	FALSE
549	6	1	2	2229.798537	2	0.082021	0.445825	1.1016	29	2015	FALSE
550	6	1	555	122077.3328	2	0.0609604768523	0	0	29	0	FALSE
551	1	1	2	7887.738128	2	0.164042	0.7229	0.333504	29	0	FALSE
552	1	1	2	48351.3578	2	0.1804462	0.748090909	0.266976	29	0	FALSE
553	1	1	2	143563.93	2	0.0847791464137	0.333413207	1.076177871	29	2001	FALSE
554	1	1	2	210909.1867	2	0.1573534728831	0.711119667	0.328381106	29	0	FALSE
555	1	1	2	18104.3515	2	0.0784197990974	0.420356087	0.944370805	29	0	FALSE
556	1	1	2	37998.91122	2	0.1169118910443	0.611201261	0	29	0	FALSE
557	1	1	2	178244.0492	2	0.0820466791347	0.445985371	1.099898442	29	0	FALSE
558	3	1	1	13746.35459	3	0.1140839833095	0.81114053	0.366151104	29	0	FALSE
559	5	1	2	217803.2723	2	0.0995021734597	0.543181481	0.4853819	29	0	FALSE
560	1	1	2	9419.057596	2	0.082021	0.445825	1.1016	29	0	TRUE
561	1	1	999	81380.20099	2	0.1392396370016	0.673550032	0	29	0	FALSE
562	1	1	999	98180.89949	2	0.0765369102576	0.406102857	0	29	0	FALSE
563	3	1	2	87365.7098	2	0.164042	0.7229	0.334723537	29	0	FALSE
564	1	1	2	4596.534091	2	0.082021	0.445825	1.1016	29	0	TRUE
565	1	1	2	7318.934649	2	0.1238101310945	0.632861468	0.387117757	29	0	FALSE
566	1	1	2	977.1342476	2	0.164042	0.7229	0.333504	29	0	FALSE
567	6	1	2	28991.87615	2	0.1548644185055	0.706474818	0.369782166	29	0	FALSE
568	1	1	2	15015.26624	2	0.0565309688366	0.195926428	8.714113016	29	2008	FALSE
569	1	1	1	46828.8893	3	0.1053858686939	0.795570291	0.789791606	29	0	TRUE
570	1	1	2	33794.10567	2	0.082021	0.445825	1.1016	29	0	TRUE
571	1	1	2	347650.9866	5	0.1451088735739	0	0.439799538	29	0	FALSE
572	6	1	2	34349.98656	2	0.082021	0.445825	1.1016	29	2011	FALSE
573	1	1	2	127754.5108	2	0.1394357	0.674	0.314496	29	0	TRUE
574	1	1	2	674.8507073	2	0.082021	0.445825	1.1016	22	0	FALSE
575	1	1	2	403759.6752	3	0.1659145107227	0.726025051	0.335912312	22	0	TRUE
576	5	1	2	126543.1284	2	0.1583139740621	0.712879871	0.317883267	22	0	FALSE
577	5	1	555	56585.95862	999	0.0944412891114	0	0.981030454	22	0	FALSE
578	5	1	2	215101.5509	2	0.1444684864143	0.608819415	0	22	1996	FALSE
579	1	1	2	32116.50173	2	0.1329163658019	0.658015605	0.47702574	22	0	FALSE
580	1	1	2	85562.75716	2	0.082021	0.311	1.1016	3	2005	FALSE
581	1	1	555	203.6382916	5	0.082021	0	1.1016	29	0	FALSE
582	3	1	2	5847.746236	2	0.1637089299434	0.722341639	0.333365797	29	0	FALSE
583	5	1	2	9179.036041	2	0.1148294	0.604160714	0.364608	22	0	FALSE
584	3	1	2	64887.57164	2	0.164042	0.7229	0.333504	29	0	FALSE
585	1	1	2	39319.96666	2	0.082021	0.445825	1.1016	29	0	TRUE
586	1	1	2	264155.8849	2	0.0816952503177	0.443611822	1.107295537	29	0	FALSE
587	1	1	555	145343.698	5	0.082021	0	1.063827366	22	0	FALSE
588	1	1	2	133561.6945	2	0.1391573100633	0.673344364	0.43414777	19	0	TRUE
589	1	1	2	2432.910696	2	0.0724741689858	0.372819286	3.960488324	22	2008	FALSE
590	1	1	2	275957.4786	2	0.1504271939541	0.624315608	0	29	2006	FALSE
591	1	1	2	122138.6199	2	0.1394357	0.674	0.314496	29	0	TRUE
592	1	1	2	110865.6165	2	0.173134519976	0.737449641	0.296910929	3	0	FALSE
593	1	1	2	113248.5612	2	0.082021	0.445825	1.1016	3	0	FALSE
594	1	1	2	43.6987288	2	0.1148294	0.604160714	0.364608	29	0	FALSE
595	1	1	2	375154.1189	2	0.1486725695541	0.69425905	0	29	0	FALSE
596	1	1	2	343797.613	2	0.120417849982	0.530690522	0	22	1996	TRUE
597	1	1	2	12509.31991	2	0.0724965500561	0.373015318	1.196072865	22	0	FALSE
598	1	1	2	1932.810085	2	0.148015143352	0.692895714	0.403164151	22	0	FALSE
599	3	1	2	105081.8593	3	0.1558399	0.708315789	0.31104	22	0	FALSE
600	1	1	2	37918.88191	3	0.0993640402531	0.542533316	0.49977317	22	2008	TRUE
601	6	1	2	141622.3787	2	0.0492126	0.130525	10.901088	3	0	FALSE
602	1	1	2	111156.6623	2	0.1703792713642	0.733212048	0	3	2008	FALSE
603	1	1	2	175980.8574	2	0.082021	0.311	1.1016	3	2001	FALSE
604	1	1	2	79189.28396	2	0.082021	0.311	1.081215905	3	1996	TRUE
605	6	1	2	22.9945578	2	0.1298088722641	0.649820351	0.314496	3	0	FALSE
606	1	1	2	6534.576129	3	0.080088866572	0.432436726	1.130179459	3	2015	TRUE
607	6	1	555	213239.2914	2	0.082021	0	1.1016	3	0	FALSE
608	1	1	555	63908.75513	5	0.0726641181389	0	4.07438088	3	0	FALSE
609	4	1	999	29527.45147	3	0.0492126	0.130525	10.901088	22	0	FALSE
610	1	1	2	25816.20973	2	0.1461446495257	0.68896795	0.319709138	3	0	TRUE
611	8	1	2	122352.0186	3	0.0869847034069	0.350324262	1.055038254	19	2005	FALSE
612	6	1	2	18352.25325	2	0.0767490821804	0.407758786	4.04540708	22	0	FALSE
613	5	1	1	36965.48208	2	0.082021	0.737325	0.616896	3	0	FALSE
614	1	1	2	161.7298159	2	0.082021	0.445825	1.1016	29	0	FALSE
615	1	1	2	180767.229	2	0.133124988676	0.658555522	0.368699457	29	0	TRUE
616	3	1	999	33465.36957	5	0.0492126	0	10.901088	29	0	FALSE
617	1	1	2	178857.7339	2	0.1524643930022	0.629342137	0.324542678	22	2004	FALSE
618	1	1	2	217727.651	2	0.1517877870094	0.627689457	0.34378155	22	2005	TRUE
619	1	1	2	133758.5338	2	0.1423501751589	0.602999097	0.316756934	22	2004	FALSE
620	1	1	2	471427.842	2	0.1640094187982	0.722843568	0.333522055	19	2008	TRUE
621	1	1	2	13959.83631	2	0.1612840266506	0.718161668	0.331414588	22	0	FALSE
622	1	1	2	15310.04957	2	0.082021	0.445825	1.1016	19	0	FALSE
623	5	1	2	10080.82846	2	0.082021	0.311	0	19	2004	FALSE
624	1	1	555	323.2641075	999	0.082021	0	1.1016	19	0	FALSE
625	1	1	555	2782.196049	5	0.082021	0	1.1016	19	0	FALSE
626	1	1	2	83014.09223	2	0.1190676128981	0.618235263	0.727319213	19	0	TRUE
627	1	1	2	179564.2733	2	0.0917490072011	0.504579879	1.012263123	19	2008	FALSE
628	1	1	2	2587.61109	2	0.082021	0.445825	1.1016	19	0	FALSE
629	1	1	2	178023.7236	5	0.082021	0	1.1016	19	0	FALSE
630	6	1	2	9052.00727	2	0.0800510384868	0.43218	10.901088	19	0	FALSE
631	1	1	2	4348.013997	2	0.1637762470387	0.722457903	0	19	0	FALSE
632	8	1	999	88084.3383	3	0.082021	0.445825	0.763904391	19	0	FALSE
633	1	1	2	29.3391322	2	0.0492126	0.130525	10.901088	19	0	FALSE
634	1	1	2	65428.31527	2	0.1427075915089	0.681479511	0.317052833	22	0	FALSE
635	1	1	2	765.6401357	3	0.164042	0.7229	0.333504	22	0	FALSE
636	7	1	999	24061.34009	3	0.0759539624043	0.401552571	2.7902903	22	0	FALSE
637	1	1	2	260142.2383	2	0.1026903420328	0.557367939	2.024435538	19	2008	TRUE
638	5	1	2	24563.50175	2	0.1399346280015	0.675172338	0.314818094	22	0	FALSE
639	5	1	2	63831.33271	2	0.1401236987097	0.675607617	0.348566762	22	0	FALSE
640	1	1	2	167691.4416	2	0.082021	0.311	1.1016	22	2006	FALSE
641	1	1	2	57145.64088	2	0.1472027926042	0.691203263	0	22	0	TRUE
642	5	1	1	37509.4892	2	0.164042	0.8686625	0.333504	22	0	FALSE
643	5	1	2	43177.48215	2	0.082021	0.445825	0.616896	19	0	FALSE
644	5	1	2	194392.5178	2	0.082021	0.445825	1.099147387	19	0	FALSE
645	1	1	2	118765.8297	3	0.1361137559961	0.666044447	0.32163495	22	0	FALSE
646	6	1	999	47679.70962	2	0.1237103763341	0.63257617	0.679285483	22	0	FALSE
647	5	1	2	119054.8251	2	0.082021	0.311	0.616896	22	2005	FALSE
648	1	1	2	2729.438775	2	0.1583936779689	0.713026034	0	22	0	FALSE
649	1	1	2	1569.66869	2	0.082021	0.445825	1.1016	19	0	FALSE
650	5	1	2	145309.1896	2	0.180176186868	0.747721135	0.26721176	22	0	FALSE
651	1	1	2	39358.94879	2	0.082021	0.445825	1.067249886	19	0	TRUE
652	6	1	999	30.9787382	2	0.0492126	0.130525	10.901088	22	0	FALSE
653	1	1	2	94427.07837	3	0.1349655628819	0.663202638	0	22	0	FALSE
654	1	1	999	95932.88114	5	0.0751284333424	0	3.25431457	22	0	FALSE
655	1	1	2	59.1975068	5	0.082021	0	1.1016	22	0	FALSE
656	6	1	2	104184.9965	2	0.0712607019195	0.362133075	0	22	0	FALSE
657	5	1	2	46292.0142	2	0.1718471872576	0.73549246	0.301637519	22	0	FALSE
658	1	1	2	199987.908	2	0.1804462	0.748090909	0.266976	22	0	TRUE
659	1	1	2	35655.05432	2	0.0987497694002	0.53969944	0.960704339	22	0	FALSE
660	1	1	2	200201.1864	2	0.1394357	0.674	0.314496	22	0	TRUE
661	3	1	1	51580.62005	3	0.164042	0.8686625	0.364608	22	0	FALSE
662	1	1	2	8372.677667	2	0.164042	0.7229	0.333504	22	0	FALSE
663	1	1	2	300473.4843	2	0.1399684116312	0.596251444	0.314899111	22	2006	TRUE
664	1	1	2	845.8350045	3	0.082021	0.445825	1.03857904	22	0	FALSE
665	6	1	2	87478.75322	2	0.082021	0.445825	1.101522223	22	2015	FALSE
666	8	1	555	100734.4412	999	0.1467248209682	0	1.87936381	22	0	FALSE
667	1	1	2	24783.37988	2	0.082021	0.445825	1.1016	22	0	TRUE
668	1	1	2	7429.912114	2	0.1605884508409	0.716943697	0.346336539	22	0	FALSE
669	1	1	2	7320.77854	2	0.082021	0.445825	1.1016	22	0	FALSE
670	1	1	555	3284.525123	999	0.082021	0	1.1016	22	0	FALSE
671	1	1	2	65426.85264	2	0.0492126	0.130525	10.901088	22	2008	FALSE
672	1	1	2	389241.0071	2	0.1359568982155	0.584328498	0	22	2001	FALSE
673	1	1	2	141280.9356	2	0.0785322113385	0.280375875	0	22	2004	FALSE
674	1	1	2	84986.4802	2	0.138804814153	0.672528191	0	22	0	TRUE
675	1	1	2	300545.8179	2	0.1394357	0.674	0.314496	22	0	TRUE
676	1	1	2	25947.64251	2	0.1591794309468	0.71444009	0	22	0	FALSE
677	3	1	2	46024.11078	2	0.1611646926573	0.717955486	0.331317749	22	0	FALSE
678	1	1	2	242750.5904	2	0.0937942065775	0.397472257	0.938435806	22	1996	TRUE
679	6	1	2	67979.19813	2	0.0771484268454	0.410804416	0	22	0	FALSE
680	1	1	2	226325.8935	2	0.0899013283362	0.49439959	0	22	0	TRUE
681	1	1	2	16603.37905	2	0.082021	0.445825	1.1016	22	0	FALSE
682	8	1	1	470544.536	3	0.113141880261	0.809576008	4.918192091	22	0	FALSE
683	1	1	2	30133.13112	5	0.1394357	0	0.314496	22	0	FALSE
684	1	1	999	54221.4932	5	0.0801401748086	0	1.508558483	22	0	FALSE
685	1	1	2	65192.43704	3	0.0794626239339	0.427974253	2.093542381	22	0	FALSE
686	1	1	999	30245.29788	2	0.082021	0.445825	1.1016	22	0	FALSE
687	5	1	2	67738.86743	3	0.0806647327322	0.436492673	1.523658599	22	0	FALSE
688	6	1	2	364316.2494	2	0.0794699869591	0.428012008	0	22	2015	FALSE
689	1	1	2	112089.418	2	0.1394357	0.674	0.314496	22	0	TRUE
690	1	1	2	204808.6108	2	0.082021	0.445825	1.1016	22	0	TRUE
691	1	1	999	21826.60901	999	0.0902231	0.496204545	0.379296	22	0	FALSE
692	6	1	2	37408.32623	2	0.1273825942993	0.643154399	3.883817652	22	0	FALSE
693	5	1	2	31620.93236	4	0.082021	0	0.616896	22	0	FALSE
694	5	1	2	38001.98377	4	0.082021	0	0.616896	22	0	FALSE
695	5	1	2	8207.103341	4	0.082021	0	0.616896	22	0	FALSE
696	5	1	2	60664.5686	4	0.1613033491578	0	0.335219797	22	0	FALSE
697	5	1	2	93370.16265	4	0.1617882253216	0	0.331754807	22	0	FALSE
698	3	1	2	110949.3716	4	0.1558399	0	0.31104	22	0	FALSE
699	3	1	2	22121.14451	4	0.1558399	0	0.31104	22	0	FALSE
700	4	1	1	148866.8557	4	0.1197004237779	0	2.099608095	22	0	FALSE
701	4	1	999	135937.7534	4	0.1113847164908	0	0	22	0	FALSE
702	4	1	2	177185.7681	4	0.1233342058824	0	2.135703113	22	0	FALSE
703	4	1	1	15688.53828	4	0.0864538027993	0	0	22	0	FALSE
704	4	1	2	489.5997246	4	0.1394357	0	0.314496	22	2008	FALSE
705	5	1	2	1657.767678	4	0.1620969991176	0	0.287952511	22	0	FALSE
706	5	1	2	686.0084084	4	0.1804462	0	0.266976	22	0	FALSE
707	5	1	2	1218.745078	4	0.1804462	0	0.266976	22	0	FALSE
708	5	1	2	163.8979708	4	0.1682194902912	0	0.316425848	22	0	FALSE
709	5	1	2	904.4662536	4	0.1804462	0	0.266976	22	0	FALSE
710	5	1	2	410.5758734	4	0.1804462	0	0.266976	22	0	FALSE
711	1	4	1	19987.28103	1	0	0	0.954168423	22	0	FALSE
712	1	4	555	567403.0937	999	0	0	0	22	0	FALSE
713	1	4	1	62148.81647	1	0	0	1.112346095	22	0	FALSE
714	1	4	555	3163700.008	999	0	0	0	22	0	FALSE
715	1	4	555	464248.2783	999	0	0	0	22	0	FALSE
716	1	4	555	110910.4145	999	0.0902231	0	0	22	0	FALSE
717	1	4	555	34442.26861	999	0	0	0	22	0	FALSE
718	1	4	555	24779.715	999	0	0	0	22	0	FALSE
719	1	4	555	13926.74646	999	0	0	0.08158524	22	0	FALSE
720	1	4	555	97619.79975	3	0	0	0	22	0	FALSE
721	1	4	555	132605.7589	999	0.0902231	0	0	22	0	FALSE
722	1	4	555	255672.8597	3	0.0902231	0	1.166970826	22	0	FALSE
723	1	4	555	13618.30493	999	0	0	0	22	0	FALSE
724	1	4	555	16440.80805	999	0.082021	0	0.392934912	22	0	FALSE
725	1	4	555	4034.558626	999	0.0902231	0	0.392646219	22	0	FALSE
726	1	4	555	2718.951928	999	0.0902231	0	0.379296	22	0	FALSE
727	1	4	555	588836.377	999	0	0	0	22	0	FALSE
728	1	4	555	9331.313356	999	0.0984252	0	0.158976	22	0	FALSE
729	1	4	555	229078.0384	999	0.1230315	0	0	22	0	FALSE
730	1	4	555	568060.7489	999	0.0902231	0	0	22	0	FALSE
731	1	4	555	13200.18996	999	0.082021	0	0	22	0	FALSE
732	1	4	555	136972.43	999	0	0	0	22	0	FALSE
733	1	4	555	143603.6875	999	0	0	0	22	0	FALSE
734	1	4	555	440210.4115	999	0	0	0	22	0	FALSE
735	1	4	555	5774.508484	999	0.164042	0	0.333504	22	0	FALSE
736	1	4	555	18296.76725	999	0	0	0	22	0	FALSE
737	1	4	555	155499.8941	999	0	0	0	22	0	FALSE
738	1	4	555	22.6524293	999	0	0	0.158976	22	0	FALSE
739	1	4	555	686.6941612	999	0.164042	0	0.333504	22	0	FALSE
740	1	4	555	15237.89046	999	0.0515947933177	0	10.08447926	22	0	FALSE
741	1	4	555	978.13343	999	0.164042	0	0.333504	22	0	FALSE
742	1	4	555	55675.2039	999	0.1360074715438	0	0	22	0	FALSE
743	1	4	555	2397.914586	999	0.0827971852283	0	0	22	0	FALSE
744	1	4	555	29474.06282	999	0.1510931569019	0	0	22	0	FALSE
745	1	4	555	6537.620051	999	0.164042	0	0.333504	22	0	FALSE
746	1	4	555	14331.00705	999	0	0	0	22	0	FALSE
747	1	1	2	652.7771988	999	0.082021	0.311	0.616896	22	2006	FALSE
748	1	4	555	4442.94585	999	0.1284564320962	0	0.352625967	22	0	FALSE
749	1	4	555	5576.702267	999	0.0873645779269	0	0	3	0	FALSE
750	1	4	555	8174.133308	999	0.0871119023939	0	0.377363413	3	0	FALSE
751	1	4	555	479.1926206	999	0	0	0	3	0	FALSE
752	1	4	555	13918.79591	999	0.164042	0	0.333504	3	0	FALSE
753	1	4	555	303576.186	999	0.0258607751058	0	0	3	0	FALSE
754	1	4	555	122279.1519	999	0.0718248136501	0	4.857951561	3	0	FALSE
755	1	4	555	3230.443392	999	0.082021	0	1.1016	3	0	FALSE
756	1	4	555	766251.5136	999	0.0826451962142	0	0	3	0	FALSE
757	1	4	555	379560.7197	999	0.0668031853726	0	0	3	0	FALSE
758	8	4	555	50396.24145	999	0.0197090893774	0	0	3	0	FALSE
759	1	4	555	551.6097458	999	0.164042	0	0.333504	3	0	FALSE
760	1	4	555	74.38757	999	0.082021	0	1.098663636	3	0	FALSE
761	1	4	555	721.8719224	999	0.082021	0	1.090558175	3	0	FALSE
762	1	4	555	1179.185481	999	0.082021	0	1.1016	3	0	FALSE
763	1	4	555	2853.689246	999	0.082021	0	0.766771229	3	0	FALSE
764	1	4	555	94.3641775	999	0.082021	0	0.616896	3	0	FALSE
765	1	4	555	3695.263099	999	0.082021	0	0.664514561	3	0	FALSE
766	1	4	555	1038.753222	999	0.082021	0	0.438912	3	0	FALSE
767	1	4	555	286185.1794	999	0.0801979897711	0	0	3	0	FALSE
768	1	4	555	82502.0672	999	0.1138794147334	0	0	3	0	FALSE
769	8	4	555	328.4054403	999	0.1189571667003	0	0.333504	3	0	FALSE
770	8	4	555	68743.04926	999	0.0947358937796	0	0.508048133	3	0	FALSE
771	1	4	555	360.3305986	999	0.0738189	0	0.11232	3	0	FALSE
772	1	4	555	9744.023473	999	0.0989030338408	0	0.236451764	3	0	FALSE
773	8	4	555	63211.06338	999	0.0936750308847	0	0.31104	3	0	FALSE
774	6	4	555	10860.17388	999	0.1394357	0	0.314496	29	0	FALSE
775	6	4	555	2110.493561	999	0.082021	0	1.1016	29	0	FALSE
776	6	4	555	74537.99896	999	0.0761650582116	0	9.063575927	29	0	FALSE
777	6	4	555	16864.76786	5	0.1394357	0	0.314496	29	0	FALSE
778	6	4	555	24071.23328	5	0.1350401683633	0	0	29	0	FALSE
779	6	4	555	217.4506084	999	0.0243350598338	0	9.460665802	3	0	FALSE
780	6	4	555	1266.175068	999	0.050714236367	0	1.1016	29	0	FALSE
781	6	4	555	2800.000839	999	0.1178321215528	0	1.1016	3	0	FALSE
782	6	4	555	21554.70237	999	0.1375177496434	0	0.31104	3	0	FALSE
783	6	4	555	43449.9102	999	0.1160675873756	0	9.391263969	3	0	FALSE
784	6	4	555	5152.351364	999	0.0526968069685	0	9.995702633	3	0	FALSE
785	6	4	555	176708.378	999	0.0839936091511	0	1.087724656	3	0	FALSE
786	6	4	555	25768.70388	999	0.0971485226298	0	0.934847617	3	0	FALSE
787	6	4	555	278.6616497	999	0.082021	0	1.068020895	3	0	FALSE
788	6	4	555	5771.5546	999	0.1311726748012	0	1.1016	3	0	FALSE
789	6	4	555	416058.4292	999	0.0741817535221	0	0	3	0	FALSE
790	1	4	555	252585.6592	999	0.082021	0	0.746004142	3	0	FALSE
791	1	4	555	195077.299	999	0.0506665132683	0	0	3	0	FALSE
792	6	4	555	465742.04	999	0.0482708291365	0	0	3	0	FALSE
793	6	4	555	7576.377797	999	0.082021	0	0.617243386	3	0	FALSE
794	6	4	555	72196.35552	999	0.0570255087146	0	0	3	0	FALSE
795	6	4	555	1022.633574	999	0.082021	0	0.616896	3	0	FALSE
796	1	4	555	21563.35501	999	0.0809060385142	0	0	3	0	FALSE
797	6	4	555	83241.21943	999	0.0782281160204	0	0	3	0	FALSE
798	6	4	555	1941.687468	999	0.0571940397239	0	8.703479735	3	0	FALSE
799	6	4	555	13304.35512	999	0.1098889298616	0	0.516486721	3	0	FALSE
800	6	4	555	13003.13755	999	0.0805260106149	0	1.008080905	3	0	FALSE
801	6	4	555	7217.103308	999	0.0699185693306	0	6.428315361	3	0	FALSE
802	5	4	555	444945.236	999	0.0656188103347	0	0	25	0	FALSE
803	5	4	555	3591.28327	999	0.082021	0	0.779875721	25	0	FALSE
804	5	4	555	17.7143587	999	0.082021	0	0.616896	25	0	FALSE
805	5	4	555	10715.91724	999	0.082021	0	0.616896	25	0	FALSE
806	5	4	555	599.4955009	999	0.082021	0	0.616896	25	0	FALSE
807	5	4	555	73158.0926	999	0.082021	0	0.616896	25	0	FALSE
808	5	4	555	1894.573173	999	0.082021	0	0.616896	25	0	FALSE
809	5	4	555	67552.71311	999	0.0860510780489	0	0.586464798	25	0	FALSE
810	5	4	555	2046.559799	999	0.082021	0	0.616896	3	0	FALSE
811	5	4	555	2511.439549	999	0.082021	0	0.616896	3	0	FALSE
812	5	4	555	32565.22741	999	0.0829177938279	0	0.611727604	3	0	FALSE
813	5	4	555	639.0781418	999	0	0	0	3	0	FALSE
814	1	4	555	406429.7361	999	0.0270001386593	0	0	3	0	FALSE
815	5	4	555	63643.19846	999	0.0601641021549	0	0.850588665	3	0	FALSE
816	5	4	555	3882.276143	999	0.0091942161735	0	0	3	0	FALSE
817	5	4	555	707618.4405	999	0.0900648757495	0	0.688010063	3	0	FALSE
818	5	4	555	101.5311968	999	0.082021	0	0.616896	3	0	FALSE
819	5	4	555	8681.577702	999	0.082021	0	0.616896	3	0	FALSE
820	5	4	555	67939.35981	999	0.0666332952753	0	0	3	0	FALSE
821	5	4	555	3833.327302	999	0.082021	0	0.616896	3	0	FALSE
822	5	4	555	1896.678588	999	0.082021	0	0.616896	3	0	FALSE
823	5	4	555	238253.389	999	0.0819030209936	0	0	25	0	FALSE
824	5	4	555	62402.72195	999	0.082541294472	0	0.615831848	25	0	FALSE
825	5	4	555	186574.7354	999	0.0860738224722	0	0.589446493	25	0	FALSE
826	5	4	555	10721.72715	999	0.082021	0	0.616896	25	0	FALSE
827	8	4	555	8492.244747	999	0.164042	0	0.333504	25	0	FALSE
828	5	4	555	167675.6223	999	0.0818437157096	0	1.152606466	3	0	FALSE
829	4	4	555	2151993.465	999	0.0522963952102	0	0	3	0	FALSE
830	5	4	555	6585980.957	999	0.0547855283279	0	0	3	0	FALSE
831	7	4	555	647397.7379	999	0.0749315829424	0	0	3	0	FALSE
832	7	4	555	120.1204313	999	0.082021	0	0.616896	3	0	FALSE
833	1	4	555	14861.34264	999	0.0805037009029	0	0.677244082	3	0	FALSE
834	1	4	555	1690.861176	999	0.0905139694319	0	0.56898283	3	0	FALSE
835	7	4	555	4365600.217	999	0.0645614054452	0	0	3	0	FALSE
836	8	4	555	5299222.05	999	0.0642648462166	0	0	3	0	FALSE
837	5	4	555	40.8663118	999	0.1558399	0	0.31104	3	0	FALSE
838	5	4	555	166.3426548	999	0.082021	0	0.616896	3	0	FALSE
839	5	4	555	167022.804	999	0.1250501106289	0	0.432702565	3	0	FALSE
840	5	4	555	112490.7642	999	0.0217942772722	0	0	3	0	FALSE
841	5	4	555	322.1729545	999	0.082021	0	1.1016	3	0	FALSE
842	1	4	555	12478.24192	999	0.0756145923147	0	0.708799276	3	0	FALSE
843	1	4	555	7908.982597	999	0.0815419940792	0	0.906897817	3	0	FALSE
844	1	4	555	196699.2925	999	0.082021	0	1.095675064	3	0	FALSE
845	1	4	555	942.9761453	999	0.082021	0	1.1016	3	0	FALSE
846	1	4	555	12.4013457	999	0.082021	0	1.1016	3	0	FALSE
847	1	4	555	246.4719659	999	0.082021	0	0.616896	3	0	FALSE
848	1	4	555	0.089991	999	0.082021	0	0.616896	3	0	FALSE
849	1	4	555	238.8492157	999	0.164042	0	0.333504	3	0	FALSE
850	5	4	555	163552.0811	999	0.0930991991734	0	0	3	0	FALSE
851	1	4	555	218608.6425	999	0.011367028743	0	0	3	0	FALSE
852	4	4	555	146769.83	999	0.0691376506704	0	0	3	0	FALSE
853	5	4	555	706101.0774	999	0.072682069255	0	0	3	0	FALSE
854	1	4	555	17755.1465	999	0.0700163318009	0	0	3	0	FALSE
855	7	4	555	50518.65643	999	0.0754940083213	0	1.122996228	3	0	FALSE
856	8	4	555	70230.74735	999	0.0697513481966	0	0	3	0	FALSE
857	8	4	555	251475.6134	999	0.0980758799429	0	1.239057576	3	0	FALSE
858	5	4	555	37953.32423	999	0.0824937821674	0	0.612652697	3	0	FALSE
859	5	4	555	60.1821691	999	0.082021	0	0.616896	3	0	FALSE
860	5	4	555	3079.975685	999	0.082021	0	0.616896	25	0	FALSE
861	4	4	555	55273.16085	999	0.0532651066914	0	9.659261618	3	0	FALSE
862	5	4	555	140671.6265	999	0.0763949556927	0	2.751714368	3	0	FALSE
863	4	4	555	395324.2031	999	0.0532922400584	0	0	3	0	FALSE
864	4	4	555	41615.3215	999	0.0579211608102	0	8.22682161	3	0	FALSE
865	5	4	555	190359.0759	999	0.0582185074404	0	10.17858151	3	0	FALSE
866	5	4	555	50908.18572	999	0.0662383141275	0	5.734694496	3	0	FALSE
867	5	4	555	97100.13628	1	0.1020355199974	0	0.911861568	3	0	FALSE
868	5	4	555	35502.6182	999	0.082021	0	1.1016	3	0	FALSE
869	6	4	555	96026.07874	5	0.1256842067778	0	0.566659321	25	0	FALSE
870	6	4	555	1740.25171	999	0.082021	0	1.1016	25	0	FALSE
871	6	4	555	701.8215039	999	0.082021	0	1.1016	3	0	FALSE
872	6	4	555	2764.050247	5	0.1394357	0	0.314496	3	0	FALSE
873	1	1	555	18202.48269	999	0.082021	0	1.1016	3	1996	FALSE
874	6	4	555	36705.36572	999	0.0918360667511	0	5.298432231	3	0	FALSE
875	1	4	555	1177822.982	999	0.076052655813	0	1.038488624	25	0	FALSE
876	1	4	555	486803.4149	999	0.0736866698449	0	1.096833618	25	0	FALSE
877	1	4	555	455340.1888	999	0.0834984557559	0	1.089828893	25	0	FALSE
878	1	4	555	52505.96081	999	0.0746628148892	0	0.725290447	25	0	FALSE
879	1	4	555	964109.8369	999	0.0978025449604	0	1.030741181	25	0	FALSE
880	1	4	555	9189.06092	999	0.082021	0	1.1016	25	0	FALSE
881	1	4	555	232.1257105	999	0.082021	0	0.438912	3	0	FALSE
882	1	4	555	5099.077988	999	0.164042	0	0.364608	3	0	FALSE
883	6	4	555	149324.7385	999	0.1436737751028	0	0	3	0	FALSE
884	6	4	555	27109.60729	999	0.1140898305866	0	3.82558977	3	0	FALSE
885	1	4	555	38334.99485	999	0.082021	0	1.097730585	3	0	FALSE
886	1	4	555	3029.308426	999	0.082021	0	1.1016	25	0	FALSE
887	1	4	555	1736.680202	999	0.082021	0	1.1016	3	0	FALSE
888	1	4	555	29281.72296	999	0.0995002123376	0	0.833662381	19	0	FALSE
889	6	4	555	393.9078287	999	0.082021	0	0.616896	3	0	FALSE
890	6	4	555	38.4326036	999	0.082021	0	1.1016	19	0	FALSE
891	6	4	555	49069.7444	999	0.091012306062	0	0.511558098	3	0	FALSE
892	6	4	555	16015.83984	999	0.082021	0	1.1016	3	0	FALSE
893	6	4	555	46123.52689	999	0.0852647369804	0	0.88956959	3	0	FALSE
894	6	4	555	508.3478351	999	0.164042	0	0.364608	3	0	FALSE
895	1	4	555	113.0893098	999	0.082021	0	1.1016	3	0	FALSE
896	1	4	555	659.0505293	999	0.0772448269469	0	0.788747153	3	0	FALSE
897	1	4	555	199.7580835	999	0.0461137244087	0	1.1016	3	0	FALSE
898	1	4	555	146539.793	999	0.0513077140762	0	0.805292222	3	0	FALSE
899	1	4	555	105502.6516	999	0.0828379521259	0	1.019407973	3	0	FALSE
900	6	4	555	26817.16567	999	0.0800994841905	0	0.20145861	22	0	FALSE
901	5	4	555	5409.926138	999	0.1704268041741	0	0.307362158	3	0	FALSE
902	1	4	555	8776.882545	999	0.1731257888406	0	0	22	0	FALSE
903	5	4	555	184912.9414	999	0.0736578591484	0	0	3	0	FALSE
904	1	4	555	12759.0008	999	0.0083207064671	0	0	22	0	FALSE
905	1	4	555	167339.5582	999	0.0166121462009	0	0	3	0	FALSE
906	5	4	555	40088.90966	999	0.082021	0	1.100236034	25	0	FALSE
907	5	4	555	32229.36418	999	0.082021	0	0.637639529	22	0	FALSE
908	5	4	555	6245.784356	999	0.082021	0	0.616896	22	0	FALSE
909	5	4	555	52103.41648	999	0.0818021007148	0	0	25	0	FALSE
910	5	4	555	17144.85372	999	0.0508639222313	0	0	22	0	FALSE
911	1	4	555	101730.7621	999	0.0441805616172	0	0	22	0	FALSE
912	1	4	555	181619.3506	999	0.0300619760276	0	0	22	0	FALSE
913	6	4	555	1166.695501	999	0.0700794436796	0	10.11368509	22	0	FALSE
914	1	4	555	1262.170261	999	0.082021	0	1.1016	3	0	FALSE
915	1	4	555	617.8802893	999	0.082021	0	1.1016	3	0	FALSE
916	6	4	555	952.6191274	999	0.082021	0	1.1016	22	0	FALSE
917	1	4	555	362.5665329	999	0.082021	0	1.1016	22	0	FALSE
918	6	4	555	139040.1496	999	0.07692491798	0	0	22	0	FALSE
919	1	4	555	4311.877329	999	0.082021	0	1.083138227	22	0	FALSE
920	1	4	555	14052.28107	999	0.0838279652809	0	0.661391181	3	0	FALSE
921	1	4	555	31668.91525	999	0.0793577797704	0	0.826499751	3	0	FALSE
922	6	4	555	317.6449687	999	0.081935022307	0	1.1016	25	0	FALSE
923	1	1	555	56616.51535	999	0.0995778222482	0	0.863463825	3	1996	FALSE
924	1	4	555	110.1227332	999	0.082021	0	1.1016	25	0	FALSE
925	6	4	555	36891.53391	999	0.1321581554758	0	0.314964364	22	0	FALSE
926	6	4	555	781.7377689	999	0.0884303136894	0	0.378295614	3	0	FALSE
927	6	4	555	452.1699242	999	0.0995435801211	0	0.31104	3	0	FALSE
928	1	4	555	485934.7785	999	0.0833659229433	0	0	25	0	FALSE
929	1	4	555	428515.5857	999	0.1317199254749	0	0	3	0	FALSE
930	5	4	555	5634.146009	999	0.1383925339561	0	0.333112121	3	0	FALSE
931	5	1	555	179122.2084	999	0.1002337999595	0	0.856875461	25	2001	FALSE
932	1	4	555	1572.222708	999	0.1804462	0	0.266976	3	0	FALSE
933	5	4	555	1854.124813	999	0.082021	0	0.616896	3	0	FALSE
934	5	4	555	2567.705538	999	0.082021	0	1.08813805	3	0	FALSE
935	5	4	555	9386.413984	999	0.082021	0	0.660574781	3	0	FALSE
936	4	4	555	14507.5903	999	0.1394357	0	0.314496	25	0	FALSE
937	1	4	555	59493.49439	999	0.1633524199254	0	0.33294926	3	0	FALSE
938	5	4	555	44684.46902	999	0.164042	0	0.333504	3	0	FALSE
939	1	4	555	2019.699119	999	0.0263117552711	0	1.241502804	25	0	FALSE
940	5	4	555	2642.490743	999	0.1307670301032	0	0.351477425	25	0	FALSE
941	3	4	555	938755.2211	999	0.1439484199607	0	1.483077472	3	0	FALSE
942	4	4	555	507943.2245	999	0.067702343866	0	0	3	0	FALSE
943	3	4	555	514.8850113	999	0.0492126	0	10.901088	3	0	FALSE
944	3	4	555	1633.536952	999	0.0744968453957	0	9.885837212	25	0	FALSE
945	3	4	555	441419.3902	999	0.0358350011467	0	0	3	0	FALSE
946	3	4	555	210.2746164	999	0.0492126	0	10.901088	3	0	FALSE
947	3	4	555	563617.8834	999	0.0440429533451	0	0	25	0	FALSE
948	3	4	555	7787.6647	999	0.1506155535402	0	0.31104	25	0	FALSE
949	3	4	555	171581.9551	999	0.076102056241	0	1.095933166	25	0	FALSE
950	2	4	555	83627.74717	999	0.0693347397515	0	0	25	0	FALSE
951	3	4	555	461310.3052	999	0.0639688455509	0	0	25	0	FALSE
952	4	4	555	56619.90775	999	0.0576985566364	0	3.166290831	3	0	FALSE
953	1	4	555	1800.19908	999	0.0883245549917	0	0.379296	3	0	FALSE
954	3	4	555	217.4135284	999	0.0753553337762	0	3.646558557	25	0	FALSE
955	3	4	555	752.713818	999	0.0492126	0	10.901088	25	0	FALSE
956	3	4	555	123.9095271	999	0.082021	0	0.616896	25	0	FALSE
957	2	4	555	45154.66741	999	0.053985448742	0	0	25	0	FALSE
958	3	4	555	93845.83171	999	0.0343328259018	0	0	25	0	FALSE
959	3	4	555	194661.7238	999	0.0850149986194	0	2.348978115	25	0	FALSE
960	4	4	555	36908.46259	999	0.1635933336471	0	0.333160514	25	0	FALSE
961	4	4	555	29967.37374	999	0.1123569770206	0	0	25	0	FALSE
962	4	4	555	23767.65693	999	0.1256344954901	0	1.951733559	25	0	FALSE
963	4	4	555	17510.57811	999	0.1148294	0	2.4192	25	0	FALSE
964	4	4	555	1781.185796	999	0.1146659370683	0	0	25	0	FALSE
965	3	4	555	39607.71074	999	0.1594911615998	0	0.321146939	25	0	FALSE
966	3	4	555	179.3673772	999	0.164042	0	0.333504	25	0	FALSE
967	3	4	555	35381.44538	999	0.1270469684684	0	3.47675284	25	0	FALSE
968	3	4	555	862.4415796	999	0.164042	0	0.333504	25	0	FALSE
969	3	4	555	419093.5898	999	0.1131585608717	0	4.465553446	25	0	FALSE
970	4	4	555	31621.56961	999	0.1445440523616	0	0.316873278	25	0	FALSE
971	3	4	555	49089.78701	999	0.1084597565875	0	0.407371456	25	0	FALSE
972	3	4	555	2240.43762	999	0.164042	0	0.333504	25	0	FALSE
973	3	4	555	11506.06564	999	0.164042	0	0.333504	25	0	FALSE
974	3	4	555	245.8490351	999	0.164042	0	0.333504	25	0	FALSE
975	3	4	555	282.0952777	999	0.1558399	0	0.31104	25	0	FALSE
976	3	4	555	224.6201436	999	0.1558399	0	0.31104	25	0	FALSE
977	3	4	555	14948.56057	999	0.1624643703563	0	0.329374456	25	0	FALSE
978	3	4	555	19572.98219	999	0.1570720071589	0	0.314561161	25	0	FALSE
979	3	4	555	180.232195	999	0.164042	0	0.333504	25	0	FALSE
980	3	4	555	62781.66262	999	0.0503474318933	0	10.81242889	25	0	FALSE
981	3	4	555	9068.498444	999	0.164042	0	0.333504	25	0	FALSE
982	3	4	555	209.1113217	999	0.0492126	0	10.901088	25	0	FALSE
983	3	4	555	1893.260782	999	0.0492126	0	10.901088	25	0	FALSE
984	3	4	555	26789.07865	999	0.0722540951599	0	8.731528414	25	0	FALSE
985	3	4	555	1933.661387	999	0.1092114093347	0	0.31104	25	0	FALSE
986	4	4	555	15877.27568	999	0.1473257133758	0	1.029265279	3	0	FALSE
987	4	4	555	2107.80419	999	0.164042	0	0.333504	3	0	FALSE
988	3	4	555	4.5417752	999	0.164042	0	0.333504	3	0	FALSE
989	4	4	555	85658.4658	999	0.0922024373337	0	0	3	0	FALSE
990	3	4	555	1795.822956	999	0.0492126	0	10.901088	3	0	FALSE
991	3	4	555	2085.540201	999	0.1418866031296	0	2.680190778	3	0	FALSE
992	3	4	555	16518.61596	999	0.1011393478887	0	3.901427765	3	0	FALSE
993	3	4	555	7865.252747	3	0.164042	0	0.333504	3	0	FALSE
994	3	4	555	2448.689998	999	0.164042	0	0.333504	3	0	FALSE
995	3	4	555	132672.2746	999	0.1061198951281	0	0.377168195	3	0	FALSE
996	4	4	555	283.4389647	999	0.1394357	0	0.314496	3	0	FALSE
997	4	4	555	85178.14684	999	0.1340491209234	0	0.372044411	3	0	FALSE
998	1	4	555	1937.859659	999	0.1394357	0	0.314496	3	0	FALSE
999	1	4	555	12129.69434	999	0.0856114938813	0	1.05713351	3	0	FALSE
1000	1	4	555	2683.220425	999	0.1263750229088	0	0.250333184	3	0	FALSE
1001	1	4	555	2013.098037	999	0.0909909592765	0	0.37857408	3	0	FALSE
1002	1	4	555	1683.401329	999	0.0909009281057	0	0.378748696	3	0	FALSE
1003	1	4	555	4321.967355	999	0.0902231	0	0.379296	3	0	FALSE
1004	1	4	555	42917.3766	999	0.0825610853191	0	7.827030323	3	0	FALSE
1005	1	4	555	10925.55844	999	0.0750724179207	0	0	3	0	FALSE
1006	1	4	555	58989.93142	999	0.0726745438282	0	0.855287888	3	0	FALSE
1007	1	4	555	4138.108578	999	0.082021	0	1.1016	3	0	FALSE
1008	1	4	555	1491.643861	999	0.082021	0	1.1016	3	0	FALSE
1009	1	4	555	477.5901783	999	0.082021	0	1.1016	3	0	FALSE
1010	1	4	555	3002.926199	999	0	0	2.4192	3	0	FALSE
1011	1	4	555	4087.381127	999	0.1345324583733	0	0.322428047	3	0	FALSE
1012	1	4	555	1222.811201	999	0.0312237526396	0	1.940695288	3	0	FALSE
1013	1	4	555	5972.214059	999	0	0	2.4192	3	0	FALSE
1014	3	4	555	787799.8849	999	0.0380314193601	0	0	3	0	FALSE
1015	1	4	555	1805437.079	999	0.0803798828215	0	0	3	0	FALSE
1016	1	4	555	891.1033278	999	0.0802562747139	0	0.700510301	3	0	FALSE
1017	1	4	555	583.1204899	999	0	0	0	3	0	FALSE
1018	1	4	555	1246.022703	999	0.082021	0	1.1016	3	0	FALSE
1019	1	4	555	4556.108402	999	0.082021	0	1.1016	3	0	FALSE
1020	3	4	555	206782.9253	999	0.0574481186362	0	9.653663711	3	0	FALSE
1021	3	4	555	7717.891055	999	0.113249445061	0	0.400399507	19	0	FALSE
1022	3	4	555	1758.932755	999	0.164042	0	0.364608	3	0	FALSE
1023	3	4	555	16129.50117	999	0.1111255416138	0	0	3	0	FALSE
1024	1	4	555	171.6095452	999	0.1059266938424	0	0.372407011	3	0	FALSE
1025	1	4	555	43468.06603	999	0.1138924339267	0	0	3	0	FALSE
1026	1	4	555	357.6955628	999	0.1148294	0	0.364608	3	0	FALSE
1027	1	4	555	3267.905151	999	0.1300839723385	0	0.365505117	19	0	FALSE
1028	1	4	555	177.4484484	999	0.1148294	0	0.364608	19	0	FALSE
1029	2	4	555	22619.4933	999	0.0816890421482	0	1.640191824	3	0	FALSE
1030	3	4	555	81183.87988	999	0.0661880106482	0	0	3	0	FALSE
1031	1	4	555	182469.8485	999	0.0571040192158	0	0	19	0	FALSE
1032	2	4	555	842925.0276	999	0.0611947805015	0	0	3	0	FALSE
1033	1	4	555	128086.6403	999	0.0892151308076	0	0	3	0	FALSE
1034	1	4	555	9005.350688	999	0.1054430160054	0	0.652679153	3	0	FALSE
1035	1	4	555	1021.930418	999	0.1069111672991	0	0.18057132	3	0	FALSE
1036	1	4	555	12094.97223	999	0.0647615506288	0	0	3	0	FALSE
1037	2	4	555	30771.90776	999	0.0812684236964	0	0.84785588	3	0	FALSE
1038	3	4	555	61327.36262	999	0.0880329900218	0	0	3	0	FALSE
1039	3	4	555	12755.35469	999	0.0821381464933	0	0	3	0	FALSE
1040	1	4	555	51463.2827	999	0.0864360452528	0	0	3	0	FALSE
1041	1	4	555	2228.385382	999	0.1091318670093	0	0.367600607	3	0	FALSE
1042	2	4	555	65227.13589	999	0.0763651426996	0	0.766927659	3	0	FALSE
1043	3	4	555	8951.244169	999	0.07850362702	0	2.319564048	3	0	FALSE
1044	1	4	555	2415.109855	999	0.0902231	0	0.379296	3	0	FALSE
1045	1	4	555	3519.158752	999	0.0820348271002	0	1.098575789	3	0	FALSE
1046	1	4	555	3381.583684	999	0.0844106916775	0	1.019731881	3	0	FALSE
1047	3	4	555	6854.326478	999	0.082021	0	0.616896	3	0	FALSE
1048	3	4	555	36704.90384	999	0.164042	0	0.33423604	3	0	FALSE
1049	1	4	555	2504.361523	999	0.0522966584976	0	0	3	0	FALSE
1050	1	4	555	8512.70247	999	0	0	0	3	0	FALSE
1051	1	4	555	1280.225006	999	0.164042	0	0.364608	3	0	FALSE
1052	1	4	555	8003.619346	999	0.1592090085396	0	0.336366572	3	0	FALSE
1053	3	4	555	5142.259862	999	0.164042	0	0.333504	3	0	FALSE
1054	1	4	555	132487.4424	999	0.159113655026	0	0.341144709	3	0	FALSE
1055	1	4	555	20517.37902	999	0.0913711405551	0	0.385755288	3	0	FALSE
1056	1	4	555	208.4753486	999	0.1394357	0	0.314496	3	0	FALSE
1057	1	4	555	1096502.801	999	0.0450079640387	0	0	3	0	FALSE
1058	1	4	555	11578.89649	999	0	0	0	3	0	FALSE
1059	1	4	555	32511.69659	999	0.0130956926763	0	0	3	0	FALSE
1060	1	4	555	2.599031	999	0.082021	0	0.616896	3	0	FALSE
1061	1	4	555	6711.970843	999	0.0427931780426	0	0	3	0	FALSE
1062	1	4	555	228.2890748	999	0.1260624015078	0	0.333504	3	0	FALSE
1063	5	4	555	79.3719634	999	0	0	0	3	0	FALSE
1064	5	4	555	1565.815388	999	0.082021	0	0.616896	3	0	FALSE
1065	7	4	555	10333.08738	999	0.0502568520019	0	0	3	0	FALSE
1066	1	4	555	2576.920576	999	0.0799061680754	0	0.700612678	3	0	FALSE
1067	1	4	555	110.6221172	999	0.082021	0	0.616896	3	0	FALSE
1068	5	4	555	12589.87612	999	0.0616322009552	0	0	3	0	FALSE
1069	1	4	555	3235.386043	999	0.1225535250831	0	0.516438393	3	0	FALSE
1070	4	4	555	1027.421487	999	0.0707297397962	0	4.223972178	3	0	FALSE
1071	1	4	555	101.2863909	999	0.1017974901342	0	0.583770607	3	0	FALSE
1072	5	4	555	110.6157686	999	0.1804462	0	0.266976	3	0	FALSE
1073	5	4	555	3004.618116	999	0.0160528269573	0	0	3	0	FALSE
1074	5	4	555	7069.849816	999	0.0554076231641	0	0	3	0	FALSE
1075	5	4	555	2756.584746	999	0.0620066309212	0	0	3	0	FALSE
1076	1	4	555	526.6515003	999	0.0754998268911	0	2.862748015	3	0	FALSE
1077	3	4	555	8.2291237	999	0.164042	0	0.333504	22	0	FALSE
1078	3	4	555	3753.044624	999	0.1478522463651	0	0	3	0	FALSE
1079	2	4	555	625.0477139	999	0.0492126	0	10.901088	3	0	FALSE
1080	3	4	555	1774.042068	999	0.0675861381536	0	9.262847975	3	0	FALSE
1081	2	4	555	413.2521956	999	0.0774715518557	0	5.599701151	3	0	FALSE
1082	3	4	555	610.1432274	999	0.0902231	0	0.379296	3	0	FALSE
1083	1	4	555	1492778.188	999	0	0	1.126088685	3	0	FALSE
1084	1	4	555	516679.7027	999	0	0	1.115183543	3	0	FALSE
1085	1	4	555	451764.0609	999	0	0	1.1016	19	0	FALSE
1086	1	4	555	1751410.927	999	0	0	1.678827519	22	0	FALSE
1087	1	4	555	52157.23295	999	0	0	1.1016	3	0	FALSE
1088	1	5	1	13270.1476	1	0	0	0.762867308	22	0	FALSE
1089	1	5	555	9.3843549	999	0	0	0.333504	22	0	FALSE
1090	1	5	1	6327.693963	1	0	0	1.109437259	22	0	FALSE
1091	1	5	555	7550.01365	999	0.0902231	0	0	3	0	FALSE
1092	1	5	555	27628.85148	999	0	0	0	22	0	FALSE
1093	1	5	555	3247.121044	999	0	0	0.158976	22	0	FALSE
1094	1	5	555	2936.414398	999	0	0	0.037152	22	0	FALSE
1095	1	5	555	22.319818	999	0	0	0.037152	3	0	FALSE
1096	1	5	555	2229.944171	999	0.0902231	0	0.379296	22	0	FALSE
1097	1	5	555	1499552.19	999	0	0	0	22	0	FALSE
1098	1	5	555	836513.0915	999	0	0	0	22	0	FALSE
1099	1	5	555	4712.108765	999	0	0	1.171584	19	0	FALSE
1100	1	5	555	468.2865177	999	0	0	0.430390653	3	0	FALSE
1101	1	5	555	1643.392426	999	0.0902231	0	0.395493588	22	0	FALSE
1102	1	5	555	4269.966762	999	0	0	0.158976	3	0	FALSE
1103	1	5	555	440.6672652	999	0	0	2.4192	3	0	FALSE
1104	1	5	555	844.0761027	999	0	0	0.158976	22	0	FALSE
1105	1	5	555	2909.070011	999	0.0984252	0	0.158976	3	0	FALSE
1106	1	5	555	1329.302789	999	0.0984252	0	0.158942666	3	0	FALSE
1107	1	5	555	8761.483212	999	0	0	0	3	0	FALSE
1108	1	5	555	7524.758357	999	0	0	1.122893058	3	0	FALSE
1109	1	5	555	3508.461565	999	0	0	1.360409032	3	0	FALSE
1110	1	5	555	1594.745584	999	0	0	0.158976	3	0	FALSE
1111	1	5	555	8213.556871	999	0	0	0.037152	3	0	FALSE
1112	1	5	555	14375.7042	999	0	0	0.069780559	3	0	FALSE
1113	1	5	555	7143.113067	999	0	0	0.059038967	3	0	FALSE
1114	1	5	555	481932.5629	999	0	0	0	3	0	FALSE
1115	1	5	555	70416.15831	999	0	0	0	3	0	FALSE
1116	1	5	555	9188.639151	999	0	0	0	3	0	FALSE
1117	1	5	555	2859.269576	999	0.0902231	0	0.379296	3	0	FALSE
1118	1	5	555	12444.14488	999	0.0902231	0	0	3	0	FALSE
1119	1	5	555	7071.058427	999	0	0	0	3	0	FALSE
1120	1	5	555	1862.555496	999	0.0984252	0	0	3	0	FALSE
1121	1	5	555	3191.258497	999	0	0	0	3	0	FALSE
1122	1	5	555	16554.17567	999	0.164042	0	0.337022122	3	0	FALSE
1123	1	5	555	3374.909456	999	0	0	0.379296	3	0	FALSE
1124	1	5	555	6796.571611	999	0.0902231	0	0.379296	3	0	FALSE
1125	1	5	555	25633.40248	999	0	0	0	3	0	FALSE
1126	1	5	555	7512.630652	999	0.082021	0	0	3	0	FALSE
1127	1	5	555	2352.631465	999	0	0	0.158976	3	0	FALSE
1128	1	5	555	11154.55803	999	0	0	0.687301772	3	0	FALSE
1129	1	5	555	1952.866129	999	0	0	0.407043434	3	0	FALSE
1130	1	5	555	9020.952009	999	0	0	0.152207966	22	0	FALSE
1131	1	5	555	5111.686024	999	0	0	0.158976	3	0	FALSE
1132	1	5	555	4251.731779	999	0	0	0.379296	3	0	FALSE
1133	1	5	555	3358.341626	999	0	0	0.333504	22	0	FALSE
1134	1	5	555	878.6741141	999	0.082021	0	1.1016	22	0	FALSE
1135	1	5	555	1886.009352	999	0.082021	0	1.1016	3	0	FALSE
1136	1	5	555	967.5478767	999	0.082021	0	0.723557043	22	0	FALSE
1137	1	5	555	3671.449472	999	0.082021	0	0.620348467	3	0	FALSE
1138	1	5	555	1081.771733	999	0.082021	0	1.1016	3	0	FALSE
1139	1	5	555	1475.7734	999	0.082021	0	0.616896	3	0	FALSE
1140	1	5	555	1188.336477	999	0.082021	0	0.616896	3	0	FALSE
1141	1	5	555	5257.424827	999	0.082021	0	1.1016	3	0	FALSE
1142	1	5	555	1598.814001	999	0.082021	0	0.616896	3	0	FALSE
1143	1	5	555	202.7998034	999	0.082021	0	0.616896	3	0	FALSE
1144	1	5	555	1448.958631	999	0.082021	0	1.1016	3	0	FALSE
1145	1	5	555	7859.141403	999	0.082021	0	0.935155961	3	0	FALSE
1146	1	5	555	901.5073147	999	0.082021	0	0.624959565	3	0	FALSE
1147	1	5	555	85.3900769	999	0.082021	0	1.1016	3	0	FALSE
1148	1	5	555	682.8267029	999	0.082021	0	1.1016	3	0	FALSE
1149	1	5	555	4265.297843	999	0.0815872138969	0	1.10169012	3	0	FALSE
1150	1	5	555	1227.752311	999	0.082021	0	0.616896	3	0	FALSE
1151	1	5	555	1959.722325	999	0.082021	0	0.642085837	3	0	FALSE
1152	1	5	555	4277.938898	999	0.082021	0	1.1016	3	0	FALSE
1153	1	5	555	12888.69089	999	0.082021	0	0.852586179	3	0	FALSE
1154	1	5	555	19554.1909	999	0.082021	0	1.1016	3	0	FALSE
1155	1	5	555	3974.438678	999	0.082021	0	1.1016	22	0	FALSE
1156	1	5	555	29741.64964	999	0.0600615029062	0	7.668801517	22	0	FALSE
1157	1	5	555	11265.54869	999	0.082021	0	1.1016	22	0	FALSE
1158	1	5	555	4413.447016	999	0.0959851269232	0	0.964912323	22	0	FALSE
1159	1	5	555	16301.33685	999	0.082021	0	1.1016	22	0	FALSE
1160	1	5	555	2944.170277	999	0.082021	0	1.072105462	22	0	FALSE
1161	1	5	555	2011.804039	999	0.082021	0	1.1016	22	0	FALSE
1162	1	5	555	4222.722485	999	0.082021	0	1.1016	22	0	FALSE
1163	1	5	555	8706.435737	999	0.082021	0	1.1016	22	0	FALSE
1164	1	5	555	3082.522302	999	0.082021	0	1.1016	22	0	FALSE
1165	1	5	555	23252.56111	999	0.082021	0	1.1016	22	0	FALSE
1166	1	5	555	7479.645653	999	0.082021	0	1.1016	3	0	FALSE
1167	1	5	555	1275.490096	999	0.082021	0	1.1016	22	0	FALSE
1168	1	5	555	4325.903555	999	0.082021	0	1.1016	3	0	FALSE
1169	1	5	555	2119.997207	999	0.082021	0	0.602844345	3	0	FALSE
1170	1	5	555	633.1464646	999	0.082021	0	0.616896	3	0	FALSE
1171	1	5	555	770.1065643	999	0.082021	0	0.616896	22	0	FALSE
1172	1	5	555	17068.8531	999	0.0951465286352	0	0.964517942	3	0	FALSE
1173	1	5	555	6047.073773	999	0.164042	0	0.333504	3	0	FALSE
1174	8	5	555	1002.617699	999	0.1558399	0	0.31104	3	0	FALSE
1175	8	5	555	252.0563206	999	0.1555447662963	0	0.31104	3	0	FALSE
1176	8	5	555	1152.878672	999	0.1558399	0	0.31104	3	0	FALSE
1177	1	5	555	13907.0599	999	0.045588963073	0	0	3	0	FALSE
1178	1	5	555	878.4609524	999	0.082021	0	1.1016	3	0	FALSE
1179	1	5	555	982.8473876	999	0.082021	0	1.1016	22	0	FALSE
1180	1	5	555	13936.09944	999	0	0	0	3	0	FALSE
1181	8	5	555	1647.164363	999	0	0	0	3	0	FALSE
1182	1	5	555	32170.21487	999	0.0234013852633	0	0	22	0	FALSE
1183	1	5	555	13490.36379	999	0.0144388242809	0	0	3	0	FALSE
1184	1	5	555	8406.672068	999	0.0068665110465	0	0	22	0	FALSE
1185	1	5	555	2842.760291	999	0	0	0	3	0	FALSE
1186	8	5	555	19585.58922	999	0	0	0	22	0	FALSE
1187	1	5	555	44445.71351	999	0.0366238889672	0	0	3	0	FALSE
1188	8	5	555	117168.9827	999	0.0525489969244	0	0	22	0	FALSE
1189	1	5	555	2137.881959	999	0.0009224458957	0	0	22	0	FALSE
1190	1	5	555	29712.7804	999	0	0	0	22	0	FALSE
1191	1	5	555	21915.45142	999	0	0	0	25	0	FALSE
1192	1	5	555	95058.08293	999	0.0212786342111	0	0	25	0	FALSE
1193	1	5	555	5073.362869	999	0.0585954365863	0	0	3	0	FALSE
1194	1	5	555	3968.357497	999	0.041502282332	0	0	3	0	FALSE
1195	1	5	555	14924.64612	999	0.1522506692421	0	0	3	0	FALSE
1196	1	5	555	34931.22489	999	0.0102198699137	0	0	3	0	FALSE
1197	1	5	555	41784.44132	999	0	0	0	3	0	FALSE
1198	1	5	555	83225.82801	999	0.0026053134036	0	0	3	0	FALSE
1199	6	5	555	2214.229426	999	0.082021	0	1.1016	3	0	FALSE
1200	6	5	555	1701.173959	999	0.082021	0	1.1016	3	0	FALSE
1201	6	5	555	5049.371626	999	0.1394357	0	0.314496	3	0	FALSE
1202	6	5	555	5709.878629	999	0.1394357	0	0.314496	3	0	FALSE
1203	6	5	555	16436.50773	999	0.0439481280468	0	10.58839972	3	0	FALSE
1204	6	5	555	2557.119298	999	0.1093761337494	0	1.1016	3	0	FALSE
1205	6	5	555	983.0560471	999	0.072516113705	0	1.1016	3	0	FALSE
1206	6	5	555	18302.23599	5	0.1132617441099	0	0	3	0	FALSE
1207	6	5	555	6274.486906	999	0.082021	0	1.1016	3	0	FALSE
1208	6	5	555	929.6903881	999	0.082021	0	1.1016	3	0	FALSE
1209	6	5	555	3339.378784	999	0.0893914661151	0	0.97919683	3	0	FALSE
1210	6	5	555	1821.063143	5	0.082021	0	1.1016	3	0	FALSE
1211	6	5	555	2856.280969	5	0.082021	0	1.1016	3	0	FALSE
1212	6	5	555	1491.049349	5	0.082021	0	1.1016	3	0	FALSE
1213	6	5	555	33012.46109	999	0.0876308369577	0	0.991564973	3	0	FALSE
1214	6	5	555	6329.867129	999	0.0904173232674	0	2.297437459	3	0	FALSE
1215	6	5	555	5500.465387	999	0.1091985123526	0	0.786651097	3	0	FALSE
1216	6	5	555	2533.63587	999	0.082021	0	1.1016	3	0	FALSE
1217	6	5	555	577.5313799	999	0.082021	0	1.1016	22	0	FALSE
1218	6	5	555	2232.665472	999	0.0381296149013	0	0	22	0	FALSE
1219	6	5	555	10459.34325	999	0.0753341452913	0	0	3	0	FALSE
1220	6	5	555	5870.396533	999	0.082021	0	0.740339388	3	0	FALSE
1221	6	5	555	4452.291083	999	0.082021	0	0.915860079	3	0	FALSE
1222	1	5	555	8078.332979	999	0.082021	0	0.955753351	3	0	FALSE
1223	1	5	555	1689.087655	999	0.082021	0	1.1016	3	0	FALSE
1224	5	5	555	100.9875964	999	0.082021	0	1.1016	3	0	FALSE
1225	5	5	555	5223.572429	999	0.082021	0	0.777426743	3	0	FALSE
1226	4	5	555	52085.00247	999	0.092178367451	0	0	3	0	FALSE
1227	5	5	555	44171.662	999	0.0594407819218	0	0	22	0	FALSE
1228	5	5	555	29132.09315	999	0.1142400052961	0	1.316394853	3	0	FALSE
1229	5	5	555	11260.95148	999	0.0643844106889	0	0.647062398	3	0	FALSE
1230	5	5	555	1797.929105	999	0.082021	0	0.616896	25	0	FALSE
1231	5	5	555	2093.984805	999	0.082021	0	0.616896	3	0	FALSE
1232	5	5	555	2307.7934	999	0.082021	0	0.616896	25	0	FALSE
1233	5	5	555	8549.881935	999	0.082021	0	0.616896	25	0	FALSE
1234	5	5	555	2208.021253	999	0.082021	0	0.616896	25	0	FALSE
1235	5	5	555	5149.518205	999	0.082021	0	0.616896	22	0	FALSE
1236	5	5	555	22070.18926	999	0.082021	0	0.64931119	3	0	FALSE
1237	5	5	555	331.6153251	999	0.0466771176354	0	0.616896	3	0	FALSE
1238	5	5	555	2645.803524	999	0.082021	0	0.616896	25	0	FALSE
1239	5	5	555	3712.100715	999	0.082021	0	0.616896	25	0	FALSE
1240	8	5	555	4152.057154	999	0.082021	0	0.616896	25	0	FALSE
1241	8	5	555	6398.908909	1	0.164042	0	0.333504	25	0	FALSE
1242	8	5	555	15214.35181	1	0.164042	0	0.333504	25	0	FALSE
1243	8	5	555	9972.070222	999	0.1610401585326	0	0.603154785	25	0	FALSE
1244	8	5	555	2494.481452	999	0.164042	0	0.333504	25	0	FALSE
1245	5	5	555	29027.25096	999	0.0917972511331	0	0	25	0	FALSE
1246	4	5	555	19488.93083	999	0.082021	0	1.1016	25	0	FALSE
1247	5	5	555	33072.08628	999	0.053136351766	0	9.710296233	22	0	FALSE
1248	5	5	555	8344.631622	999	0.0833894703522	0	0.61157868	3	0	FALSE
1249	5	5	555	1831.79721	999	0.082021	0	0.616896	22	0	FALSE
1250	5	5	555	15061.26023	999	0.082021	0	0.96363162	3	0	FALSE
1251	5	5	555	2890.496707	999	0.082021	0	0.862112091	3	0	FALSE
1252	5	5	555	14360.94417	999	0.05742516752	0	9.258903461	3	0	FALSE
1253	5	5	555	11057.94719	999	0.0800376633224	0	1.697282178	3	0	FALSE
1254	5	5	555	52770.36812	999	0.1186166163285	0	0.752534589	3	0	FALSE
1255	5	5	555	72823.83775	999	0.1236107044149	0	0.631400733	3	0	FALSE
1256	5	5	555	765.5523186	999	0.0904616023042	0	0.950746723	3	0	FALSE
1257	5	5	555	345.4984625	999	0.082549047097	0	0.433549761	3	0	FALSE
1258	5	5	555	215.6320422	999	0.1558399	0	0.31104	3	0	FALSE
1259	8	5	555	1997.274464	999	0.164042	0	0.333504	3	0	FALSE
1260	1	5	555	1127.477905	999	0.1541574106089	0	0.367443164	3	0	FALSE
1261	1	5	555	1055.747492	999	0.082021	0	1.1016	3	0	FALSE
1262	1	5	555	3384.224899	999	0.082021	0	1.1016	3	0	FALSE
1263	1	5	555	55.9303075	999	0.082021	0	1.1016	3	0	FALSE
1264	1	5	555	44285.97174	999	0.082021	0	1.1016	25	0	FALSE
1265	1	5	555	23458.28593	999	0.0827805325046	0	1.051953579	3	0	FALSE
1266	1	5	555	5832.067596	999	0.082021	0	1.1016	3	0	FALSE
1267	1	5	555	27392.95339	999	0.1560193742512	0	0.327308389	12	0	FALSE
1268	4	5	555	5752.911277	999	0.1394357	0	0.314496	12	0	FALSE
1269	1	5	555	27657.15692	999	0.150094703786	0	0.322736336	12	0	FALSE
1270	4	5	555	6647.557714	999	0.1394357	0	0.314496	12	0	FALSE
1271	1	5	555	24010.82907	999	0.1438288800947	0	0	12	0	FALSE
1272	1	5	555	44382.68285	999	0.1304621523047	0	0	12	0	FALSE
1273	1	5	555	16068.09029	999	0.1239618026873	0	0	12	0	FALSE
1274	1	5	555	3963.471789	999	0.1804462	0	0.266976	12	0	FALSE
1275	1	5	555	6266.74826	999	0.1804462	0	0.266976	12	0	FALSE
1276	1	5	555	1843.140514	999	0.082021	0	1.1016	12	0	FALSE
1277	1	5	555	11131.19133	999	0.1253456905268	0	0	12	0	FALSE
1278	1	5	555	33954.22225	999	0.1788272957487	0	0.272930196	12	0	FALSE
1279	1	5	555	7507.188071	999	0.1804462	0	0.266976	12	0	FALSE
1280	5	5	555	7296.582874	999	0.1299792085557	0	0.436911242	12	0	FALSE
1281	1	5	555	15471.76799	999	0.1758103369908	0	0	12	0	FALSE
1282	6	5	555	25880.25065	999	0.09087547945	0	0.906369917	12	0	FALSE
1283	5	5	555	8866.222963	999	0.082021	0	0.945025212	12	0	FALSE
1284	5	5	555	1949.646338	999	0.082021	0	0.616896	12	0	FALSE
1285	6	5	555	247.103069	999	0.082021	0	0.635176813	19	0	FALSE
1286	5	5	555	951.5944307	999	0.082021	0	1.1016	19	0	FALSE
1287	5	5	555	3179.230003	999	0.082021	0	0.616896	19	0	FALSE
1288	1	5	555	8005.758247	999	0.0989798407658	0	0.822592436	12	0	FALSE
1289	1	5	555	1771.482701	999	0.082021	0	1.1016	12	0	FALSE
1290	1	5	555	5877.19034	999	0.0982774539323	0	0	12	0	FALSE
1291	6	5	555	892.8265386	999	0.0709518895736	0	9.463619573	19	0	FALSE
1292	1	5	555	1631.31315	999	0.082021	0	1.1016	12	0	FALSE
1293	1	5	555	1394.283835	999	0.082021	0	1.1016	12	0	FALSE
1294	6	5	555	267.4556463	999	0.082021	0	1.1016	12	0	FALSE
1295	6	5	555	3147.509309	999	0.1394357	0	0.314496	12	0	FALSE
1296	6	5	555	74529.63495	999	0.0947477499151	0	3.984704869	12	0	FALSE
1297	6	5	555	4860.120779	999	0.082021	0	1.1016	12	0	FALSE
1298	6	5	555	963.4738704	999	0.082021	0	1.1016	12	0	FALSE
1299	1	5	555	6508.874901	999	0.082021	0	1.1016	8	0	FALSE
1300	1	5	555	6481.90928	999	0.082021	0	1.1016	12	0	FALSE
1301	4	5	555	2381.346913	999	0.1394357	0	0.314496	19	0	FALSE
1302	1	5	555	15317.09973	999	0.1394357	0	0.314496	3	0	FALSE
1303	1	5	555	5494.90679	999	0.1629520910084	0	0.332839856	12	0	FALSE
1304	1	5	555	14342.55958	999	0.0942064375619	0	0.629386561	12	0	FALSE
1305	1	5	555	11284.70377	999	0.1394357	0	0.314496	12	0	FALSE
1306	1	5	555	6116.667087	999	0.082021	0	1.1016	8	0	FALSE
1307	1	5	555	2246.838631	999	0.1804462	0	0.266976	12	0	FALSE
1308	1	5	555	6493.164163	999	0.1804462	0	0.266976	12	0	FALSE
1309	1	5	555	6778.441404	999	0.082021	0	1.1016	12	0	FALSE
1310	1	5	555	14078.68611	999	0.082021	0	1.1016	12	0	FALSE
1311	1	5	555	11499.54113	999	0.082021	0	1.1016	12	0	FALSE
1312	1	5	555	14965.37497	999	0.0701501105125	0	9.01501362	12	0	FALSE
1313	6	5	555	22071.66631	999	0.077430304315	0	2.403780855	19	0	FALSE
1314	1	5	555	5810.116641	999	0.082021	0	0.816979596	19	0	FALSE
1315	1	5	555	9081.698653	999	0.0929905213484	0	0.963133057	19	0	FALSE
1316	1	5	555	3097.922991	999	0.082021	0	1.1016	19	0	FALSE
1317	3	5	555	947.3778814	999	0.0492126	0	10.901088	19	0	FALSE
1318	3	5	555	1898.020581	999	0.0492126	0	10.901088	12	0	FALSE
1319	3	5	555	779.9649795	999	0.0492126	0	10.901088	12	0	FALSE
1320	3	5	555	180.0957891	999	0.0492126	0	10.901088	12	0	FALSE
1321	3	5	555	480.9691047	999	0.0492126	0	10.901088	12	0	FALSE
1322	3	5	555	339.8391936	999	0.0492126	0	10.901088	12	0	FALSE
1323	3	5	555	1705.27308	999	0.1558399	0	0.31104	12	0	FALSE
1324	3	5	555	2202.33754	999	0.1558399	0	0.31104	12	0	FALSE
1325	3	5	555	3086.906805	999	0.1558399	0	0.31104	12	0	FALSE
1326	4	5	555	1366.868919	999	0.1148294	0	2.4192	12	0	FALSE
1327	4	5	555	1975.121837	999	0.1148294	0	2.4192	12	0	FALSE
1328	3	5	555	3722.938738	999	0.1558399	0	0.31104	12	0	FALSE
1329	3	5	555	3425.483125	999	0.0492126	0	10.901088	12	0	FALSE
1330	3	5	555	2898.915544	999	0.0492126	0	10.901088	12	0	FALSE
1331	3	5	555	69462.31348	999	0.164042	0	0.333504	19	0	FALSE
1332	3	5	555	8229.09999	999	0.1638183869679	0	0.33299128	12	0	FALSE
1333	3	5	555	15391.85606	999	0.0899258673789	0	7.287635739	12	0	FALSE
1334	3	5	555	52226.05224	999	0.0342460985368	0	0	12	0	FALSE
1335	3	5	555	6963.845466	999	0.0797754183993	0	9.414803483	12	0	FALSE
1336	3	5	555	107967.6922	999	0.164042	0	0.333504	12	0	FALSE
1337	3	5	555	7538.651172	999	0.1592774148738	0	0.320847447	12	0	FALSE
1338	3	5	555	2232.260844	999	0.0492126	0	10.901088	12	0	FALSE
1339	3	5	555	829.5954439	999	0.0492126	0	10.901088	12	0	FALSE
1340	3	5	555	6900.371582	999	0.0569298131735	0	10.24442699	12	0	FALSE
1341	3	5	555	158374.6881	999	0.1355512805844	0	0	12	0	FALSE
1342	4	5	555	39108.44448	999	0.1324211082401	0	0	12	0	FALSE
1343	3	5	555	759.2885821	999	0.0643305811268	0	10.901088	12	0	FALSE
1344	3	5	555	548.061725	999	0.0492126	0	10.901088	12	0	FALSE
1345	3	5	555	1923.244687	999	0.164042	0	0.364608	12	0	FALSE
1346	3	5	555	799.2553951	999	0.082021	0	0.616896	12	0	FALSE
1347	3	5	555	955.9860275	999	0.0492126	0	10.901088	12	0	FALSE
1348	3	5	555	2621.027622	999	0.0492126	0	10.901088	12	0	FALSE
1349	3	5	555	752.3403162	999	0.0492126	0	10.901088	12	0	FALSE
1350	3	5	555	940.359696	999	0.0492126	0	10.901088	19	0	FALSE
1351	3	5	555	6408.035192	999	0.0492126	0	10.901088	12	0	FALSE
1352	3	5	555	1149.112203	999	0.0492126	0	10.901088	19	0	FALSE
1353	3	5	555	1496.689821	999	0.0492126	0	10.901088	12	0	FALSE
1354	3	5	555	8255.400891	999	0.0492126	0	10.901088	19	0	FALSE
1355	3	5	555	17383.49497	999	0.0492126	0	10.901088	19	0	FALSE
1356	3	5	555	6700.283448	999	0.1329995802074	0	2.442711483	12	0	FALSE
1357	3	5	555	28742.54724	999	0.1558399	0	0.31104	12	0	FALSE
1358	3	5	555	17597.91633	999	0.1558399	0	0.31104	12	0	FALSE
1359	3	5	555	3900.704834	999	0.1558399	0	0.31104	12	0	FALSE
1360	3	5	555	34056.18664	999	0.1558399	0	0.31104	12	0	FALSE
1361	4	5	555	6599.889007	999	0.149491408163	0	0.312938003	12	0	FALSE
1362	4	5	555	19533.17673	999	0.164042	0	0.333504	12	0	FALSE
1363	4	5	555	1045.252146	999	0.164042	0	0.333504	12	0	FALSE
1364	4	5	555	46791.96154	999	0.164042	0	0.333504	12	0	FALSE
1365	4	5	555	8163.305508	999	0.1148294	0	2.4192	12	0	FALSE
1366	4	5	555	957.8550364	999	0.1148294	0	2.4192	12	0	FALSE
1367	4	5	555	11229.04114	999	0.0563514133846	0	10.14062507	12	0	FALSE
1368	4	5	555	1664.018099	999	0.1148294	0	2.4192	12	0	FALSE
1369	4	5	555	2867.15603	999	0.164042	0	0.333504	12	0	FALSE
1370	3	5	555	1073.227663	999	0.164042	0	0.333504	12	0	FALSE
1371	3	5	555	1050.618819	999	0.164042	0	0.333504	12	0	FALSE
1372	3	5	555	1936.981447	999	0.164042	0	0.333504	12	0	FALSE
1373	3	5	555	15428.26532	999	0.1009058603484	0	0.41493569	12	0	FALSE
1374	3	5	555	1042.959992	999	0.082021	0	0.616896	12	0	FALSE
1375	3	5	555	3018.887414	3	0.164042	0	0.333504	12	0	FALSE
1376	3	5	555	1919.256542	999	0.164042	0	0.333504	12	0	FALSE
1377	3	5	555	49.8990615	999	0.082021	0	0.616896	12	0	FALSE
1378	3	5	555	3768.839514	999	0.1288700328312	0	0.400899431	12	0	FALSE
1379	3	5	555	38841.32255	999	0.164042	0	0.333504	12	0	FALSE
1380	3	5	555	5819.12696	999	0.164042	0	0.333504	12	0	FALSE
1381	1	5	555	14985.91428	999	0.1628917908097	0	0.332696316	12	0	FALSE
1382	3	5	555	5064.624447	999	0.164042	0	0.333504	12	0	FALSE
1383	1	5	555	18411.91107	999	0.1455737587594	0	0.319246401	12	0	FALSE
1384	4	5	555	5775.449554	999	0.1624264381045	0	0.332268627	12	0	FALSE
1385	4	5	555	7299.376174	999	0.164042	0	0.333504	12	0	FALSE
1386	1	5	555	6951.681775	999	0.1394357	0	0.314496	12	0	FALSE
1387	1	5	555	22650.0243	999	0.0928582190148	0	0.896221721	12	0	FALSE
1388	1	5	555	980.3201625	999	0.082021	0	1.1016	12	0	FALSE
1389	1	5	555	6022.68787	999	0.082021	0	1.1016	12	0	FALSE
1390	1	5	555	4718.157055	999	0.1394357	0	0.314496	12	0	FALSE
1391	1	5	555	31563.18694	999	0.0819795162388	0	1.102017772	12	0	FALSE
1392	1	5	555	1229.703494	999	0.06103069339	0	1.413722625	12	0	FALSE
1393	1	5	555	4334.05962	999	0.082021	0	1.1016	12	0	FALSE
1394	1	5	555	1280.816892	999	0.082021	0	1.1016	12	0	FALSE
1395	1	5	555	2078.806112	999	0.082021	0	1.1016	12	0	FALSE
1396	1	5	555	39066.82352	999	0.082021	0	1.1016	12	0	FALSE
1397	1	5	555	25108.67374	999	0.082021	0	1.1016	12	0	FALSE
1398	1	5	555	16036.14235	999	0.1305451017824	0	0.374196792	12	0	FALSE
1399	1	5	555	9178.007098	999	0.0783737836759	0	0.693864876	12	0	FALSE
1400	1	5	555	1789.441437	999	0.082021	0	1.1016	12	0	FALSE
1401	3	5	555	1898.875672	999	0.0492126	0	10.901088	12	0	FALSE
1402	3	5	555	8326.882118	999	0.0492126	0	10.901088	12	0	FALSE
1403	3	5	555	5372.038312	999	0.0492126	0	10.901088	12	0	FALSE
1404	3	5	555	4814.690166	999	0.0492126	0	10.901088	12	0	FALSE
1405	3	5	555	3606.048865	999	0.0492126	0	10.901088	12	0	FALSE
1406	3	5	555	20716.55789	999	0.0492126	0	10.901088	12	0	FALSE
1407	3	5	555	391.6649558	999	0.0492126	0	10.901088	12	0	FALSE
1408	3	5	555	4187.097753	999	0.0492126	0	10.901088	12	0	FALSE
1409	3	5	555	7492.457056	999	0.0492126	0	10.901088	12	0	FALSE
1410	3	5	555	1908.980332	999	0.0492126	0	10.901088	19	0	FALSE
1411	1	5	555	83884.76616	999	0.126005003212	0	0	12	0	FALSE
1412	3	5	555	27869.6238	999	0.1166525775518	0	4.620829486	12	0	FALSE
1413	1	5	555	4789.978907	999	0.144087895851	0	0.318072744	12	0	FALSE
1414	1	5	555	11233.96535	999	0.164042	0	0.364608	12	0	FALSE
1415	1	5	555	1613.991783	999	0.0902231	0	0.379296	12	0	FALSE
1416	1	5	555	2571.362539	999	0.0963753065617	0	0.376656427	12	0	FALSE
1417	1	5	555	3389.53328	999	0.082021	0	1.1016	12	0	FALSE
1418	1	5	555	2946.396109	999	0.164042	0	0.333504	12	0	FALSE
1419	1	5	555	925.8138763	999	0.164042	0	0.333504	12	0	FALSE
1420	1	5	555	5413.547154	999	0.0964336776266	0	0.372174798	12	0	FALSE
1421	1	5	555	10219.74019	999	0.0902473109588	0	0.379289282	12	0	FALSE
1422	1	5	555	3804.110127	999	0.0902231	0	0.379296	12	0	FALSE
1423	1	5	555	16932.33311	999	0.082021	0	1.1016	12	0	FALSE
1424	1	5	555	4979.077657	999	0.0902231	0	0.379296	12	0	FALSE
1425	1	5	555	8094.826686	999	0.082021	0	1.03879472	12	0	FALSE
1426	1	5	555	206.2885631	999	0.082021	0	1.1016	12	0	FALSE
1427	1	5	555	4367.612074	999	0.0850691349401	0	1.064600302	12	0	FALSE
1428	1	5	555	4966.570201	999	0.082021	0	1.1016	12	0	FALSE
1429	1	5	555	7235.857617	999	0.1348187789205	0	0.320147978	12	0	FALSE
1430	1	5	555	1302.173865	999	0.0813757727812	0	1.392150082	12	0	FALSE
1431	1	5	555	7418.479681	999	0.082021	0	1.1016	12	0	FALSE
1432	1	5	555	680.8260526	999	0.1476378	0	0.304128	12	0	FALSE
1433	1	5	555	104.452768	999	0.1409539210132	0	0.304128	12	0	FALSE
1434	1	5	555	27.1789572	999	0.1181729384928	0	0.304128	12	0	FALSE
1435	1	5	555	1554.53291	999	0.1476378	0	0.304128	12	0	FALSE
1436	1	5	555	1896.177339	999	0.1437871806183	0	0.304128	12	0	FALSE
1437	1	5	555	2670.14689	999	0.1176823085559	0	0.304128	12	0	FALSE
1438	1	5	555	3096.574069	999	0.1476378	0	0.304128	12	0	FALSE
1439	1	5	555	4199.404503	999	0.1397002308484	0	0.319484043	12	0	FALSE
1440	1	5	555	7731.905513	999	0.1394546378287	0	0.623573951	12	0	FALSE
1441	1	5	555	4289.714503	999	0.1435670879275	0	0.352466881	12	0	FALSE
1442	1	5	555	1280.640815	999	0.1417437848836	0	0.304128	12	0	FALSE
1443	1	5	555	3974.613693	999	0.0790539600429	0	2.16329528	12	0	FALSE
1444	1	5	555	947.8256666	999	0.1476378	0	0.304128	12	0	FALSE
1445	1	5	555	407.8430243	999	0.082021	0	1.1016	12	0	FALSE
1446	1	5	555	1398.721758	999	0.0861604415695	0	1.09992895	12	0	FALSE
1447	2	5	555	16648.50289	999	0.104263946906	0	0.910296275	12	0	FALSE
1448	2	5	555	9890.719547	999	0.082021	0	1.097993867	12	0	FALSE
1449	2	5	555	8.1101316	999	0.082021	0	1.1016	12	0	FALSE
1450	2	5	555	6866.740937	999	0.0831773345186	0	1.101343409	12	0	FALSE
1451	2	5	555	38.1689593	999	0.082021	0	0.616896	12	0	FALSE
1452	2	5	555	3654.876669	999	0.0878632533038	0	0.602761795	19	0	FALSE
1453	2	5	555	4045.619185	999	0.0902231	0	0.379296	12	0	FALSE
1454	3	5	555	6700.516796	999	0.0573583942239	0	8.913990699	19	0	FALSE
1455	1	5	555	4239.171256	999	0.0529737795823	0	9.972967088	19	0	FALSE
1456	3	5	555	2286.887844	999	0.0902231	0	0.379296	19	0	FALSE
1457	1	5	555	8117.129218	999	0.0492126	0	10.901088	19	0	FALSE
1458	2	5	555	420.4220081	999	0.0685468271607	0	8.8749298	19	0	FALSE
1459	1	5	555	3537.380045	999	0.0691387595943	0	8.899983092	19	0	FALSE
1460	2	5	555	9603.151374	999	0.164042	0	0.333504	19	0	FALSE
1461	1	5	555	759.4480117	999	0.1088383458385	0	6.007396329	19	0	FALSE
1462	1	5	555	2611.352431	999	0.0492126	0	10.901088	19	0	FALSE
1463	1	5	555	8135.656582	999	0.0492126	0	10.901088	19	0	FALSE
1464	1	5	555	8221.755407	999	0.0492126	0	10.901088	19	0	FALSE
1465	1	5	555	4963.829077	999	0.110441307668	0	0.370118834	19	0	FALSE
1466	1	5	555	3583.000968	999	0.082021	0	1.1016	19	0	FALSE
1467	1	5	555	41814.02217	999	0.082021	0	1.1016	19	0	FALSE
1468	1	5	555	1590.96661	999	0.082021	0	1.1016	19	0	FALSE
1469	1	5	555	11070.18023	999	0.0902231	0	0.379296	19	0	FALSE
1470	1	5	555	1641.558511	999	0	0	2.4192	12	0	FALSE
1471	1	5	555	12669.06013	999	0.082021	0	1.1016	19	0	FALSE
1472	3	5	555	12953.42758	999	0.164042	0	0.358455018	19	0	FALSE
1473	1	5	555	11304.65748	999	0.164042	0	0.361495128	19	0	FALSE
1474	1	5	555	4402.42794	999	0.164042	0	0.364608	19	0	FALSE
1475	1	5	555	1.9104095	999	0.164042	0	0.364608	19	0	FALSE
1476	1	5	555	5816.091175	999	0.0889576923152	0	0.388683835	19	0	FALSE
1477	1	5	555	2687.443822	999	0.1044304249297	0	0.367839737	19	0	FALSE
1478	1	5	555	7377.695074	999	0.1612722057841	0	0.364608	19	0	FALSE
1479	1	5	555	3843.437551	999	0.1148294	0	0.364608	19	0	FALSE
1480	3	5	555	3862.235726	999	0.1421920788612	0	0.368696948	12	0	FALSE
1481	3	5	555	14337.38806	999	0.164042	0	0.364608	12	0	FALSE
1482	1	5	555	1890.212015	999	0.0050158441566	0	2.374033898	12	0	FALSE
1483	1	5	555	977.6254828	999	0	0	2.4192	19	0	FALSE
1484	1	5	555	157.2129866	999	0	0	0	12	0	FALSE
1485	1	5	555	658.308291	999	0	0	0	12	0	FALSE
1486	1	5	555	179.4305358	999	0	0	0	12	0	FALSE
1487	1	5	555	480.444429	999	0	0	0	19	0	FALSE
1488	1	5	555	907.774747	999	0	0	0	12	0	FALSE
1489	1	5	555	337.3642055	999	0	0	0	12	0	FALSE
1490	1	5	555	201.9913239	999	0	0	0	12	0	FALSE
1491	1	5	555	3749.322795	999	0.0087025470305	0	0	12	0	FALSE
1492	1	5	555	3452.71112	999	0.0161629286668	0	0	12	0	FALSE
1493	1	5	555	143.8468328	999	0	0	0	12	0	FALSE
1494	1	5	555	1516.899409	999	0	0	0	12	0	FALSE
1495	1	5	555	4626.819955	999	0.0076118629404	0	0	12	0	FALSE
1496	5	5	555	21.0825955	999	0.082021	0	0.616896	12	0	FALSE
1497	1	5	555	145.962672	999	0.082021	0	1.1016	12	0	FALSE
1498	1	5	555	80.4966357	999	0.082021	0	1.1016	12	0	FALSE
1499	1	5	555	1151.595392	999	0.082021	0	1.1016	12	0	FALSE
1500	5	5	555	165.1630916	999	0.1804462	0	0.266976	12	0	FALSE
1501	1	5	555	871.1431398	999	0.1494390959894	0	0.481531815	12	0	FALSE
1502	1	5	555	427.8061507	999	0.0812570203168	0	1.243520735	12	0	FALSE
1503	3	5	555	445.5709786	999	0.050159204361	0	10.74363675	12	0	FALSE
1504	1	5	555	6228.236322	999	0	0	1.1016	12	0	FALSE
1505	1	3	1	149054.8589	1	0.082021	0	0	12	0	FALSE
1506	1	3	1	164221.2722	3	0.164042	0.25	0	12	0	FALSE
1507	1	3	1	1149.179785	1	0.164042	0.25	0.333504	12	0	FALSE
1508	1	3	1	18787.30849	3	0.164042	0.25	0.333504	12	0	FALSE
1509	1	3	1	66385.82437	3	0.164042	0.25	0.333504	12	0	FALSE
1510	1	3	1	53924.65522	1	0.082021	0	1.068268446	3	0	FALSE
1511	1	3	1	36514.4827	1	0.082021	0	0.889014933	12	0	FALSE
1512	1	3	1	41068.07833	1	0.082021	0	1.137587047	12	0	FALSE
1513	1	3	1	34728.28158	1	0.082021	0	1.073893724	12	0	FALSE
1514	1	3	1	538.8571588	5	0.082021	0	0	12	0	FALSE
1515	1	3	1	25690.0899	5	0.164042	0	0	12	0	FALSE
1516	1	3	1	68878.4104	5	0.0902231	0	0	12	0	FALSE
1517	1	3	555	13363.55661	999	0.164042	0	0	12	0	FALSE
1518	1	3	555	4289.790198	999	0.164042	0	0	12	0	FALSE
1519	1	3	555	2.7168861	999	0.082021	0	0	12	0	FALSE
1520	1	3	555	3914.819064	999	0.164042	0	0	12	0	FALSE
1521	1	3	555	1094.403864	999	0.164042	0	0.333504	12	0	FALSE
1522	1	3	1	26586.05598	3	0.164042	0.25	0	12	0	FALSE
1523	1	3	1	2313.445566	1	0.164042	0.25	0.333504	12	0	FALSE
1524	1	3	1	14094.97098	3	0.164042	0.25	0.333504	12	0	FALSE
1525	1	3	1	119497.9546	5	0.082021	0	0	12	0	FALSE
1526	1	3	1	3748.931421	1	0.082021	0.25	1.171584	12	0	FALSE
1527	1	3	1	9155.359482	1	0.082021	0.25	1.151835682	3	0	FALSE
1528	1	3	1	50395.49519	5	0.0902231	0	0	12	0	FALSE
1529	1	3	1	11556.41254	5	0.0902231	0	0.352852254	3	0	FALSE
1530	1	3	2	11981.56508	2	0.082021	0.0039795	1.1016	12	0	FALSE
1531	1	3	2	44646.1917	2	0.082021	0.0039795	1.1016	3	0	FALSE
1532	1	3	2	19986.98522	2	0.082021	0.0039795	1.10125193	3	0	FALSE
1533	1	3	555	103457.6468	5	0.0728872644715	0	3.092373092	3	0	FALSE
1534	1	3	555	13017.7409	5	0.082021	0	0.954469276	12	0	FALSE
1535	1	3	555	718.7877097	5	0.082021	0	1.099922097	3	0	FALSE
1536	1	3	555	26.2935696	5	0.082021	0	0.616896	3	0	FALSE
1537	1	3	555	1952.665895	5	0.082021	0	1.1016	3	0	FALSE
1538	1	3	555	6578.295551	5	0.0804262870225	0	1.650063761	3	0	FALSE
1539	1	3	555	6681.352653	5	0.082021	0	1.1016	12	0	FALSE
1540	1	3	555	24369.60005	5	0.082021	0	0.995636379	3	0	FALSE
1541	1	3	555	2896.606241	5	0.082021	0	0.616896	19	0	FALSE
1542	1	3	1	169778.1258	1	0.1565288714787	0	0	3	0	FALSE
1543	1	3	1	39410.86208	1	0.1640229891726	0	0	3	0	FALSE
1544	8	3	1	232091.6606	1	0.1635793654708	0.151364381	0	19	0	FALSE
1545	8	3	1	81556.79131	1	0.1227494560277	0.10897482	0	3	0	FALSE
1546	1	3	1	25120.28062	1	0.090843870197	0	0	3	0	FALSE
1547	8	3	1	533415.7103	1	0.109428313049	0.091807521	0	3	0	FALSE
1548	8	3	1	49576.34605	2	0.1027453535175	0.250005726	0.828488901	19	0	FALSE
1549	8	3	1	33131.53505	1	0.1560187787787	0.139050919	0.311472609	19	0	FALSE
1550	8	3	2	30879.01282	2	0.1403771895314	0.088836925	0.31104	19	0	FALSE
1551	8	3	2	579.9842965	2	0.153516651074	0.10263	0.31104	12	0	FALSE
1552	1	3	1	12748.87691	5	0.079258005325	0	2.249481626	19	0	FALSE
1553	1	3	2	132705.8692	5	0.1025049876962	0	0	19	0	FALSE
1554	1	3	555	8557.464609	5	0.0894759690706	0	0.416016384	19	0	FALSE
1555	1	3	555	24.0071619	5	0.0820729176526	0	0.391894321	19	0	FALSE
1556	6	3	2	7672.756756	5	0.1394357	0	0.314496	19	0	FALSE
1557	6	3	1	6175.849157	5	0.0659531148074	0	8.719734881	19	0	FALSE
1558	6	3	1	20312.22491	5	0.0748570233928	0	4.174590507	3	0	FALSE
1559	6	3	2	12565.649	2	0.0831719211326	0.003924432	1.080883684	3	0	FALSE
1560	6	3	2	35484.76182	2	0.082021	0.0039795	1.1016	3	2011	FALSE
1561	6	3	2	179.4051102	2	0.082021	0.0039795	1.1016	3	0	FALSE
1562	6	3	1	141820.9688	5	0.0857841685916	0	0	3	0	FALSE
1563	6	3	1	814.7012879	5	0.1434947002939	0	0.370667669	3	0	FALSE
1564	6	3	1	37519.83973	5	0.0722713425358	0	3.958510705	19	0	FALSE
1565	6	3	2	136595.5044	2	0.0819388895971	0.003983488	0	3	0	FALSE
1566	1	3	2	26155.74591	2	0.082021	0.0039795	0.980980907	3	0	FALSE
1567	6	3	2	8800.616955	2	0.0019646391705	0.166138686	0	3	0	FALSE
1568	6	3	2	206520.1955	2	0.0819005242744	0.003985354	1.129001246	3	2015	FALSE
1569	6	3	2	82141.36382	2	0.0541808514713	0.006024316	0	3	0	FALSE
1570	6	3	2	94954.09799	2	0.082021	0.0039795	0.898527017	3	2015	FALSE
1571	6	3	2	2723.475079	2	0.082021	0.0039795	0.616896	3	0	FALSE
1572	7	3	555	82585.27806	1	0.0824202511611	0	0.868179368	3	0	FALSE
1573	5	3	1	51191.12443	2	0.1457171675567	0.250002301	0	3	0	FALSE
1574	7	3	555	190916.086	5	0.0703614974944	0	0	3	0	FALSE
1575	7	3	1	244954.5088	1	0.0812857137232	0.002001594	1.735227825	3	0	FALSE
1576	7	3	1	281413.5209	1	0.0976080944949	0	0.568395407	3	0	FALSE
1577	7	3	1	6544.703614	1	0.082021	0.25	0.616896	3	0	FALSE
1578	7	3	2	110035.6132	1	0.1338954209513	0	0.477341281	3	0	FALSE
1579	7	3	1	137725.0383	1	0.1331330103298	0.038348094	0.88964937	3	0	FALSE
1580	7	3	1	706116.3392	1	0.1426385199844	0.04313565	0	3	0	FALSE
1581	7	3	555	349048.7377	1	0.1049265018813	0	0.684588624	3	0	FALSE
1582	7	3	555	6761.457713	5	0.082021	0	0.616896	3	0	FALSE
1583	7	3	555	7758.899275	5	0.082021	0	0.924928194	3	0	FALSE
1584	7	3	2	32577.71995	1	0.082021	0	1.07642558	3	0	FALSE
1585	7	3	1	270190.5123	1	0.1434051973383	0.053509041	0.557911095	3	0	FALSE
1586	7	3	1	352012.2627	1	0.0959693108138	0	1.165597066	3	0	FALSE
1587	7	3	2	16070.62241	1	0.082021	0	1.1016	3	0	FALSE
1588	7	3	1	278562.7581	1	0.1486054607921	0.051442001	0	3	0	FALSE
1589	7	3	2	293836.1973	2	0.145405137527	0.228003555	0	3	2005	FALSE
1590	8	3	2	435659.2179	2	0.158353371209	0.22979376	0	3	2005	FALSE
1591	7	3	2	68909.64409	1	0.1612089528293	0	0	3	0	FALSE
1592	7	3	2	27335.77407	1	0.09933153205	0	0.553159252	3	0	FALSE
1593	8	3	1	105504.7427	1	0.1062169719029	0.075903634	0	3	0	FALSE
1594	8	3	1	251514.6522	1	0.1110698436133	0.083509119	0	3	0	FALSE
1595	8	3	2	536602.4848	2	0.06619871931	0.249998526	0	3	2006	FALSE
1596	8	3	1	44362.84548	1	0.164042	0.137275	0.333504	3	0	FALSE
1597	8	3	1	114737.4987	1	0.1492018010343	0.126060412	0	3	0	FALSE
1598	8	3	1	384383.3527	1	0.1523156954909	0.128593575	0	3	0	FALSE
1599	8	3	1	42707.63018	1	0.1578613173875	0.132855661	0.346159414	3	0	FALSE
1600	8	3	1	177605.131	1	0.1598628848728	0.134321971	0.344020049	3	0	FALSE
1601	8	3	2	113229.7842	1	0.1449530303931	0	0.398673766	3	0	FALSE
1602	8	3	2	133429.9664	1	0.1622964175951	0	0.333581307	12	0	FALSE
1603	8	3	1	95409.93198	1	0.164042	0.137275	0.333504	3	0	FALSE
1604	8	3	1	204499.8354	1	0.1621167382914	0.135932862	0.339323025	3	0	FALSE
1605	8	3	1	267546.3247	1	0.1639248092154	0.137198014	0.333825754	12	0	FALSE
1606	5	3	555	156452.0987	5	0.0492126	0	10.901088	12	0	FALSE
1607	5	3	555	58265.05521	5	0.0523700992808	0	10.84219574	3	0	FALSE
1608	5	3	1	15635.86481	5	0.082021	0	1.047675339	3	0	FALSE
1609	5	3	1	486755.0992	5	0.0492126	0	10.901088	3	0	FALSE
1610	7	3	2	20813.91997	1	0.1554184391926	0	0	3	0	FALSE
1611	8	3	1	35301.85555	1	0.081909056919	0.030686882	0	3	0	FALSE
1612	5	3	1	65438.24085	1	0.082021	0	1.05946813	3	0	FALSE
1613	8	3	1	68753.63168	1	0.0848419384105	0.032040534	0	3	0	FALSE
1614	8	3	1	66509.9985	1	0.1199991196536	0.095898631	4.038615558	3	0	FALSE
1615	4	3	1	460851.5408	3	0.1394357	0.25	0.314496	3	0	FALSE
1616	4	3	1	343386.0909	3	0.1551984236015	0.250002759	0.32663193	3	0	FALSE
1617	4	3	1	935056.0212	1	0.1483236095692	0	1.767357031	3	0	FALSE
1618	4	3	1	388983.4896	1	0.0805905857482	0	0	3	0	FALSE
1619	4	3	1	557724.8788	1	0.1539969201182	0	0	3	0	FALSE
1620	4	3	1	204370.721	2	0.1562733678616	0.250001989	0	3	0	FALSE
1621	5	3	1	180712.5799	5	0.1190037201795	0	0.578674345	3	0	FALSE
1622	5	3	1	85984.43111	5	0.1486779255254	0	0.430893833	3	0	FALSE
1623	4	3	555	1137381.481	5	0.0497048219646	0	10.7813234	3	0	FALSE
1624	5	3	555	1256501.719	5	0.0553246974725	0	10.30559554	3	0	FALSE
1625	5	3	1	26458.10699	1	0.0492126	0	10.901088	3	0	FALSE
1626	4	3	1	1399563.967	1	0.1573197122193	0	0.332613864	3	0	FALSE
1627	5	3	1	4704964.575	1	0.1585139232155	0	0.351162372	3	0	FALSE
1628	5	3	2	733109.984	1	0.164042	0	0.333504	3	0	FALSE
1629	5	3	1	528062.0271	3	0.1583411476194	0.25000062	0	3	0	FALSE
1630	4	3	555	180055.6144	5	0.0584435066274	0	8.10095186	12	0	FALSE
1631	4	3	555	268116.3822	5	0.0495503304898	0	10.79669607	3	0	FALSE
1632	5	3	555	121135.9907	5	0.0501601328387	0	10.60715243	12	0	FALSE
1633	5	3	2	236520.235	2	0.141105975644	0.227321079	0.490148913	3	2005	FALSE
1634	5	3	2	593886.3795	4	0.1624028964371	0	0.334533025	12	0	FALSE
1635	5	3	555	26852.50241	5	0.1527225869081	0	0.371259024	3	0	FALSE
1636	5	3	555	27351.45698	5	0.088201989371	0	0	12	0	FALSE
1637	5	3	555	5141.952875	5	0.0821892751038	0	0.607743656	12	0	FALSE
1638	5	3	555	3209.338046	5	0.082021	0	0.616896	3	0	FALSE
1639	5	3	555	55554.18628	5	0.082021	0	0.616896	12	0	FALSE
1640	5	3	555	8244.330794	5	0.082021	0	1.1016	3	0	FALSE
1641	5	3	555	4863.538422	5	0.082021	0	1.027672032	12	0	FALSE
1642	5	3	1	293838.4329	5	0.1123722903413	0	5.033960393	3	0	FALSE
1643	5	3	1	549700.9219	5	0.0575775141456	0	8.929998873	12	0	FALSE
1644	5	3	1	11964.04135	5	0.082021	0	1.1016	12	0	FALSE
1645	5	3	1	17798.34311	5	0.0702668288562	0	4.75726743	12	0	FALSE
1646	5	3	555	1041227.613	5	0.0513693208695	0	0	12	0	FALSE
1647	5	3	555	44149.88566	5	0.0612102775493	0	7.262431645	12	0	FALSE
1648	5	3	1	288331.2301	1	0.1384310493773	0	0.66519094	12	0	FALSE
1649	5	3	555	34641.49981	5	0.082021	0	0.987641835	12	0	FALSE
1650	5	3	555	1384.601153	5	0.082021	0	1.1016	3	0	FALSE
1651	5	3	555	3319.586661	5	0.082021	0	0.814197721	3	0	FALSE
1652	5	3	1	238552.5978	2	0.082021	0.25	1.1016	3	0	FALSE
1653	5	3	555	5493.427246	5	0.082021	0	1.029035205	3	0	FALSE
1654	5	3	555	2237.572152	5	0.082021	0	1.005141154	3	0	FALSE
1655	5	3	1	30734.93946	2	0.082021	0.25	1.1016	12	0	FALSE
1656	5	3	1	264136.7275	1	0.1505050154789	0	0.455775078	12	0	FALSE
1657	5	3	2	125479.4144	2	0.154423268557	0.103496074	0	12	0	FALSE
1658	5	3	555	154342.7093	5	0.1026330897344	0	0	12	0	FALSE
1659	5	3	555	108748.2805	5	0.1022019184608	0	0.563066844	12	0	FALSE
1660	5	3	1	262920.0301	2	0.1575397179678	0.249996853	0.355267062	12	0	FALSE
1661	8	3	1	90327.76593	2	0.1564122441784	0.250002882	0.312636736	12	0	FALSE
1662	8	3	1	14495.73536	1	0.164042	0.137275	0.333504	12	0	FALSE
1663	8	3	1	44465.9559	1	0.164042	0.137275	0.333504	12	0	FALSE
1664	8	3	1	34364.39717	1	0.1317661713753	0.109659667	3.34172859	3	0	FALSE
1665	1	3	1	4471.293308	1	0.1241675351413	0.250008168	0.467992473	12	0	FALSE
1666	8	3	1	2070.30675	1	0.137061043592	0.24999279	0.368534526	3	0	FALSE
1667	1	3	1	8425.07229	1	0.0969976236748	0.250001059	0.570119891	3	0	FALSE
1668	1	3	1	96954.80208	1	0.1575915806663	0	0.354663595	3	0	FALSE
1669	6	3	2	27889.21702	5	0.1611426445923	0	0.346611948	3	0	FALSE
1670	6	3	2	13766.91514	5	0.1310034252879	0	0.241717474	3	0	FALSE
1671	1	3	2	40751.44886	2	0.0781210359644	0.004178165	1.111227869	3	0	FALSE
1672	1	3	2	13231.35487	2	0.084897445302	0.003844669	1.09824862	3	0	FALSE
1673	1	3	2	61646.98641	1	0.082021	0	1.1016	3	0	FALSE
1674	1	3	2	73624.35138	2	0.1687530040878	0.111852781	0	3	0	TRUE
1675	5	3	2	71122.78693	2	0.082021	0.2408025	1.1016	3	2005	FALSE
1676	6	3	2	31068.31469	5	0.1394357	0	0.314496	3	0	FALSE
1677	6	3	2	39578.01238	2	0.1275120595266	0.072576896	0.430952482	3	0	FALSE
1678	6	3	999	24558.71934	2	0.1640117293297	0.112060679	0.364522676	3	0	FALSE
1679	6	3	999	8844.270754	2	0.164042	0.11208625	0.364608	3	0	FALSE
1680	6	3	2	19302.92741	2	0.0984252	0.020144167	0.158976	3	0	FALSE
1681	1	3	2	219946.489	1	0.1802159449073	0	0.26722721	3	0	FALSE
1682	1	3	1	421650.478	3	0.131249312763	0.250001317	0	3	2008	TRUE
1683	1	3	1	167792.9454	2	0.1455199570845	0.250002922	0.307338164	3	0	FALSE
1684	1	3	1	459517.2265	2	0.1476515623036	0.250004473	0	3	0	FALSE
1685	1	3	1	258876.4546	2	0.1506128632514	0.250003816	0.323081909	3	0	FALSE
1686	1	3	2	284658.3476	3	0.1432369894917	0.227661159	0.317486072	3	2005	FALSE
1687	4	3	2	617388.9505	3	0.1394357	0.227058824	0.314496	3	2005	FALSE
1688	1	3	2	207070.2551	3	0.1394357	0.227058824	0.314496	3	2005	FALSE
1689	1	3	1	215079.1841	1	0.150557700848	0	0	3	0	FALSE
1690	1	3	2	154239.5085	2	0.1639846369732	0.2304931	0.333465119	3	2006	TRUE
1691	1	3	1	9173.340931	2	0.1349638822716	0.250003099	0.314496	3	0	FALSE
1692	1	3	1	82213.0989	1	0.1015703124694	0	0.838387555	3	0	FALSE
1693	1	3	1	109503.7875	1	0.1394357	0	0.314496	3	0	FALSE
1694	1	3	1	68749.99886	1	0.1394357	0	0.314496	3	0	FALSE
1695	1	3	2	2261.317983	2	0.1581077658862	0.229761648	0.328875114	3	2006	FALSE
1696	1	3	2	299978.6372	3	0.1367685526049	0.084584114	0	3	2008	TRUE
1697	1	3	1	258385.2158	3	0.1013052419229	0.249997274	0.839909027	3	2013	TRUE
1698	1	3	1	223.6778002	2	0.082021	0.25	1.1016	3	0	FALSE
1699	1	3	2	570634.5867	2	0.1378835977522	0.085922608	0	3	2008	TRUE
1700	1	3	1	110.1018074	2	0.082021	0.25	1.1016	3	0	FALSE
1701	1	3	1	292012.8207	2	0.1392954974037	0.250001376	0	3	0	FALSE
1702	5	3	1	14873.91925	4	0.1632630605066	0	0.332827889	3	0	FALSE
1703	1	3	1	301108.2434	1	0.1541354732722	0	0.325771657	3	0	FALSE
1704	1	3	1	133016.3386	3	0.1394357	0.25	0.314496	3	0	FALSE
1705	4	3	1	658436.655	1	0.1395351192945	0	0.314576691	3	0	FALSE
1706	5	3	1	1948564.46	1	0.150210404249	0	0.322821646	3	0	FALSE
1707	1	3	1	921664.9147	1	0.1533907430975	0	0	3	0	FALSE
1708	5	3	2	566903.948	4	0.1535306446768	0	0.326630852	3	0	FALSE
1709	5	3	1	501541.8662	4	0.1638291161349	0	0.3333338	3	0	FALSE
1710	1	3	1	262534.387	4	0.1582431251425	0	0.328951386	3	0	FALSE
1711	5	3	1	586068.4469	4	0.1605599083531	0	0.333616264	3	0	FALSE
1712	1	3	2	88529.92251	2	0.1394357	0.087748529	0.314496	3	0	FALSE
1713	5	3	1	10127.18947	2	0.164042	0.25	0.333504	3	0	FALSE
1714	1	3	1	61682.7377	2	0.1624000248818	0.250002394	0.332141794	3	0	FALSE
1715	1	3	555	15841.80496	999	0.1804462	0	0.266976	3	0	FALSE
1716	1	3	2	26389.84799	2	0.1804462	0.124625	0.266976	3	0	FALSE
1717	1	3	2	16203.42184	2	0.1394357	0.087748529	0.314496	3	0	FALSE
1718	1	3	2	14958.62545	2	0.1394357	0.087748529	0.314496	3	0	FALSE
1719	1	3	2	331481.039	2	0.1394357	0.087748529	0.314496	3	0	FALSE
1720	1	3	555	157424.7178	999	0.1422798807013	0	0.31118016	3	0	FALSE
1721	5	3	2	124641.1081	2	0.1617907097377	0.110166916	0.324987454	3	0	FALSE
1722	1	3	2	239572.9629	2	0.1764186457373	0.121763206	0.27173833	3	0	FALSE
1723	1	3	2	151069.6588	2	0.1790871702649	0.123670057	0.272468806	3	0	FALSE
1724	1	3	555	39874.05745	999	0.082021	0	1.1016	3	0	FALSE
1725	1	3	2	81690.89899	2	0.082021	0.0039795	1.1016	3	0	TRUE
1726	1	3	2	162821.423	2	0.1566377486148	0.105567425	0	3	2015	FALSE
1727	1	3	1	513209.102	1	0.1292254240827	0	0	3	2013	FALSE
1728	5	3	2	87005.48097	2	0.1420856098617	0.090774866	0.344068331	3	0	FALSE
1729	5	3	2	206328.7395	2	0.1111677725862	0.046491426	0.826308006	3	0	FALSE
1730	5	3	2	77511.8412	2	0.1541286343613	0.103216305	0.463483973	3	0	FALSE
1731	5	3	2	66336.30804	2	0.0899213832909	0.003629866	1.032905568	3	0	FALSE
1732	5	3	2	20465.38843	2	0.1720021634765	0.118468784	0.30075756	3	0	FALSE
1733	5	3	2	12745.07354	2	0.1632787552249	0.111441006	0.339886306	3	0	FALSE
1734	5	3	2	28364.47143	2	0.164042	0.11208625	0.333504	3	0	FALSE
1735	1	3	2	16413.25697	2	0.171784419047	0.118302628	0.300510689	3	2008	FALSE
1736	5	3	2	48539.83632	2	0.1689447207934	0.11608798	0.313150926	3	0	FALSE
1737	1	3	2	122930.3391	2	0.1804462	0.124625	0.266976	3	2008	FALSE
1738	1	3	2	294255.2455	2	0.1773670832676	0.122441605	0	3	0	FALSE
1739	1	3	2	347608.0825	2	0.1783346833642	0.123134052	0	3	2008	FALSE
1740	5	3	2	282551.1098	2	0.1553149631394	0.229404313	0.424877313	3	2001	FALSE
1741	5	3	2	43492.33983	2	0.1273174966923	0.072306103	0.670534638	3	0	FALSE
1742	6	3	555	119923.386	999	0.082021	0	1.101599997	3	0	FALSE
1743	6	3	555	11424.09034	999	0.082021	0	1.038951501	3	0	FALSE
1744	1	3	1	404884.1165	3	0.1178577030825	0.249996334	0	3	2011	TRUE
1745	1	3	1	279040.35	1	0.1232318428542	0	0	3	0	TRUE
1746	1	3	1	48.0809447	1	0.082021	0.25	0.438912	3	0	FALSE
1747	1	3	1	1004.770903	1	0.082021	0.25	1.1016	3	0	FALSE
1748	1	3	2	102338.3621	2	0.1453051613099	0.227976977	0	3	2005	FALSE
1749	1	3	1	16279.28391	2	0.1333486189325	0.250002105	0.642334643	3	0	FALSE
1750	1	3	2	107183.6365	2	0.1391124642613	0.08737166	0	3	0	TRUE
1751	1	3	999	38646.4356	2	0.082021	0.0039795	1.1016	3	0	FALSE
1752	1	3	999	6392.696768	2	0.082021	0.0039795	1.1016	3	0	FALSE
1753	1	3	999	3398.991947	2	0.082021	0.0039795	0.915521199	3	0	FALSE
1754	1	3	555	60897.42518	999	0.082021	0	1.1016	3	0	FALSE
1755	5	3	2	35312.15634	2	0.082021	0.2408025	1.1016	3	2006	FALSE
1756	5	3	2	165075.1762	2	0.1616635140315	0.110056994	0	3	0	FALSE
1757	1	3	2	68758.77839	2	0.1671410584981	0.114642932	0	3	0	FALSE
1758	1	3	555	17274.35657	999	0.1804462	0	0.266976	3	0	FALSE
1759	1	3	555	51657.9693	999	0.1389110977851	0	1.840470982	3	0	FALSE
1760	6	3	999	29263.91652	2	0.1038947326553	0.032245598	0.912316966	3	0	FALSE
1761	1	3	555	59813.6391	999	0.0916657214372	0	0	3	0	FALSE
1762	6	3	555	539831.6757	999	0.0690225588032	0	0	3	0	FALSE
1763	6	3	555	50682.10313	999	0.0805834548425	0	1.496751388	3	0	FALSE
1764	5	3	2	12.0025357	2	0.082021	0.0039795	1.1016	3	0	FALSE
1765	1	3	2	40064.98242	2	0.082021	0.0039795	1.1016	3	0	FALSE
1766	1	3	2	1165.264616	2	0.0638528842611	0.005111791	0	3	0	FALSE
1767	6	3	2	25808.12674	2	0.0705652458605	0.004625543	0	3	0	FALSE
1768	6	3	2	75125.39379	2	0.1382809041953	0.086393445	0.330715191	3	0	FALSE
1769	6	3	2	33249.16585	2	0.0324407810578	0.010061489	0	3	0	FALSE
1770	6	3	2	19072.66482	2	0.082021	0.0039795	1.1016	3	2015	FALSE
1771	6	3	555	8698.509148	999	0.0823780849852	0	1.097808564	3	0	FALSE
1772	3	3	555	5916.061979	999	0.101703544101	0	5.909837792	3	0	FALSE
1773	3	3	555	3307.516047	999	0.0753252033619	0	4.374407017	3	0	FALSE
1774	3	3	555	7696.635311	999	0.0492126	0	10.901088	3	0	FALSE
1775	3	3	555	5395.991478	999	0.0492126	0	10.901088	3	0	FALSE
1776	3	3	555	9765.193708	999	0.0492126	0	10.901088	8	0	FALSE
1777	3	3	555	2079.063657	999	0.0492126	0	10.901088	8	0	FALSE
1778	4	3	1	193237.8767	5	0.1147063898255	0	2.433439302	8	0	FALSE
1779	3	3	1	2972.391128	1	0.0492126	0.25	10.901088	8	0	FALSE
1780	3	3	555	17942.53984	999	0.0575622016451	0	10.04608757	8	0	FALSE
1781	3	3	2	282310.0102	2	0.159316590564	0.107995941	0.329312248	8	2008	FALSE
1782	3	3	2	52928.17997	4	0.1558399	0	0.31104	8	0	FALSE
1783	3	3	2	170681.7223	2	0.1623725084768	0.110668801	0.327166512	8	2008	FALSE
1784	3	3	2	31126.99623	3	0.1586842365412	0.107430014	0.330202619	8	2008	FALSE
1785	3	3	2	104402.1816	3	0.1558399	0.104827632	0.31104	8	2008	FALSE
1786	3	3	1	23353.28586	3	0.1585684409338	0.250004349	0.332262156	8	2008	FALSE
1787	3	3	1	96320.45964	5	0.0491975827751	0	0	8	0	FALSE
1788	3	3	1	220.6824313	5	0.0492126	0	10.901088	8	0	FALSE
1789	3	3	1	159.0742777	5	0.0152993681077	0	0	8	0	FALSE
1790	3	3	1	31050.13514	1	0.0492126	0	10.901088	8	0	FALSE
1791	3	3	1	106618.0955	1	0.1179443369435	0	4.484484308	8	0	FALSE
1792	3	3	1	147395.5932	1	0.1122326241623	0	5.098999883	12	0	FALSE
1793	3	3	1	135056.3502	1	0.1379947985431	0	2.770710465	3	0	FALSE
1794	3	3	1	12285.83655	4	0.1478578401973	0	0.346997648	12	0	FALSE
1795	3	3	1	80632.01173	3	0.1362494974702	0.25000695	2.989902572	3	0	FALSE
1796	3	3	1	232653.4408	1	0.1268437794855	0	3.62057334	3	0	FALSE
1797	3	3	1	1011934.563	4	0.166698921837	0	0.311940686	12	0	FALSE
1798	3	3	1	162824.2696	4	0.0833990840336	0	7.580315859	12	0	FALSE
1799	3	3	1	709267.6676	4	0.1611809812077	0	0.321435425	8	0	FALSE
1800	4	3	1	41473.93411	4	0.1591613043058	0	0.329746955	8	0	FALSE
1801	3	3	1	481742.4437	4	0.164042	0	0.333504	8	0	FALSE
1802	4	3	1	1353606.666	4	0.1579023754597	0	0	12	0	FALSE
1803	3	3	1	817.9401408	4	0.164042	0	0.333504	3	0	FALSE
1804	4	3	1	143997.1713	4	0.164042	0	0.333504	12	0	FALSE
1805	4	3	1	546116.6774	1	0.164042	0	0.333504	3	0	FALSE
1806	3	3	555	14106.72141	999	0.1558399	0	0.31104	8	0	FALSE
1807	3	3	555	12527.14387	999	0.1558399	0	0.31104	3	0	FALSE
1808	3	3	555	2199.335696	999	0.1558399	0	0.31104	8	0	FALSE
1809	3	3	555	49537.25427	999	0.1558399	0	0.31104	3	0	FALSE
1810	3	3	555	4866.478392	999	0.1558399	0	0.31104	3	0	FALSE
1811	3	3	555	12698.61249	999	0.1558399	0	0.31104	8	0	FALSE
1812	3	3	555	12947.08885	999	0.1558399	0	0.31104	8	0	FALSE
1813	3	3	555	1668.114121	999	0.1558399	0	0.31104	8	0	FALSE
1814	3	3	555	9099.730455	999	0.1558399	0	0.31104	3	0	FALSE
1815	3	3	555	15028.94806	999	0.156234143779	0	0.312194142	8	0	FALSE
1816	3	3	555	5697.977859	999	0.1558399	0	0.31104	3	0	FALSE
1817	3	3	555	14702.72591	999	0.1574954110438	0	0.315764327	8	0	FALSE
1818	3	3	555	13885.26245	999	0.1636963110126	0	0.332644907	8	0	FALSE
1819	3	3	555	44129.81888	999	0.1586295851286	0	0.318681324	8	0	FALSE
1820	3	3	555	20966.73749	999	0.1558399	0	0.31104	3	0	FALSE
1821	3	3	555	12813.66727	999	0.1558399	0	0.31104	8	0	FALSE
1822	3	3	555	24078.44108	999	0.1558399	0	0.31104	12	0	FALSE
1823	3	3	555	30420.10839	999	0.11869516702	0	2.510075276	3	0	FALSE
1824	3	3	555	11435.62154	999	0.164042	0	0.333504	8	0	FALSE
1825	3	3	555	23583.57889	999	0.164042	0	0.333504	8	0	FALSE
1826	3	3	555	28299.30829	999	0.164042	0	0.333504	3	0	FALSE
1827	3	3	555	29024.64406	999	0.164042	0	0.333504	3	0	FALSE
1828	3	3	555	7567.752977	999	0.164042	0	0.333504	3	0	FALSE
1829	3	3	555	5622.198638	999	0.164042	0	0.333504	3	0	FALSE
1830	3	3	555	36487.49278	999	0.164042	0	0.333504	3	0	FALSE
1831	3	3	555	33589.56173	999	0.164042	0	0.333504	3	0	FALSE
1832	3	3	555	12150.22011	999	0.1600588863555	0	0.322678137	3	0	FALSE
1833	3	3	555	8301.155223	999	0.1629741948477	0	0.330721067	3	0	FALSE
1834	3	3	555	19001.9996	999	0.1562114067376	0	0.312125695	3	0	FALSE
1835	3	3	555	1807.561318	999	0.164042	0	0.333504	3	0	FALSE
1836	3	3	555	18444.2255	999	0.0534455824189	0	10.59731863	3	0	FALSE
1837	3	3	555	21363.16177	999	0.0492126	0	10.901088	3	0	FALSE
1838	3	3	555	8375.027101	999	0.0504738926913	0	10.81908893	3	0	FALSE
1839	3	3	555	4708.001856	999	0.0492126	0	10.901088	3	0	FALSE
1840	3	3	555	68678.74451	999	0.1346233958762	0	2.319783882	3	0	FALSE
1841	3	3	555	13735.41031	999	0.1587459261757	0	0.319124862	3	0	FALSE
1842	3	3	1	62151.85176	5	0.0964234947194	0	0.572023875	3	0	FALSE
1843	3	3	1	221503.0724	5	0.1233551966967	0	0	3	0	FALSE
1844	3	3	1	14960.47347	5	0.0543142028535	0	9.821761226	3	0	FALSE
1845	3	3	1	8352.608806	5	0.0533708916357	0	9.660100305	3	0	FALSE
1846	3	3	1	751.3508015	5	0.0492126	0	10.901088	3	0	FALSE
1847	3	3	1	331.6678622	5	0.0813407293089	0	1.513268806	3	0	FALSE
1848	3	3	1	13673.66867	5	0.0797416249271	0	2.403178693	3	0	FALSE
1849	3	3	1	2389.089549	5	0.0492126	0	10.901088	3	0	FALSE
1850	3	3	1	7590.744573	5	0.0272516232474	0	0	3	0	FALSE
1851	3	3	555	7264.229405	999	0.0364133230156	0	0	3	0	FALSE
1852	3	3	555	3383.504417	999	0.0492126	0	10.901088	3	0	FALSE
1853	3	3	555	1828.536919	999	0.0492126	0	10.901088	3	0	FALSE
1854	3	3	555	2388.406066	999	0.0492126	0	10.901088	3	0	FALSE
1855	3	3	1	40025.71426	1	0.0531910474698	0	10.57368902	3	0	FALSE
1856	4	3	1	125238.9517	4	0.1640351504263	0	0	3	0	FALSE
1857	4	3	1	114284.5058	2	0.1639104719446	0.250000449	0.333404002	3	0	FALSE
1858	4	3	1	57735.38956	1	0.164042	0	0.333504	3	0	FALSE
1859	4	3	1	11684.85427	1	0.164042	0	0.333504	3	0	FALSE
1860	4	3	1	139320.7095	1	0.164042	0	0.333504	3	0	FALSE
1861	3	3	1	87564.21813	4	0.164042	0	0.333504	3	0	FALSE
1862	4	3	1	2423.17784	4	0.164042	0	0.333504	3	0	FALSE
1863	3	3	1	125663.6093	3	0.107900285605	0.249996154	0	3	0	FALSE
1864	3	3	1	49531.34333	3	0.1562329028013	0.250001117	0.863271291	3	0	FALSE
1865	3	3	2	125192.7605	2	0.164042	0.2305	0.333504	3	2006	FALSE
1866	3	3	2	86080.14524	2	0.1558371645997	0.229477712	0	3	2006	FALSE
1867	3	3	2	109125.363	2	0.164042	0.2305	0.333504	3	2006	FALSE
1868	3	3	2	100991.1522	2	0.164042	0.2305	0.333504	3	2006	FALSE
1869	3	3	2	176915.2316	3	0.164042	0.2305	0.333504	3	2005	FALSE
1870	3	3	2	177344.8227	3	0.164042	0.2305	0.333504	3	2005	FALSE
1871	3	3	2	121608.8185	3	0.1611965151649	0.109652032	0	12	0	FALSE
1872	3	3	1	110285.8568	3	0.158996415849	0.250002033	0.349982974	3	0	FALSE
1873	3	3	2	712318.7295	3	0.1635717055296	0.230448175	0.333953045	3	2005	FALSE
1874	3	3	2	267254.7805	3	0.1604074370556	0.230059772	0	3	2005	FALSE
1875	3	3	1	593695.5761	3	0.1639643031471	0.250005913	0	3	0	FALSE
1876	1	3	1	82444.93047	3	0.164042	0.25	0.333504	3	0	FALSE
1877	1	3	2	37554.95736	2	0.1489980986	0.098160848	0.321946126	3	0	FALSE
1878	4	3	1	45740.94608	2	0.1578280947815	0.249994794	0.328617817	3	0	FALSE
1879	1	3	1	15212.47006	2	0.1537471227021	0.250002019	0.325567671	12	0	FALSE
1880	1	3	2	62090.39136	2	0.1636786838795	0.230460418	0.333244855	3	2004	FALSE
1881	1	3	2	85469.22315	2	0.1585375501848	0.229824283	0.329273278	12	2004	FALSE
1882	4	3	1	57814.71863	2	0.1530135145749	0.249994544	0.325013312	12	0	FALSE
1883	4	3	1	24346.73829	2	0.1622801356064	0.249997555	0.332156929	12	0	FALSE
1884	4	3	1	58759.22176	2	0.164042	0.25	0.333504	12	0	FALSE
1885	3	3	1	35463.50862	2	0.164042	0.25	0.333504	3	0	FALSE
1886	4	3	1	69246.96928	2	0.164042	0.25	0.333504	3	0	FALSE
1887	1	3	2	402701.8464	2	0.1377393441386	0.226773603	0.343325613	3	2001	TRUE
1888	1	3	1	6764.647053	2	0.0868470475626	0.249990752	0.580135966	3	0	FALSE
1889	1	3	2	73567.41443	2	0.1562694226515	0.229525282	0.327430004	3	2006	TRUE
1890	1	3	555	40927.15612	4	0.082021	0	1.1016	8	0	FALSE
1891	1	3	1	16007.45902	2	0.1021586704279	0.249996293	0.543849577	12	0	FALSE
1892	1	3	1	85212.71405	1	0.0922752645998	0	0.958392067	3	0	TRUE
1893	1	3	1	1219.7197	1	0.082021	0.25	1.1016	8	0	FALSE
1894	1	3	1	10610.53659	1	0.082021	0.25	1.1016	3	0	FALSE
1895	3	3	1	370962.1389	4	0.0594458844482	0	0	3	2008	FALSE
1896	1	3	1	101486.7037	4	0.0928673963445	0	6.894945982	3	0	FALSE
1897	3	3	1	143125.2715	2	0.0492126	0.25	10.901088	3	0	FALSE
1898	1	3	2	494988.9369	2	0.1216408888991	0.064013538	0	8	2008	FALSE
1899	1	3	2	63095.25648	2	0.082021	0.0039795	1.1016	12	0	FALSE
1900	1	3	2	14425.52647	2	0.0786925894604	0.004147818	1.131371381	12	0	FALSE
1901	1	3	2	7606.152099	2	0.082021	0.0039795	1.1016	3	0	FALSE
1902	1	3	2	18174.77142	2	0.0673176579941	0.004848692	1.307749652	3	0	FALSE
1903	1	3	1	56115.69124	3	0.1638469778481	0.24999721	0.33308317	8	0	FALSE
1904	1	3	1	16584.6517	3	0.161633176104	0.249995989	0.327714069	12	0	FALSE
1905	1	3	1	87.2871689	3	0.1014714574794	0.249991923	0.174715234	3	0	FALSE
1906	1	3	1	83665.47382	3	0.1633225716633	0.249996393	0	3	0	FALSE
1907	1	3	1	260498.8285	3	0.1524369340118	0.249998515	0	3	0	FALSE
1908	1	3	1	212308.631	3	0.1628506343123	0.250003164	0.344155245	12	0	FALSE
1909	1	3	1	121405.6388	3	0.1555502854894	0.250004084	0.411801206	3	0	FALSE
1910	1	3	1	14538.20631	3	0.082021	0.25	1.1016	3	0	FALSE
1911	1	3	1	114.3780108	3	0.082021	0.25	0.990368143	3	0	FALSE
1912	1	3	2	12424.33188	1	0.0860553152538	0	1.089271929	3	2008	FALSE
1913	1	3	2	24063.63915	1	0.0882417728369	0	1.032556112	3	2008	FALSE
1914	1	3	1	119980.8086	1	0.1210501285455	0	0.408373208	3	0	FALSE
1915	1	3	1	22519.62419	1	0.0902231	0	0.379296	3	0	FALSE
1916	1	3	1	176008.0055	1	0.0898103965747	0	0.377393141	3	0	FALSE
1917	1	3	1	36922.44275	1	0.0902231	0	0.379296	12	0	FALSE
1918	1	3	1	52702.16461	1	0.0902231	0	0.379296	3	0	FALSE
1919	1	3	1	24492.74381	1	0.0902273035763	0	0.379283597	3	0	FALSE
1920	1	3	1	11779.22068	1	0.0900867245035	0	0.390950555	12	0	FALSE
1921	1	3	1	14189.09375	1	0.0902231	0	0.379296	3	0	FALSE
1922	1	3	2	107809.3375	1	0.1392980786045	0	0	3	0	FALSE
1923	1	3	2	280827.5812	1	0.1570969038132	0	0	3	0	FALSE
1924	1	3	2	2202.871867	1	0.0960913506799	0.014561318	0.372679685	3	0	FALSE
1925	1	3	1	87185.98242	1	0.1274580995511	0	0.33054925	12	0	FALSE
1926	1	3	2	249172.8614	1	0.1608530653507	0	0	12	0	FALSE
1927	1	3	2	113774.4389	1	0.1580347573537	0	0	12	0	FALSE
1928	1	3	2	110876.0562	2	0.0935837382309	0.008252825	0.961395383	12	0	FALSE
1929	1	3	2	28254.24096	2	0.0832847319958	0.003919117	1.072616026	12	0	FALSE
1930	1	3	2	21826.06311	1	0.1639826766713	0	0.333059208	3	0	FALSE
1931	1	3	1	46206.97565	2	0.1466385717856	0.249997565	0.317065399	3	0	FALSE
1932	1	3	1	89745.06516	1	0.1277465542847	0	0	3	0	FALSE
1933	1	3	1	365927.9507	1	0.1598234426144	0	0	3	0	FALSE
1934	1	3	1	291284.6117	4	0.1502320536919	0	0	3	0	FALSE
1935	1	3	2	38687.81421	3	0.1454179779145	0.094423886	0.334815616	3	0	FALSE
1936	1	3	2	146593.0175	1	0.1299105085863	0	0	3	0	TRUE
1937	1	3	1	10187.93806	3	0.1092235049715	0.250008837	0.387450883	3	0	FALSE
1938	1	3	1	17.80891	1	0.082021	0.25	1.1016	3	0	FALSE
1939	1	3	1	42613.17274	1	0.0842748091272	0	0.667541259	3	0	FALSE
1940	1	3	1	79637.43256	4	0.164042	0	0.333504	12	0	FALSE
1941	1	3	1	124892.6153	2	0.1209341311665	0.249995103	0.733636993	3	0	FALSE
1942	1	3	1	42084.36134	4	0.1409258837747	0	0.547031676	12	0	FALSE
1943	1	3	2	0.3438182	2	0.082021	0.0039795	1.1016	3	0	FALSE
1944	1	3	2	3273.655055	2	0.0899005343729	0.003630708	1.099996082	3	0	FALSE
1945	1	3	2	726.6048268	2	0.082021	0.0039795	1.1016	3	0	FALSE
1946	2	3	1	228051.9612	1	0.1563226477189	0.250001881	0	3	0	FALSE
1947	2	3	1	42251.11507	1	0.1587572549162	0.250004083	0.371167984	3	0	FALSE
1948	2	3	1	81646.84162	1	0.1523406249536	0.249995041	0	3	0	FALSE
1949	2	3	1	22457.51146	1	0.082021	0.25	1.098348079	3	0	FALSE
1950	2	3	1	13271.44253	1	0.0820213772966	0.24999885	1.1016	3	0	FALSE
1951	2	3	1	6429.232471	1	0.0869490398559	0.250004089	1.1016	3	0	FALSE
1952	2	3	1	27.7483259	5	0.082021	0	1.1016	3	0	FALSE
1953	2	3	1	144049.4035	1	0.114573607669	0.250003332	0	12	0	FALSE
1954	2	3	1	11507.49322	1	0.0829522459288	0.250011433	1.101575134	3	0	FALSE
1955	2	3	1	86.3679907	1	0.0973544806416	0.249990355	1.1016	12	0	FALSE
1956	2	3	1	2991.349485	1	0.0605530646017	0.249999004	1.059863396	3	0	FALSE
1957	1	3	2	492845.2606	3	0.164042	0.2305	0.333504	12	2004	FALSE
1958	2	3	1	64205.95581	5	0.1398980154676	0	0	3	0	FALSE
1959	2	3	1	32940.74983	5	0.1491785948328	0	0.377961912	12	0	FALSE
1960	2	3	1	11139.00463	5	0.164042	0	0.333504	12	0	FALSE
1961	1	3	1	10895.64528	5	0.164042	0	0.333504	12	0	FALSE
1962	2	3	1	19178.84033	5	0.1348758794801	0	0.610617085	12	0	FALSE
1963	1	3	1	14153.30612	5	0.1437834675276	0	0.526975838	12	0	FALSE
1964	2	3	1	4505.014442	5	0.082021	0	0.970991333	12	0	FALSE
1965	2	3	1	57220.64184	5	0.082021	0	0.663194345	3	0	FALSE
1966	2	3	1	29110.76165	5	0.1472297504463	0	0	3	0	FALSE
1967	1	3	1	12413.98505	5	0.1561425172997	0	0	3	0	FALSE
1968	2	3	1	28124.21305	5	0.0881863520674	0	3.029198733	3	0	FALSE
1969	3	3	1	7068.684588	5	0.0492126	0	10.901088	3	0	FALSE
1970	1	3	1	22.9078194	5	0.0492126	0	10.901088	3	0	FALSE
1971	2	3	1	79724.26665	5	0.1444927195188	0	0	3	0	FALSE
1972	2	3	1	3161.462727	5	0.1174958854856	0	0.719487594	3	0	FALSE
1973	1	3	2	183327.9318	3	0.1621494646704	0.23026909	0	3	2004	FALSE
1974	1	3	1	461878.2497	3	0.0942175637105	0.249999891	0	3	0	FALSE
1975	1	3	1	82143.20872	3	0.0966286997785	0.250000622	6.562509364	3	0	FALSE
1976	1	3	1	3209.39129	3	0.0272814788914	0.250003172	0	3	0	FALSE
1977	1	3	1	498001.0345	3	0.1464149284058	0.250001295	0	3	0	FALSE
1978	1	3	1	110997.7959	3	0.0827216980211	0.238762771	1.096544839	3	2005	TRUE
1979	1	3	1	16851.48824	3	0.0842859836683	0.249996429	1.073144478	3	0	FALSE
1980	1	3	1	85163.73692	3	0.087861320889	0.224795868	1.074112782	3	2005	TRUE
1981	1	3	1	48673.35103	1	0.0726394429413	0	0.693094346	3	0	TRUE
1982	1	3	1	29755.35192	3	0.0974134734256	0.250007361	0.895026276	3	0	TRUE
1983	1	3	1	211.8233643	3	0.082021	0.25	1.1016	3	0	FALSE
1984	3	3	1	16319.18006	5	0.0505771382655	0	10.901088	3	0	FALSE
1985	1	3	1	2053.131879	5	0.0492126	0	10.901088	3	0	FALSE
1986	1	3	1	97754.26338	5	0.1196547298788	0	0.362367792	3	0	FALSE
1987	1	3	1	8248.544048	5	0.1022096514006	0	0.368075382	3	0	FALSE
1988	1	3	1	7239.805274	5	0.0964022365166	0	0.374088931	3	0	FALSE
1989	1	3	1	195534.9891	3	0.1566083088172	0.250004132	1.003500523	3	0	FALSE
1990	1	3	1	138264.2362	3	0.1624421951588	0.250000608	0.483800284	3	0	FALSE
1991	1	3	1	270422.0577	1	0.1596505833569	0	0.330111464	3	0	TRUE
1992	1	3	2	3870.828645	5	0.0892754457702	0	0.379296	3	0	FALSE
1993	1	3	2	19629.54953	5	0.1587939437297	0	0.364608	12	0	FALSE
1994	1	3	2	14147.90337	5	0.1264860055239	0	0.364608	12	0	FALSE
1995	1	3	2	3693.280439	5	0.1122338183881	0	0.365209693	12	0	FALSE
1996	3	3	2	1077.641793	5	0.1624007647113	0	0.364608	3	0	FALSE
1997	1	3	2	33051.17329	5	0.1578332629247	0	0.364608	3	0	FALSE
1998	3	3	2	8161.80691	5	0.1553859974264	0	0.36615671	12	0	FALSE
1999	1	3	2	8079.610272	5	0.1639242358886	0	0.364617835	3	0	FALSE
2000	3	3	2	12160.08191	5	0.123946311381	0	0.364608	3	0	FALSE
2001	1	3	2	9992.951431	5	0.1479786464676	0	0.364608	3	0	FALSE
2002	3	3	2	26889.28691	5	0.123262162737	0	0.368801862	3	0	FALSE
2003	3	3	2	3043.047329	3	0.163972000818	0.112027804	0.364251199	3	2008	FALSE
2004	3	3	2	5274.05768	3	0.1596441217425	0.108286863	0.337555644	3	0	FALSE
2005	3	3	1	11427.44613	3	0.1630712863863	0.250004393	0.358151608	3	2008	FALSE
2006	1	3	1	1735.098126	3	0.033627836542	0.249999652	0	3	0	FALSE
2007	1	3	1	213029.4474	3	0.1270539451747	0.249993278	0	3	0	TRUE
2008	1	3	1	107.4617169	3	0.082021	0.25	2.4192	3	0	FALSE
2009	1	3	1	1512.64957	3	0.0982565008476	0.24999098	0.371221563	3	0	FALSE
2010	1	3	1	163641.0354	3	0.1245422169119	0.249996928	0	3	0	TRUE
2011	1	3	1	129.8261643	3	0.0902231	0.25	0.379296	3	0	FALSE
2012	1	3	1	59579.44997	1	0.1531928600531	0	0	3	0	FALSE
2013	3	3	1	5025.754245	5	0.1103025387987	0	0	3	0	FALSE
2014	3	3	1	4111.338597	5	0.082021	0	0.616896	3	0	FALSE
2015	3	3	1	45727.00934	5	0.0819890036079	0	0	3	0	FALSE
2016	1	3	1	1673.024124	2	0.1610040110576	0.250004987	0	3	0	FALSE
2017	1	3	1	7895.954261	1	0.1070228028014	0.249995791	0	22	0	FALSE
2018	4	3	555	4070.688593	5	0.0499412565194	0	10.901088	22	0	FALSE
2019	4	3	1	5508.961314	2	0.1441063169474	0.249993716	0.518603819	29	0	FALSE
2020	4	3	555	631.5641073	5	0.0492126	0	10.901088	22	0	FALSE
2021	5	3	1	3.1647075	2	0.082021	0.25	0.616896	29	0	FALSE
2022	1	3	1	19.4754768	2	0.164042	0.25	0.333504	3	0	FALSE
2023	5	3	1	818.9916958	4	0.164042	0	0.333504	3	0	FALSE
2024	4	3	1	1.2955937	4	0.1394357	0	0.314496	22	0	FALSE
2025	4	3	1	125.8602651	4	0.1394357	0	0.314496	3	0	FALSE
2026	5	3	1	11807.51063	4	0.158567590376	0	0.32942524	19	0	FALSE
2027	5	3	2	957.5088678	4	0.164042	0	0.333504	19	0	FALSE
2028	5	3	2	14702.47029	4	0.1604630087437	0	0	19	0	FALSE
2029	1	3	555	22975.58617	999	0.1516403714864	0	0	19	0	FALSE
2030	5	3	2	77.5202269	2	0.082021	0.0039795	1.1016	3	0	FALSE
2031	1	3	2	2931.07834	2	0.0788418750623	0.004139965	0	3	0	FALSE
2032	3	3	1	2857.390883	4	0.164042	0	0.333504	3	0	FALSE
2033	3	3	1	2168.636094	4	0.164042	0	0.333504	22	0	FALSE
2034	3	3	2	1073.702929	2	0.164042	0.11208625	0.333504	22	0	FALSE
2035	4	3	1	2460.614059	2	0.1542875959805	0.250003414	0.325879237	3	0	FALSE
2036	3	3	1	3899.130522	4	0.145534355871	0	2.039858777	3	0	FALSE
2037	3	3	1	638.6629077	2	0.0492126	0.25	10.901088	3	0	FALSE
2038	2	3	1	2190.836068	5	0.0492126	0	10.901088	3	0	FALSE
2039	1	3	1	929.9860649	3	0.0345208893921	0.25000079	0	3	0	FALSE
2040	3	3	1	161.2669447	5	0.0492126	0	10.901088	3	0	FALSE
2041	3	3	2	123.1085764	5	0.164042	0	0.364608	3	0	FALSE
2042	3	3	2	442.6241058	5	0.1451105869926	0	0.364608	3	0	FALSE
2043	1	3	1	1710.324568	3	0.0868136797794	0.249992359	0	3	0	FALSE
2044	5	3	555	77268.03249	5	0.0492126	0	10.901088	3	0	FALSE
2045	1	3	1	22838.07273	999	0.082021	0.25	1.1016	3	0	TRUE
2046	1	6	555	12920.08065	999	0	0	0	3	0	FALSE
2047	1	6	555	2846.085134	999	0	0	0	22	0	FALSE
2048	1	6	555	1015.172664	999	0	0	0	22	0	FALSE
2049	1	6	555	479.5867505	999	0	0	0	3	0	FALSE
2050	1	6	555	1426.738686	999	0	0	0	22	0	FALSE
2051	1	6	555	55.4088763	999	0	0	0	22	0	FALSE
2052	1	6	555	420.6959143	999	0	0	0	3	0	FALSE
2053	1	6	555	8744.613465	999	0	0	0	3	0	FALSE
2054	1	6	555	3108.212413	999	0	0	0	3	0	FALSE
2055	1	6	555	2388.148662	999	0	0	0.379296	22	0	FALSE
2056	1	6	555	2290.305306	999	0	0	0.379296	3	0	FALSE
2057	1	6	555	1313.931525	999	0	0	0.379296	3	0	FALSE
2058	1	6	555	227.883598	999	0.0492126	0	10.901088	19	0	FALSE
2059	1	6	555	74.2711317	999	0.0550906808968	0	0.11232	22	0	FALSE
2060	1	6	555	137790.316	999	0.0302614593017	0	0	19	0	FALSE
2061	8	6	555	28207.71002	999	0.0761669332116	0	0	19	0	FALSE
2062	1	6	555	1019.171028	999	0.0699297159845	0	0	22	0	FALSE
2063	6	6	555	5682.598566	5	0.1394357	0	0.314496	22	0	FALSE
2064	6	6	555	2217.751175	999	0.0211902705272	0	0	22	0	FALSE
2065	6	6	555	6450.55584	999	0.0310810443017	0	0	22	0	FALSE
2066	1	6	555	2223.876883	999	0.0492126	0	10.901088	22	0	FALSE
2067	5	6	555	3358.635375	999	0	0	0	22	0	FALSE
2068	1	6	555	62852.40473	999	0.006708903594	0	0	22	0	FALSE
2069	1	6	555	4712.305583	999	0	0	0	22	0	FALSE
2070	5	6	555	3431.765543	999	0.082021	0	1.1016	22	0	FALSE
2071	6	6	555	5429.719954	999	0.0296528716838	0	0	22	0	FALSE
2072	6	6	555	1089.769029	999	0.0471224301497	0	0	3	0	FALSE
2073	6	6	555	18209.93445	999	0.1247513269907	0	2.254565626	22	0	FALSE
2074	1	6	555	9590.179376	999	0.1571717750426	0	0.293889601	3	0	FALSE
2075	1	6	555	1043.497425	999	0.082021	0	1.1016	22	0	FALSE
2076	5	6	555	10523.66426	999	0.0101051413995	0	0	22	0	FALSE
2077	1	6	555	12857.21275	999	0.0413120297013	0	0	12	0	FALSE
2078	1	6	555	30650.74886	999	0	0	0	12	0	FALSE
2079	3	6	555	2583.330765	999	0.1473384085862	0	0.31282318	12	0	FALSE
2080	3	6	555	1922.627713	999	0.1558399	0	0.31104	12	0	FALSE
2081	3	6	555	3536.53495	999	0.0171629213169	0	0	12	0	FALSE
2082	3	6	555	1732.384389	999	0.164042	0	0.333504	12	0	FALSE
2083	3	6	555	192.6384755	999	0.164042	0	0.333504	12	0	FALSE
2084	3	6	555	456.6777742	999	0.164042	0	0.333504	12	0	FALSE
2085	1	6	555	551.6254991	999	0.164042	0	0.333504	19	0	FALSE
2086	1	6	555	679.8753333	999	0.082021	0	1.1016	19	0	FALSE
2087	1	6	555	274.6130602	999	0.082021	0	1.1016	19	0	FALSE
2088	1	6	555	1200.736284	999	0.0001154937701	0	0	12	0	FALSE
2089	1	6	555	1497.093584	999	0	0	0	12	0	FALSE
2090	2	6	555	1447.630153	999	0.082021	0	1.1016	12	0	FALSE
2091	3	6	555	1080.745451	999	0	0	0	12	0	FALSE
2092	1	6	555	8682.555216	999	0.001575849788	0	0	12	0	FALSE
2093	3	6	555	5788.348692	999	0.0086457343646	0	0	8	0	FALSE
2094	1	6	555	17739.2123	999	0.0147141318685	0	0	3	0	TRUE
2095	1	6	555	1315.735162	999	0.0177549037834	0	0	12	0	FALSE
2096	3	6	555	3689.238056	999	0.0529985392616	0	0	12	0	FALSE
2097	3	6	555	22655.55612	999	0.0064819949581	0	0	8	0	FALSE
2098	1	6	555	1986.162623	999	0	0	0	12	0	FALSE
2099	1	6	555	3029.371384	999	0.1068369735631	0	0.761521539	8	0	FALSE
2100	1	6	555	48.1619996	999	0.1371209295847	0	0	12	0	FALSE
2101	1	6	555	454.2249565	999	0	0	0	3	0	FALSE
2102	1	6	555	36785.90778	999	0.0044873697302	0	0	3	0	FALSE
2103	1	6	555	13246.20206	999	0.0408344460246	0	0	3	0	FALSE
2104	1	6	555	32844.84712	999	5.1755251e-05	0	0	12	0	FALSE
2105	1	6	555	974.6423979	999	0	0	0	12	0	FALSE
2106	1	6	555	10592.72726	999	0.0309119514485	0	0	3	0	FALSE
2107	1	6	555	9177.254867	999	0.0050836443556	0	0	3	0	FALSE
2108	1	6	555	9632.820121	999	0.0249247777005	0	0	22	0	FALSE
2109	1	6	555	16620.21193	999	0.0018779659394	0	0	3	0	FALSE
2110	1	6	555	755.4698278	999	0.0823809311139	0	1.097138562	3	0	FALSE
2111	1	6	555	802.2284006	999	0	0	0	3	0	FALSE
2112	1	6	555	9707.442961	999	0.0012399475462	0	0	3	0	FALSE
2113	1	6	555	4438.543211	999	0	0	0	3	0	FALSE
2114	1	6	555	55483.6068	999	0.0099220688871	0	0	3	0	FALSE
2115	1	6	555	1675.489108	999	0	0	0	3	0	FALSE
2116	1	6	555	1256.494986	999	0.0191668190189	0	0	3	0	FALSE
2117	5	6	555	231.4676457	999	0	0	0	3	0	FALSE
2118	5	6	555	295.9266605	999	0.1695290170719	0	0	3	0	FALSE
2119	1	6	555	1105.468233	999	0	0	0	3	0	FALSE
