  -1837  32  0  0  8.64E+04  1.00E-04  50  101  1  0  0  0  #sugar  creek  version
    1  428  183    1    1   100.7800       967.4270      0.2119000E-01   1.000000       9.856819    
    1  428  182    1    2   100.5600       966.4670      0.2119000E-01   1.000000       9.856819    
    1  428  181    1    3   103.3100       965.3080      0.2007000E-01   1.000000       9.856819    
    1  428  180    1    4   101.5600       964.4600      0.1078000E-01   1.000000       9.856819    
    1  428  179    1    5   106.2200       964.2300      0.1170000E-01   1.000000       9.856819    
    1  428  178    1    6   106.4200       963.2900      0.3160000E-01   1.000000       9.854273    
    1  428  177    1    7   107.4800       961.0700      0.2220000E-01   1.000000       9.855970    
    1  427  177    1    8   10.52000       961.0700      0.8230000E-02   1.000000       9.856819    
    1  427  176    1    9   101.1900       960.2470      0.1544000E-01   1.000000       9.856819    
    1  427  175    1   10   100.8400       959.5260      0.1061000E-01   1.000000       9.856819    
    1  427  174    1   11   101.0900       959.1860      0.2256000E-01   1.000000       9.856819    
    1  428  173    1   12   43.91000       957.2700      0.2226000E-01   1.000000       9.856819    
    1  427  173    1   13   63.89000       956.9600      0.8700000E-02   1.000000       9.856819    
    1  427  172    1   14   126.3500       956.4000      0.5600000E-02   1.000000       9.856819    
    1  427  171    1   15   6.590000       956.4000      0.1965000E-01   1.000000       9.856819    
    1  426  171    1   16   120.0100       954.4350      0.1965000E-01   1.000000       9.856819    
    1  426  170    1   17   41.02000       954.4350      0.1174000E-01   1.000000       9.856819    
    1  425  170    1   18   97.48000       953.2610      0.1495000E-01   1.000000       9.856819    
    1  425  169    1   19   35.76000       952.9400      0.7810000E-02   1.000000       9.856819    
    1  424  169    1   20   104.2800       952.4800      0.1246000E-01   1.000000       9.856819    
    1  423  169    1   21   105.7600       951.6940      0.7860000E-02   1.000000       9.856819    
    1  423  168    1   22   24.47000       951.6940      0.7540000E-02   1.000000       9.856819    
    1  422  168    1   23   114.8400       950.9400      0.7540000E-02   1.000000       9.856819    
    1  422  167    1   24   26.02000       950.9400      0.1240000E-02   1.000000       9.856819    
    1  421  167    1   25   113.5500       950.8160      0.1240000E-02   1.000000       9.856819    
    1  421  166    1   26   31.14000       950.8160      0.7260000E-02   1.000000       9.856819    
    1  420  166    1   27   111.7100       950.0900      0.7260000E-02   1.000000       9.856819    
    1  420  165    1   28   26.65000       950.0900      0.9200000E-02   1.000000       9.856819    
    1  419  165    1   29   114.9900       949.1700      0.2760000E-01   1.000000       9.856819    
    1  419  164    1   30   31.17000       947.3300      0.3622000E-01   1.000000       9.856819    
    1  418  164    1   31   85.66000       945.5480      0.2810000E-01   1.000000       9.856819    
    1  418  163    1   32   121.0100       944.5200      0.1050000E-01   1.000000       9.856819    
    1  417  163    1   33   28.63000       944.4980      0.4000000E-02   1.000000       9.856819    
    1  417  162    1   34   100.7700       944.1200      0.1154000E-01   1.000000       9.856819    
    1  416  162    1   35   106.1800       943.3440      0.1110000E-01   1.000000       9.856819    
    1  415  162    1   36   15.00000       943.0100      0.1124000E-01   1.000000       9.856819    
    1  415  161    1   37   103.4900       942.2200      0.2000000E-01   1.000000       9.856819    
    1  414  161    1   38   110.1300       941.0100      0.1993000E-01   1.000000       9.856819    
    1  413  161    1   39   100.0300       940.2270      0.2096000E-01   1.000000       9.856819    
    1  412  161    1   40   101.9600       938.9140      0.2306000E-01   1.000000       9.856819    
    1  411  161    1   41   110.1600       937.9210      0.1814000E-01   1.000000       9.856819    
    1  410  161    1   42   36.61000       937.1000      0.1637000E-01   1.000000       9.856819    
    1  410  160    1   43   130.1700       936.2840      0.1070000E-01   1.000000       9.856819    
    1  410  159    1   44   23.02000       936.0300      0.8460000E-02   1.000000       9.856819    
    1  409  159    1   45   149.3200       935.4380      0.1648000E-01   1.000000       9.856819    
    1  408  159    1   46   23.85000       934.3820      0.2220000E-01   1.000000       9.856819    
    1  408  158    1   47   139.0300       933.2180      0.1659000E-01   1.000000       9.856819    
    1  407  158    1   48   93.77000       932.7230      0.4950000E-02   1.000000       9.856819    
    1  407  157    1   49   15.43000       932.7230      0.7130000E-02   1.000000       9.856819    
    1  406  157    1   50   116.6300       932.0100      0.1973000E-01   1.000000       9.856819    
    1  405  157    1   51   102.9800       930.7500      0.1460000E-01   1.000000       9.856819    
    1  404  157    1   52   100.7400       930.5500      0.9100000E-02   1.000000       9.856819    
    1  403  157    1   53   101.2000       929.8400      0.1595000E-01   1.000000       9.856819    
    1  402  157    1   54   101.0600       928.9550      0.1928000E-01   1.000000       9.856819    
    1  401  157    1   55   104.3600       927.9120      0.2035000E-01   1.000000       9.856819    
    1  400  157    1   56   103.3600       926.9200      0.2092000E-01   1.000000       9.856819    
    1  399  157    1   57   114.1900       925.8200      0.1770000E-01   1.000000       9.856819    
    1  398  157    1   58   72.57000       925.1500      0.7800000E-02   1.000000       9.856819    
    1  398  156    1   59   47.18000       925.0400      0.1010000E-01   1.000000       9.856819    
    1  397  156    1   60   111.5400       924.1400      0.1509900E-01   1.000000       9.856819    
    1  396  156    1   61   57.76000       923.5300      0.1444000E-01   1.000000       9.856819    
    1  396  155    1   62   86.72000       922.6960      0.9600000E-02   1.000000       9.856819    
    1  395  155    1   63   104.7300       922.5700      0.1836000E-01   1.000000       9.856819    
    1  394  155    1   64   101.6200       920.8600      0.1710000E-01   1.000000       9.856819    
    1  393  155    1   65   11.48000       920.8600      0.3100000E-02   1.000000       9.856819    
    1  393  154    1   66   99.74000       920.5500      0.7800000E-02   1.000000       9.856819    
    1  392  154    1   67   107.5500       920.0800      0.7200000E-02   1.000000       9.856819    
    1  391  154    1   68   31.29000       919.8300      0.7700000E-02   1.000000       9.856819    
    1  391  153    1   69   114.6100       919.3100      0.1944000E-01   1.000000       9.856819    
    1  391  152    1   70   100.0700       917.8860      0.1424000E-01   1.000000       9.856819    
    1  390  152    1   71   8.240000       917.8860      0.5760000E-02   1.000000       9.856819    
    1  390  151    1   72   112.7800       917.3100      0.9960000E-02   1.000000       9.856819    
    1  389  151    1   73   104.4200       916.8900      0.1510000E-01   1.000000       9.856819    
    1  388  151    1   74   45.92000       915.8000      0.1090000E-01   1.000000       9.856819    
    1  388  150    1   75   65.11000       915.8000      0.5400000E-02   1.000000       9.856819    
    1  387  150    1   76   131.3900       915.2600      0.7600000E-02   1.000000       9.856819    
    1  386  150    1   77   15.88000       915.0400      0.2059000E-01   1.000000       9.856819    
    1  386  149    1   78   143.2500       913.2010      0.2405000E-01   1.000000       9.856819    
    1  386  148    1   79   52.14000       912.6350      0.1484000E-01   1.000000       9.856819    
    1  392  146    2    1   76.83000       924.1760      0.9694437E-02   1.000000       6.284136    
    1  391  146    2    2   101.5900       923.2390      0.9694437E-02   1.000000       6.284136    
    1  390  146    2    3   102.9300       922.3200      0.7721151E-02   1.000000       6.284136    
    1  387  147    2    4   23.80000       921.7770      0.1410678E-01   1.000000       6.284136    
    1  389  146    2    5   71.34000       920.2590      0.1082095E-01   1.000000       6.284136    
    1  389  147    2    6   46.74000       920.2480      0.5373817E-02   1.000000       6.284136    
    1  388  147    2    7   117.9000       919.4360      0.1053613E-01   1.000000       6.284136    
    1  387  148    2    8   91.91000       918.8920      0.9163588E-02   1.000000       6.284136    
    1  386  148    2    9   90.06000       918.0720      0.9163588E-02   1.000000       6.284136    
    1  386  148    3    1   29.84000       912.6350      0.1484000E-01   1.000000       7.155761    
    1  385  148    3    2   34.08000       911.7170      0.9180000E-02   1.000000       7.155761    
    1  385  147    3    3   85.92000       911.7170      0.4770000E-02   1.000000       7.155761    
    1  384  147    3    4   103.5200       911.2400      0.1988000E-01   1.000000       7.155761    
    1  383  147    3    5   100.3900       909.7290      0.2086000E-01   1.000000       7.155761    
    1  382  147    3    6   17.23000       909.1540      0.1308000E-01   1.000000       7.155761    
    1  382  147    4    1   84.49000       909.1540      0.1308000E-01   1.000000       6.890345    
    1  381  147    4    2   101.8000       908.4210      0.1677000E-01   1.000000       6.890345    
    1  380  147    4    3   102.3500       907.4770      0.1671000E-01   1.000000       6.890345    
    1  379  147    4    4   62.77000       906.7500      0.7270000E-02   1.000000       6.890345    
    1  379  148    4    5   76.45000       906.7500      0.7100000E-02   1.000000       6.890345    
    1  378  148    4    6   103.1200       906.0400      0.7500000E-02   1.000000       6.885598    
    1  377  148    4    7   100.5000       906.0000      0.1391000E-01   1.000000       6.883818    
    1  376  148    4    8   100.8400       904.6490      0.2727000E-01   1.000000       6.890345    
    1  375  148    4    9   117.4900       903.2730      0.1379000E-01   1.000000       6.890345    
    1  374  148    4   10   1.120000       903.2700      0.1000000E-03   1.000000       6.890345    
    1  374  149    4   11   107.9800       903.2700      0.1165000E-01   1.000000       6.867798    
    1  373  149    4   12   100.3300       902.1050      0.1389000E-01   1.000000       6.733112    
    1  372  149    4   13   102.6600       901.8810      0.1385000E-01   1.000000       6.862458    
    1  371  149    4   14   101.1600       900.7200      0.2251000E-01   1.000000       6.820332    
    1  370  149    4   15   100.0600       899.6300      0.1710000E-01   1.000000       4.249254    
    1  369  149    4   16   105.5700       899.0100      0.1150000E-01   1.000000       3.664764    
    1  368  149    4   17   58.11000       898.4800      0.1070000E-01   1.000000       6.740826    
    1  368  148    4   18   61.69000       897.9400      0.1170000E-01   1.000000       6.890345    
    1  367  148    4   19   100.5100       897.3100      0.1522000E-01   1.000000       6.890345    
    1  366  148    4   20   106.5800       896.4180      0.2031000E-01   1.000000       6.890345    
    1  365  148    4   21   102.5300       895.2790      0.1518000E-01   1.000000       6.890345    
    1  364  148    4   22   102.4400       894.9000      0.1028000E-01   1.000000       6.890345    
    1  363  148    4   23   65.80000       894.2510      0.6490000E-02   1.000000       6.890345    
    1  363  147    4   24   46.14000       894.2510      0.1000000E-03   1.000000       6.890345    
    1  362  147    4   25   105.6200       894.2510      0.7120000E-02   1.000000       6.890345    
    1  361  147    4   26   104.9000       893.5390      0.1860000E-01   1.000000       6.890345    
    1  360  147    4   27   69.45000       892.3910      0.1148000E-01   1.000000       6.890345    
    1  360  148    4   28   44.39000       892.3910      0.6210000E-02   1.000000       6.890345    
    1  359  148    4   29   110.4300       891.7700      0.1181000E-01   1.000000       6.890345    
    1  358  148    4   30   108.6600       891.2100      0.5600000E-02   1.000000       6.890345    
    1  357  148    4   31   36.34000       891.2100      0.1723000E-01   1.000000       6.890345    
    1  357  147    4   32   113.1500       889.4870      0.1723000E-01   1.000000       6.890345    
    1  357  146    4   33   40.48000       889.4870      0.1000000E-03   1.000000       6.890345    
    1  356  146    4   34   102.5700       889.4870      0.1470000E-02   1.000000       6.890345    
    1  355  146    4   35   101.0500       889.3400      0.8670000E-02   1.000000       6.890345    
    1  354  146    4   36   101.3700       888.6200      0.2106000E-01   1.000000       6.554520    
    1  353  146    4   37   108.7400       887.2340      0.1873000E-01   1.000000       1.117300    
    1  352  147    4   38   34.88000       886.7470      0.9440000E-02   1.000000       1.123530    
    1  352  146    4   39   73.99000       886.2900      0.1568000E-01   1.000000       1.157528    
    1  351  146    4   40   21.92000       885.1790      0.1111000E-01   1.000000       6.657166    
    1  351  146    5    1   92.48000       885.1790      0.1110000E-02   1.000000       8.216990    
    1  350  146    5    2   35.43000       885.0680      0.4060000E-02   1.000000       8.498214    
    1  350  145    5    3   73.14000       884.7730      0.1293000E-01   1.000000       8.503340    
    1  349  145    5    4   100.6000       883.7750      0.1527000E-01   1.000000       8.390558    
    1  348  145    5    5   91.67000       883.2460      0.5290000E-02   1.000000       4.861719    
    1  348  146    5    6   15.54000       883.2460      0.3650000E-02   1.000000       5.384985    
    1  347  146    5    7   104.1700       882.8810      0.9120000E-02   1.000000       3.299539    
    1  346  146    5    8   48.40000       882.3340      0.1048000E-01   1.000000       7.115020    
    1  346  145    5    9   111.1000       881.8330      0.1014000E-01   1.000000       7.843491    
    1  345  145    5   10   7.880000       881.3200      0.5130000E-02   1.000000       8.485031    
    1  345  144    5   11   102.8200       881.3200      0.4080000E-02   1.000000       8.498946    
    1  344  144    5   12   75.77000       880.9120      0.1171000E-01   1.000000       8.453540    
    1  344  145    5   13   110.6600       880.1490      0.7630000E-02   1.000000       8.424978    
    1  344  146    5   14   22.98000       880.1490      0.3400000E-02   1.000000       8.097617    
    1  343  146    5   15   104.1500       879.8090      0.6610000E-02   1.000000       3.916839    
    1  342  146    5   16   49.04000       879.4880      0.5780000E-02   1.000000       1.646620    
    1  342  145    5   17   53.99000       879.2310      0.1060000E-01   1.000000       1.690708    
    1  341  145    5   18   108.7500       878.4280      0.1262000E-01   1.000000       1.628531    
    1  340  145    5   19   65.52000       877.9690      0.4590000E-02   1.000000       1.463020    
    1  340  144    5   20   71.56000       877.9690      0.6760000E-02   1.000000       1.439072    
    1  339  144    5   21   104.6800       877.2930      0.1407000E-01   1.000000       1.946006    
    1  338  144    5   22   102.7100       876.5620      0.1118000E-01   1.000000       5.627833    
    1  337  144    5   23   110.6200       876.1750      0.9460000E-02   1.000000       5.996352    
    1  336  144    5   24   5.130000       875.6160      0.5590000E-02   1.000000       2.617500    
    1  336  145    5   25   99.27000       875.6160      0.5500000E-03   1.000000       3.608372    
    1  335  145    5   26   9.200000       875.5610      0.8020000E-02   1.000000       1.775734    
    1  335  144    5   27   102.8300       874.8140      0.1320000E-01   1.000000       1.709163    
    1  334  144    5   28   101.9600       874.2410      0.1047000E-01   1.000000       1.616887    
    1  333  144    5   29   113.3000       873.7670      0.1344000E-01   1.000000       4.066165    
    1  332  143    5   30   126.2900       872.8970      0.1098000E-01   1.000000       5.897265    
    1  331  143    5   31   101.0400       872.6690      0.6000000E-02   1.000000       1.411096    
    1  331  142    5   32   10.63000       872.2970      0.1373000E-01   1.000000       1.386489    
    1  330  142    5   33   139.5500       871.2960      0.1545000E-01   1.000000       1.341962    
    1  329  142    5   34   101.3600       870.7520      0.5440000E-02   1.000000       1.354705    
    1  328  142    5   35   49.51000       870.7520      0.8520000E-02   1.000000       1.394765    
    1  328  141    5   36   77.82000       869.9000      0.8520000E-02   1.000000       1.351263    
    1  327  141    5   37   55.18000       869.9000      0.4160000E-02   1.000000       1.295091    
    1  327  140    5   38   133.1800       869.4840      0.1046000E-01   1.000000       1.331563    
    1  326  140    5   39   110.2700       868.8540      0.1190000E-01   1.000000       1.306956    
    1  325  140    5   40   102.5300       868.2940      0.9320000E-02   1.000000       1.247415    
    1  324  140    5   41   101.0300       867.9220      0.7280000E-02   1.000000       1.238627    
    1  323  140    5   42   100.8400       867.5660      0.9120000E-02   1.000000       1.327388    
    1  322  140    5   43   100.3000       867.0100      0.1032000E-01   1.000000       1.357268    
    1  321  140    5   44   100.1200       866.5340      0.1035000E-01   1.000000       1.357927    
    1  320  140    5   45   112.8400       865.9750      0.5590000E-02   1.000000       1.354412    
    1  319  140    5   46   93.66000       865.9750      0.7710000E-02   1.000000       1.349798    
    1  319  139    5   47   73.61000       865.2040      0.7710000E-02   1.000000       2.598898    
    1  318  139    5   48   38.56000       865.2040      0.2720000E-02   1.000000       5.121631    
    1  318  138    5   49   30.39000       864.9320      0.4040000E-02   1.000000       8.383234    
    1  319  138    5   50   94.71000       864.8000      0.1320000E-02   1.000000       8.354673    
    1  319  137    5   51   65.48000       864.8000      0.5740000E-02   1.000000       8.350278    
    1  318  137    5   52   94.21000       864.2260      0.5740000E-02   1.000000       8.426443    
    1  318  136    5   53   48.36000       864.2260      0.7010000E-02   1.000000       8.096152    
    1  317  136    5   54   116.1700       863.5250      0.1190000E-01   1.000000       7.754144    
    1  316  136    5   55   100.1600       863.0360      0.6560000E-02   1.000000       7.472188    
    1  315  136    5   56   100.1200       862.8690      0.1670000E-02   1.000000       7.513932    
    1  314  136    5   57   26.14000       862.8690      0.6690000E-02   1.000000       7.797353    
    1  314  135    5   58   109.3000       862.2000      0.6690000E-02   1.000000       8.184767    
    1  313  135    5   59   32.41000       862.2000      0.4300000E-02   1.000000       8.279240    
    1  313  134    5   60   108.8900       861.7700      0.8630000E-02   1.000000       8.359067    
    1  313  133    5   61   101.8000       861.3370      0.6250000E-02   1.000000       7.948950    
    1  313  132    5   62   102.2300       861.1450      0.1920000E-02   1.000000       1.742559    
    1  313  131    5   63   5.490000       861.1450      0.2730000E-02   1.000000       1.375064    
    1  312  131    5   64   125.2800       860.8720      0.8320000E-02   1.000000       1.374552    
    1  311  131    5   65   100.6600       860.3130      0.1029000E-01   1.000000       1.358953    
    1  310  131    5   66   100.6700       859.8430      0.8190000E-02   1.000000       1.388613    
    1  309  131    5   67   101.7600       859.4940      0.3790000E-02   1.000000       1.389785    
    1  308  131    5   68   89.57000       859.4640      0.2640000E-02   1.000000       1.239213    
    1  308  130    5   69   24.92000       859.2300      0.7150000E-02   1.000000       1.176670    
    1  307  130    5   70   100.3400       858.7490      0.5900000E-02   1.000000       1.071578    
    1  307  129    5   71   63.41000       858.6400      0.4470000E-02   1.000000       1.005593    
    1  306  129    5   72   106.0900       858.3020      0.4910000E-02   1.000000       1.116251    
    1  305  129    5   73   20.48000       858.1490      0.2940000E-02   1.000000       1.179087    
    1  305  130    5   74   121.7300       858.0080      0.7500000E-02   1.000000       1.233427    
    1  304  130    5   75   116.9100       857.3990      0.6090000E-02   1.000000       1.236869    
    1  303  130    5   76   47.09000       857.3990      0.1000000E-03   1.000000       1.238554    
    1  304  129    5   77   40.96000       857.3990      0.1490000E-02   1.000000       1.230205    
    1  303  129    5   78   67.35000       857.2500      0.3330000E-02   1.000000       1.236650    
    1  303  128    5   79   80.51000       857.0660      0.1840000E-02   1.000000       1.239066    
    1  302  128    5   80   47.50000       857.0660      0.1840000E-02   1.000000       1.237821    
    1  341  109    6    1   116.8000       901.4100      0.2900000E-01   1.000000       7.816848    
    1  340  109    6    2   101.1000       899.9950      0.2900000E-01   1.000000       7.936592    
    1  339  109    6    3   52.62000       898.5100      0.1485000E-01   1.000000       7.946171    
    1  339  108    6    4   64.32000       898.5100      0.1559000E-01   1.000000       6.736900    
    1  338  109    6    5   106.4000       896.9510      0.2650000E-01   1.000000       7.946171    
    1  337  109    6    6   80.65000       895.8600      0.1091000E-01   1.000000       7.946171    
    1  337  108    6    7   37.71000       895.8600      0.8370000E-02   1.000000       7.946171    
    1  336  109    6    8   82.61000       895.0230      0.1140000E-01   1.000000       7.946171    
    1  336  108    6    9   45.10000       894.7200      0.2526000E-01   1.000000       7.946171    
    1  335  108    6   10   106.6000       892.4970      0.3721000E-01   1.000000       7.946171    
    1  334  108    6   11   4.910000       890.9990      0.3721000E-01   1.000000       7.946171    
    1  336  106    7    1   109.7700       896.2000      0.2431000E-01   1.000000       9.012786    
    1  335  106    7    2   14.31000       895.8100      0.2431000E-01   1.000000       9.012786    
    1  335  107    7    3   112.3900       893.7690      0.3313000E-01   1.000000       9.012786    
    1  335  108    7    4   68.03000       892.4970      0.2770000E-01   1.000000       9.012786    
    1  334  108    7    5   5.410000       890.9990      0.1498000E-01   1.000000       9.012786    
    1  334  108    8    1   99.13000       890.9990      0.1531000E-01   1.000000       10.35976    
    1  333  108    8    2   104.3800       889.4680      0.2572000E-01   1.000000       10.35976    
    1  332  108    8    3   100.4800       888.4270      0.2189000E-01   1.000000       5.309409    
    1  331  108    8    4   102.1700       887.2790      0.2041000E-01   1.000000       1.690943    
    1  330  108    8    5   105.4300       886.3860      0.1973000E-01   1.000000       1.640986    
    1  329  108    8    6   108.2100       885.3060      0.2235000E-01   1.000000       1.803345    
    1  328  108    8    7   117.2100       884.1510      0.1956000E-01   1.000000       1.663645    
    1  327  108    8    8   104.7600       883.3500      0.2475000E-01   1.000000       10.35976    
    1  326  108    8    9   6.050000       882.5130      0.2701000E-01   1.000000       10.16082    
    1  326  109    8   10   137.7200       881.6760      0.2701000E-01   1.000000       6.184631    
    1  325  109    8   11   6.780000       880.6490      0.1189000E-01   1.000000       2.242517    
    1  325  110    8   12   95.53000       880.4870      0.1767000E-01   1.000000       1.800312    
    1  324  110    8   13   129.4900       878.8820      0.1605000E-01   1.000000       1.681754    
    1  324  111    8   14   20.99000       878.8820      0.8240000E-02   1.000000       1.669979    
    1  323  111    8   15   127.9600       878.0580      0.8240000E-02   1.000000       1.638488    
    1  323  112    8   16   5.380000       878.0580      0.5800000E-03   1.000000       1.650264    
    1  322  112    8   17   102.3400       878.0000      0.1022000E-01   1.000000       1.636437    
    1  321  112    8   18   70.93000       877.0360      0.1425000E-01   1.000000       1.589513    
    1  321  111    8   19   32.52000       876.5750      0.1642000E-01   1.000000       1.508512    
    1  320  111    8   20   102.1700       875.3940      0.1593000E-01   1.000000       1.503873    
    1  319  111    8   21   72.60000       874.9820      0.5650000E-02   1.000000       1.500305    
    1  319  112    8   22   35.45000       874.8290      0.1066000E-01   1.000000       1.563018    
    1  318  112    8   23   131.7800       873.9160      0.9130000E-02   1.000000       1.596917    
    1  318  113    8   24   10.14000       873.9160      0.7600000E-03   1.000000       1.624215    
    1  317  113    8   25   105.6300       873.8400      0.9260000E-02   1.000000       1.632244    
    1  316  113    8   26   100.4100       872.9900      0.1890000E-01   1.000000       1.630370    
    1  315  113    8   27   101.9200       871.9500      0.2721000E-01   1.000000       1.630103    
    1  314  113    8   28   129.7700       870.2690      0.1681000E-01   1.000000       1.649996    
    1  313  113    8   29   29.30000       870.2690      0.1000000E-03   1.000000       10.32407    
    1  314  114    8   30   100.7500       870.2690      0.1000000E-03   1.000000       3.142451    
    1  314  115    8   31   16.74000       870.2690      0.2077000E-01   1.000000       8.686388    
    1  313  115    8   32   127.5000       868.1920      0.2291000E-01   1.000000       10.35976    
    1  313  116    8   33   11.18000       867.9780      0.1074000E-01   1.000000       10.35976    
    1  312  116    8   34   105.0100       867.1180      0.1018000E-01   1.000000       10.35976    
    1  311  116    8   35   78.53000       866.9600      0.1253000E-01   1.000000       10.35976    
    1  311  117    8   36   123.6800       865.8650      0.1095000E-01   1.000000       10.35976    
    1  311  118    8   37   7.150000       865.8650      0.9860000E-02   1.000000       10.35976    
    1  310  118    8   38   142.2600       864.8790      0.9860000E-02   1.000000       10.35976    
    1  309  118    8   39   21.22000       864.8790      0.4060000E-02   1.000000       10.35976    
    1  309  119    8   40   127.2400       864.4730      0.1066000E-01   1.000000       10.35976    
    1  309  120    8   41   82.03000       863.8130      0.1036000E-01   1.000000       10.35976    
    1  308  120    8   42   27.80000       863.4370      0.1061000E-01   1.000000       10.35976    
    1  308  121    8   43   124.2700       862.7520      0.6850000E-02   1.000000       10.35976    
    1  308  122    8   44   18.78000       862.7520      0.7290000E-02   1.000000       10.35976    
    1  307  122    8   45   127.0000       862.0230      0.7290000E-02   1.000000       1.629300    
    1  307  123    8   46   19.58000       862.0230      0.5040000E-02   1.000000       1.611012    
    1  306  123    8   47   97.30000       861.5190      0.1375000E-01   1.000000       1.117155    
    1  306  124    8   48   109.8100       860.6480      0.8710000E-02   1.000000       1.123221    
    1  305  124    8   49   6.830000       860.6480      0.7730000E-02   1.000000      0.8070048    
    1  305  125    8   50   131.5500       859.8750      0.1402000E-01   1.000000       1.206185    
    1  305  126    8   51   100.2400       859.2460      0.8890000E-02   1.000000       1.378000    
    1  305  127    8   52   101.0900       858.9860      0.8340000E-02   1.000000       1.419036    
    1  305  128    8   53   37.28000       858.4120      0.1233000E-01   1.000000       1.075316    
    1  304  128    8   54   101.0600       857.7530      0.1346000E-01   1.000000       1.503159    
    1  303  128    8   55   108.8500       857.0660      0.6870000E-02   1.000000       1.509315    
    1  302  128    8   56   50.97000       857.0660      0.1000000E-03   1.000000       1.507798    
    1  302  128    9    1   60.58000       857.0660      0.1000000E-03   1.000000       3.024014    
    1  301  128    9    2   16.47000       857.0660      0.4060000E-02   1.000000       3.024372    
    1  301  129    9    3   119.7800       856.6600      0.4700000E-02   1.000000       3.026876    
    1  301  130    9    4   41.53000       856.5960      0.8520000E-02   1.000000       3.029739    
    1  300  130    9    5   120.0400       855.8080      0.8210000E-02   1.000000       3.027055    
    1  299  130    9    6   101.1400       855.7750      0.4160000E-02   1.000000       3.019720    
    1  298  130    9    7   100.7700       855.3920      0.5760000E-02   1.000000       3.065164    
    1  297  130    9    8   100.9800       855.1990      0.3120000E-02   1.000000       3.047452    
    1  296  130    9    9   84.64000       855.0800      0.1190000E-02   1.000000       3.120628    
    1  296  131    9   10   18.11000       855.0800      0.1000000E-03   1.000000       3.128858    
    1  295  131    9   11   45.92000       855.0800      0.1000000E-03   1.000000       3.219925    
    1  295  130    9   12   55.30000       855.0800      0.6420000E-02   1.000000       3.248015    
    1  294  130    9   13   105.9400       854.4380      0.7550000E-02   1.000000       3.278609    
    1  293  130    9   14   109.9500       854.3250      0.7550000E-02   1.000000       3.398840    
    1  292  130    9   15   105.1000       854.2960      0.2900000E-03   1.000000       7.403305    
    1  291  130    9   16   55.95000       854.2960      0.2800000E-03   1.000000       14.72664    
    1  291  131    9   17   50.25000       854.2680      0.4420000E-02   1.000000       4.208607    
    1  290  131    9   18   101.4400       853.8540      0.6980000E-02   1.000000       3.933436    
    1  289  131    9   19   107.1900       853.5700      0.4710000E-02   1.000000       3.528195    
    1  288  131    9   20   116.6700       853.3830      0.1870000E-02   1.000000       3.278251    
    1  287  132    9   21   50.63000       853.3830      0.2200000E-03   1.000000       3.198992    
    1  287  131    9   22   63.42000       853.3610      0.5570000E-02   1.000000       3.183427    
    1  286  131    9   23   111.7000       852.8260      0.5350000E-02   1.000000       3.090749    
    1  286  130    9   24   9.990000       852.8260      0.4500000E-02   1.000000       3.200602    
    1  285  130    9   25   128.3700       852.3760      0.4500000E-02   1.000000       3.194519    
    1  284  130    9   26   74.01000       852.3760      0.1000000E-03   1.000000       3.156768    
    1  284  129    9   27   27.66000       852.3760      0.1000000E-03   1.000000       3.169471    
    1  283  129    9   28   101.8400       852.3760      0.3340000E-02   1.000000       3.108640    
    1  282  129    9   29   100.1100       852.0420      0.4640000E-02   1.000000       3.051746    
    1  281  129    9   30   100.0800       851.9120      0.8660000E-02   1.000000       3.031349    
    1  280  129    9   31   91.12000       851.1760      0.2103000E-01   1.000000       3.027771    
    1  280  129   10    1   8.930000       851.1760      0.2103000E-01   1.000000       3.384600    
    1  279  129   10    2   138.5200       849.8090      0.1367000E-01   1.000000       3.382600    
    1  279  128   10    3   3.230000       849.8090      0.2000000E-02   1.000000       3.415600    
    1  278  128   10    4   130.5700       849.6090      0.2000000E-02   1.000000       3.470600    
    1  278  127   10    5   19.83000       849.6090      0.5530000E-02   1.000000       3.384800    
    1  277  127   10    6   128.2600       849.0560      0.5530000E-02   1.000000       3.391600    
    1  276  127   10    7   17.35000       849.0560      0.1880000E-02   1.000000       3.383400    
    1  276  126   10    8   112.9000       848.8680      0.1880000E-02   1.000000       3.381400    
    1  275  126   10    9   57.57000       848.8680      0.1000000E-03   1.000000       3.379800    
    1  275  125   10   10   98.58000       848.8680      0.1000000E-03   1.000000       3.211000    
    1  274  125   10   11   22.30000       848.8680      0.3020000E-02   1.000000       3.361000    
    1  274  124   10   12   107.3400       848.5660      0.5190000E-02   1.000000       3.379600    
    1  274  123   10   13   103.3600       848.3490      0.6620000E-02   1.000000       3.381800    
    1  274  122   10   14   101.0100       847.9040      0.7250000E-02   1.000000       3.384000    
    1  274  121   10   15   130.4100       847.6240      0.2800000E-02   1.000000       3.411200    
    1  274  120   10   16   28.28000       847.6240      0.1000000E-03   1.000000       3.545200    
    1  273  120   10   17   51.34000       847.6240      0.1000000E-03   1.000000       3.385800    
    1  273  121   10   18   51.85000       847.6240      0.4340000E-02   1.000000       3.381400    
    1  272  121   10   19   109.4100       847.1900      0.4340000E-02   1.000000       2.797200    
    1  272  122   10   20   45.70000       847.1900      0.1000000E-03   1.000000      0.8060200    
    1  271  122   10   21   104.0100       847.1900      0.1000000E-03   1.000000       1.165620    
    1  270  122   10   22   64.22000       847.1900      0.6140000E-02   1.000000       3.363400    
    1  270  121   10   23   108.5000       846.5760      0.6140000E-02   1.000000       2.761200    
    1  270  120   10   24   27.38000       846.5760      0.1000000E-03   1.000000      0.8124800    
    1  269  120   10   25   104.8900       846.5760      0.1000000E-03   1.000000      0.8063200    
    1  268  120   10   26   33.37000       846.5760      0.2710000E-02   1.000000      0.8063600    
    1  268  121   10   27   112.2200       846.3050      0.2710000E-02   1.000000      0.8751200    
    1  268  122   10   28   79.22000       846.3050      0.6700000E-03   1.000000       2.875000    
    1  267  122   10   29   103.8400       846.2380      0.8080000E-02   1.000000      0.8065000    
    1  266  122   10   30   110.4200       845.4970      0.7410000E-02   1.000000      0.8064400    
    1  265  122   10   31   25.50000       845.4970      0.1000000E-03   1.000000      0.8063800    
    1  265  121   10   32   116.6300       845.4970      0.2800000E-03   1.000000      0.8063800    
    1  264  121   10   33   27.82000       845.4690      0.2800000E-03   1.000000      0.8063600    
    1  264  120   10   34   84.35000       845.4690      0.1000000E-03   1.000000      0.8063000    
    1  263  120   10   35   75.67000       845.4690      0.5320000E-02   1.000000      0.8062200    
    1  263  121   10   36   109.0100       844.9370      0.5320000E-02   1.000000      0.8063000    
    1  263  122   10   37   1.160000       844.9370      0.2300000E-03   1.000000      0.8063800    
    1  262  122   10   38   109.4700       844.9140      0.3200000E-03   1.000000      0.8064000    
    1  262  123   10   39   112.1300       844.9050      0.3400000E-03   1.000000      0.8064600    
    1  261  123   10   40   2.720000       844.8800      0.8150000E-02   1.000000      0.8064600    
    1  261  124   10   41   119.8500       844.0900      0.7900000E-02   1.000000      0.8064800    
    1  261  125   10   42   41.45000       844.0900      0.1000000E-03   1.000000      0.8064800    
    1  260  125   10   43   73.95000       844.0900      0.1000000E-03   1.000000      0.8065000    
    1  260  124   10   44   30.71000       844.0900      0.4230000E-02   1.000000      0.8064800    
    1  259  124   10   45   128.9400       843.6670      0.4230000E-02   1.000000      0.8064800    
    1  258  124   10   46   105.9800       843.6670      0.1000000E-03   1.000000      0.8064600    
    1  257  124   10   47   100.7900       843.6670      0.1000000E-03   1.000000      0.8064600    
    1  256  124   10   48   102.9900       843.6670      0.1000000E-03   1.000000      0.8065400    
    1  255  124   10   49   47.10000       843.6670      0.1000000E-03   1.000000      0.8076800    
    1  255  125   10   50   62.16000       843.6600      0.2950000E-02   1.000000      0.8284200    
    1  254  125   10   51   100.6000       843.3720      0.1162000E-01   1.000000       1.103240    
    1  253  125   10   52   109.3300       842.4980      0.9500000E-02   1.000000       3.381800    
    1  252  125   10   53   53.93000       842.4220      0.1040000E-02   1.000000       3.699600    
    1  252  126   10   54   66.78000       842.3940      0.2800000E-03   1.000000       3.698800    
    1  251  126   10   55   73.82000       842.3940      0.3490000E-02   1.000000       4.155400    
    1  251  127   10   56   109.5400       842.0450      0.3490000E-02   1.000000       3.692400    
    1  251  128   10   57   32.87000       842.0450      0.1000000E-03   1.000000       3.511200    
    1  250  128   10   58   116.3700       842.0450      0.1000000E-03   1.000000       3.696200    
    1  249  128   10   59   95.89000       842.0450      0.1000000E-03   1.000000       3.817200    
    1  249  127   10   60   19.86000       842.0450      0.2130000E-02   1.000000       23.21000    
    1  248  127   10   61   130.6800       841.8320      0.2130000E-02   1.000000       23.22600    
    1  247  127   10   62   9.370000       841.8320      0.6340000E-02   1.000000       23.22600    
    1  247  126   10   63   111.7400       841.1980      0.6760000E-02   1.000000       23.22600    
    1  247  125   10   64   93.95000       841.1560      0.4200000E-03   1.000000       23.21000    
    1  246  125   10   65   19.66000       841.1560      0.1000000E-03   1.000000       23.22600    
    1  246  124   10   66   104.2900       841.1560      0.6000000E-03   1.000000       19.83560    
    1  245  124   10   67   101.2200       841.0960      0.9900000E-03   1.000000       22.51200    
    1  244  124   10   68   109.0500       841.0570      0.3900000E-03   1.000000       19.58740    
    1  243  124   10   69   53.69000       841.0570      0.4880000E-02   1.000000       20.35200    
    1  243  125   10   70   103.2200       840.5690      0.8520000E-02   1.000000       20.52200    
    1  243  126   10   71   123.4400       840.2050      0.3640000E-02   1.000000       6.164600    
    1  243  127   10   72   50.10000       840.2050      0.1000000E-03   1.000000       3.891600    
    1  242  126   10   73   92.30000       840.2050      0.1000000E-03   1.000000       19.46820    
    1  242  127   10   74   13.87000       840.2050      0.1000000E-03   1.000000       3.867600    
    1  241  127   10   75   108.1300       840.2050      0.1000000E-03   1.000000       11.40740    
    1  240  127   10   76   101.5100       840.2050      0.1070000E-02   1.000000       3.402000    
    1  239  127   10   77   100.5900       840.0980      0.1750000E-02   1.000000       2.078200    
    1  238  127   10   78   66.52000       840.0300      0.2580000E-02   1.000000      0.8057400    
    1  238  126   10   79   47.76000       839.8400      0.8840000E-02   1.000000       3.606200    
    1  237  126   10   80   25.00000       839.1460      0.8840000E-02   1.000000       3.694400    
    1  280   83   11    1   88.15000       922.4800      0.3200000E-01   1.000000       18.11405    
    1  280   84   11    2   134.1800       919.2800      0.3200000E-01   1.000000       18.11405    
    1  279   84   11    3   10.31000       919.2800      0.2680100E-01   1.000000       18.11405    
    1  279   85   11    4   136.8300       916.6000      0.3440000E-01   1.000000       18.11405    
    1  278   85   11    5   34.89000       915.8400      0.2200000E-01   1.000000       18.11405    
    1  278   86   11    6   101.3000       914.4000      0.2462000E-01   1.000000       18.11405    
    1  277   86   11    7   104.6700       913.3780      0.2612000E-01   1.000000       18.11405    
    1  276   86   11    8   12.09000       911.7880      0.2498000E-01   1.000000       18.11405    
    1  276   87   11    9   130.8800       910.8800      0.4208000E-01   1.000000       18.11405    
    1  275   87   11   10   105.9000       907.5800      0.3876000E-01   1.000000       18.11405    
    1  274   87   11   11   100.4900       907.0040      0.1567000E-01   1.000000       18.11405    
    1  273   87   11   12   16.89000       906.0130      0.2544000E-01   1.000000       18.11405    
    1  273   88   11   13   154.9200       904.4600      0.2075000E-01   1.000000       18.11405    
    1  272   88   11   14   100.1900       903.9380      0.2177000E-01   1.000000       18.11405    
    1  271   88   11   15   10.32000       902.2830      0.2501000E-01   1.000000       18.11405    
    1  271   89   11   16   174.9000       901.4370      0.2078000E-01   1.000000       18.11405    
    1  270   89   11   17   14.10000       900.2050      0.4837000E-01   1.000000       18.11405    
    1  270   90   11   18   149.2300       896.6000      0.3605000E-01   1.000000       18.11405    
    1  269   90   11   19   104.0100       896.6000      0.8460000E-02   1.000000       18.11405    
    1  268   90   11   20   11.34000       895.7540      0.1544000E-01   1.000000       18.11405    
    1  268   91   11   21   171.3900       895.0560      0.2555000E-01   1.000000       18.11405    
    1  267   91   11   22   13.33000       893.1990      0.3026000E-01   1.000000       18.11405    
    1  267   92   11   23   100.0000       892.0300      0.2989000E-01   1.000000       18.11405    
    1  267   93   11   24   175.2500       890.2100      0.2805000E-01   1.000000      0.6289769    
    1  266   93   11   25   13.42000       889.2250      0.2738000E-01   1.000000      0.6289457    
    1  266   94   11   26   179.6400       887.4720      0.2722000E-01   1.000000      0.6288833    
    1  265   94   11   27   10.11000       886.5030      0.2621000E-01   1.000000       2.700339    
    1  265   95   11   28   182.0500       884.8510      0.2400000E-01   1.000000       2.840722    
    1  264   95   11   29   12.10000       884.1030      0.3278000E-01   1.000000       7.670355    
    1  264   96   11   30   100.0500       881.5730      0.4499000E-01   1.000000       5.057053    
    1  264   97   11   31   182.4600       879.6040      0.2595000E-01   1.000000       3.628581    
    1  263   97   11   32   12.50000       878.9780      0.2423000E-01   1.000000       4.281204    
    1  263   98   11   33   134.0600       877.1810      0.2445000E-01   1.000000       3.685202    
    1  262   98   11   34   12.34000       876.5330      0.2285000E-01   1.000000       5.726990    
    1  262   99   11   35   115.7200       874.8960      0.2505000E-01   1.000000       7.333904    
    1  261   99   11   36   42.07000       874.0280      0.2167000E-01   1.000000       9.852993    
    1  261  100   11   37   84.27000       872.7290      0.2249000E-01   1.000000       3.761320    
    1  260  100   11   38   88.34000       871.7790      0.2519000E-01   1.000000       2.990151    
    1  260  101   11   39   32.67000       870.2100      0.1979000E-01   1.000000       2.631708    
    1  259  101   11   40   124.8000       869.8000      0.1219000E-01   1.000000       2.640599    
    1  259  102   11   41   10.23000       868.9910      0.1881000E-01   1.000000       1.095157    
    1  258  102   11   42   100.1300       867.9190      0.2309000E-01   1.000000       2.624065    
    1  258  103   11   43   102.9000       866.6820      0.2451000E-01   1.000000       2.618293    
    1  258  104   11   44   103.7700       865.4680      0.2403000E-01   1.000000      0.6447153    
    1  258  105   11   45   46.65000       864.2790      0.2176000E-01   1.000000       2.625936    
    1  257  105   11   46   111.5800       863.2920      0.1578000E-01   1.000000       2.649957    
    1  256  105   11   47   73.10000       862.7010      0.1850000E-01   1.000000       2.933998    
    1  256  106   11   48   64.34000       861.4420      0.1790000E-01   1.000000       2.887984    
    1  255  106   11   49   88.34000       860.9110      0.1583000E-01   1.000000       4.365434    
    1  255  107   11   50   28.92000       859.8590      0.1904000E-01   1.000000       3.289479    
    1  254  107   11   51   130.9400       859.0070      0.1581000E-01   1.000000       18.07661    
    1  254  108   11   52   3.790000       858.2780      0.1616000E-01   1.000000       6.270739    
    1  253  108   11   53   109.6200       857.3910      0.1857000E-01   1.000000       9.616215    
    1  253  109   11   54   101.7500       856.4210      0.1639000E-01   1.000000       4.274341    
    1  253  110   11   55   44.52000       855.7520      0.1638000E-01   1.000000       2.893287    
    1  252  110   11   56   109.2100       854.7830      0.1499000E-01   1.000000       4.161099    
    1  252  111   11   57   26.07000       854.2530      0.1484000E-01   1.000000       3.598788    
    1  251  111   11   58   110.8400       853.2990      0.1483000E-01   1.000000       5.514856    
    1  251  112   11   59   44.63000       852.7700      0.1479000E-01   1.000000       7.055634    
    1  250  112   11   60   127.8500       851.8200      0.1480000E-01   1.000000       13.15401    
    1  249  112   11   61   23.99000       851.2900      0.1431000E-01   1.000000       16.87400    
    1  249  113   11   62   127.4500       850.3890      0.1392000E-01   1.000000       17.29827    
    1  248  113   11   63   5.970000       849.8980      0.1288000E-01   1.000000       17.94871    
    1  248  114   11   64   116.8400       849.1010      0.1409000E-01   1.000000       18.11405    
    1  248  115   11   65   57.10000       848.4890      0.1350000E-01   1.000000       18.11405    
    1  247  115   11   66   111.4600       847.7510      0.9650000E-02   1.000000       18.11405    
    1  247  116   11   67   12.80000       847.5240      0.1077000E-01   1.000000       18.11405    
    1  246  116   11   68   129.8000       846.6740      0.1322000E-01   1.000000       18.11405    
    1  246  117   11   69   41.77000       846.2020      0.6210000E-02   1.000000       18.11405    
    1  245  117   11   70   62.86000       846.0530      0.9850000E-02   1.000000       18.11405    
    1  245  118   11   71   114.4100       845.2170      0.1259000E-01   1.000000       18.11405    
    1  245  119   11   72   81.15000       844.7940      0.1013000E-01   1.000000       18.11405    
    1  244  119   11   73   31.29000       844.2040      0.1189000E-01   1.000000       18.11405    
    1  244  120   11   74   125.5400       843.6050      0.9640000E-02   1.000000       18.11405    
    1  244  121   11   75   18.00000       843.2400      0.6670000E-02   1.000000       18.11405    
    1  243  121   11   76   105.7900       842.9380      0.7130000E-02   1.000000       18.11405    
    1  243  122   11   77   52.48000       842.5270      0.4500000E-02   1.000000       18.10781    
    1  242  122   11   78   91.84000       842.4880      0.4150000E-02   1.000000       18.10625    
    1  242  123   11   79   42.69000       842.1120      0.7450000E-02   1.000000       18.07817    
    1  241  123   11   80   106.1300       841.7430      0.6150000E-02   1.000000       18.08597    
    1  240  123   11   81   104.5000       841.4970      0.4620000E-02   1.000000       18.11405    
    1  239  123   11   82   105.7200       841.2810      0.6120000E-02   1.000000       18.11249    
    1  238  123   11   83   109.6500       840.8850      0.3960000E-02   1.000000       18.10157    
    1  237  123   11   84   70.44000       840.8850      0.1350000E-02   1.000000       18.10625    
    1  237  124   11   85   108.4500       840.7500      0.1125000E-01   1.000000       18.11249    
    1  237  125   11   86   105.3900       839.7600      0.1604000E-01   1.000000       18.11405    
    1  237  126   11   87   84.41000       839.1460      0.6140000E-02   1.000000       2.881277    
    1  237  126   12    1   75.55000       839.1460      0.1000000E-03   1.000000       2.766925    
    1  236  126   12    2   50.46000       839.1460      0.1000000E-03   1.000000       2.771568    
    1  236  127   12    3   59.46000       839.1460      0.3320000E-02   1.000000       2.533552    
    1  235  127   12    4   109.6500       838.8140      0.3440000E-02   1.000000       2.593618    
    1  234  127   12    5   100.2600       838.8020      0.5960000E-02   1.000000       2.634810    
    1  233  127   12    6   100.0500       838.2180      0.8280000E-02   1.000000       2.594816    
    1  232  127   12    7   100.0800       837.9740      0.2440000E-02   1.000000       4.971388    
    1  231  127   12    8   102.2900       837.9740      0.1000000E-03   1.000000       3.047033    
    1  230  127   12    9   68.87000       837.9740      0.1000000E-03   1.000000       2.980076    
    1  230  128   12   10   71.67000       837.9740      0.1000000E-03   1.000000       2.812012    
    1  229  128   12   11   112.2300       837.9740      0.1000000E-03   1.000000       2.508986    
    1  228  128   12   12   104.3800       837.9740      0.2050000E-02   1.000000       2.477380    
    1  227  128   12   13   105.4500       837.7690      0.5650000E-02   1.000000       1.933792    
    1  226  128   12   14   100.1500       837.4090      0.3600000E-02   1.000000       1.776362    
    1  225  128   12   15   108.7900       837.4090      0.1000000E-03   1.000000       1.125793    
    1  224  128   12   16   71.07000       837.4090      0.1000000E-03   1.000000      0.6389901    
    1  224  129   12   17   38.42000       837.4090      0.1000000E-03   1.000000      0.6940830    
    1  223  129   12   18   101.4500       837.4090      0.1000000E-03   1.000000      0.7889002    
    1  222  129   12   19   100.2700       837.4090      0.1000000E-03   1.000000       1.612192    
    1  221  129   12   20   103.4600       837.4090      0.1000000E-03   1.000000       2.277860    
    1  220  129   12   21   8.880000       837.4090      0.1000000E-03   1.000000       2.743258    
    1  220  128   12   22   100.3800       837.4090      0.6800000E-03   1.000000       2.500748    
    1  219  128   12   23   102.7100       837.3410      0.6800000E-03   1.000000       2.769621    
    1  218  128   12   24   41.72000       837.3410      0.3770000E-02   1.000000       2.769771    
    1  218  129   12   25   93.01000       836.9640      0.3770000E-02   1.000000       2.732174    
    1  217  129   12   26   103.2600       836.9640      0.1000000E-03   1.000000       2.697572    
    1  216  129   12   27   50.63000       836.9640      0.1000000E-03   1.000000       2.627321    
    1  216  128   12   28   63.82000       836.9640      0.1000000E-03   1.000000       2.771419    
    1  215  128   12   29   95.64000       836.9640      0.1000000E-03   1.000000       2.770670    
    1  215  127   12   30   62.43000       836.9640      0.3350000E-02   1.000000       2.713001    
    1  214  127   12   31   66.91000       836.6290      0.3350000E-02   1.000000       2.764828    
    1  214  126   12   32   77.24000       836.6290      0.1180000E-02   1.000000       2.448022    
    1  213  126   12   33   76.28000       836.5110      0.1180000E-02   1.000000       2.668363    
    1  213  125   12   34   43.54000       836.5110      0.2120000E-02   1.000000       2.533851    
    1  212  125   12   35   130.5900       836.2990      0.2120000E-02   1.000000       2.777261    
    1  211  125   12   36   8.000000       836.2990      0.1000000E-03   1.000000       2.779058    
    1  211  124   12   37   111.8500       836.2990      0.5680000E-02   1.000000       2.780406    
    1  211  123   12   38   87.33000       835.7310      0.5680000E-02   1.000000       2.734720    
    1  210  123   12   39   110.8800       835.7310      0.1000000E-03   1.000000       2.779208    
    1  209  123   12   40   102.0900       835.7310      0.4600000E-02   1.000000       2.780256    
    1  209  124   12   41   113.3500       835.2710      0.4600000E-02   1.000000       2.780556    
    1  208  124   12   42   101.3900       835.2710      0.1000000E-03   1.000000       2.280406    
    1  207  124   12   43   96.87000       835.2710      0.1000000E-03   1.000000       1.937686    
    1  207  123   12   44   47.05000       835.2710      0.1000000E-03   1.000000       2.425853    
    1  206  123   12   45   102.5900       835.2710      0.1000000E-03   1.000000       2.157429    
    1  206  124   12   46   8.720000       835.2710      0.1000000E-03   1.000000      0.7563058    
    1  205  124   12   47   101.8200       835.2710      0.1000000E-03   1.000000      0.6125372    
    1  204  124   12   48   101.6400       835.2710      0.1000000E-03   1.000000      0.8338971    
    1  203  124   12   49   100.4700       835.2710      0.3020000E-02   1.000000      0.6333131    
    1  202  124   12   50   102.8900       834.9690      0.6840000E-02   1.000000      0.7619229    
    1  201  124   12   51   103.0100       834.5870      0.6090000E-02   1.000000       1.165563    
    1  200  124   12   52   112.1700       834.3600      0.2270000E-02   1.000000       1.624325    
    1  199  124   12   53   53.61000       834.3600      0.1000000E-03   1.000000       1.527411    
    1  199  123   12   54   86.23000       834.3600      0.1000000E-03   1.000000      0.6185887    
    1  198  123   12   55   110.3400       834.3600      0.1000000E-03   1.000000      0.6167612    
    1  198  124   12   56   14.85000       834.3600      0.1000000E-03   1.000000      0.6144095    
    1  197  124   12   57   91.23000       834.3600      0.3130000E-02   1.000000      0.6019170    
    1  197  125   12   58   172.8500       834.0470      0.3130000E-02   1.000000      0.6013328    
    1  196  125   12   59   101.6400       834.0470      0.1000000E-03   1.000000      0.5955210    
    1  195  125   12   60   100.2800       834.0470      0.1000000E-03   1.000000      0.5908625    
    1  194  125   12   61   102.2900       834.0470      0.1000000E-03   1.000000      0.5919110    
    1  193  125   12   62   111.7400       834.0470      0.1000000E-03   1.000000      0.5952364    
    1  192  125   12   63   129.2900       834.0470      0.1000000E-03   1.000000      0.6007187    
    1  191  126   12   64   64.71000       834.0470      0.1000000E-03   1.000000       1.869682    
    1  191  125   12   65   39.55000       834.0470      0.1000000E-03   1.000000      0.6279656    
    1  190  125   12   66   108.9300       834.0470      0.1720000E-02   1.000000      0.6047780    
    1  189  125   12   67   100.3400       833.8750      0.3060000E-02   1.000000      0.6059614    
    1  188  125   12   68   103.6300       833.7410      0.1340000E-02   1.000000      0.6133460    
    1  187  125   12   69   101.7600       833.7410      0.2340000E-02   1.000000      0.6073994    
    1  186  125   12   70   100.4900       833.5070      0.8180000E-02   1.000000      0.6030405    
    1  185  125   12   71   103.8100       832.9230      0.6380000E-02   1.000000      0.5987864    
    1  184  125   12   72   106.7800       832.8690      0.5400000E-03   1.000000      0.5937385    
    1  183  125   12   73   49.95000       832.8690      0.1000000E-03   1.000000      0.5772166    
    1  183  124   12   74   62.15000       832.8690      0.1000000E-03   1.000000      0.6214347    
    1  182  124   12   75   89.15000       832.8690      0.1000000E-03   1.000000      0.7050326    
    1  182  125   12   76   21.65000       832.8690      0.1720000E-02   1.000000      0.6020968    
    1  181  125   12   77   111.6800       832.6970      0.1720000E-02   1.000000      0.7671057    
    1  180  125   12   78   101.2900       832.6970      0.2310000E-02   1.000000      0.7014676    
    1  179  125   12   79   120.1100       832.4660      0.2310000E-02   1.000000      0.6148289    
    1  178  125   12   80   52.09000       832.4660      0.1800000E-03   1.000000      0.5459704    
    1  178  126   12   81   109.6200       832.4480      0.1800000E-03   1.000000      0.6029656    
    1  177  126   12   82   26.30000       832.4480      0.1000000E-03   1.000000      0.5690381    
    1  177  127   12   83   81.00000       832.4480      0.1100000E-03   1.000000      0.6028158    
    1  176  127   12   84   28.90000       832.4370      0.1100000E-03   1.000000      0.6038493    
    1  176  126   12   85   78.92000       832.4370      0.1000000E-03   1.000000      0.5326391    
    1  175  126   12   86   45.46000       832.4370      0.8800000E-03   1.000000      0.5860692    
    1  175  127   12   87   63.87000       832.3490      0.4870000E-02   1.000000      0.6082082    
    1  174  127   12   88   111.5700       831.9500      0.3990000E-02   1.000000      0.6367133    
    1  173  127   12   89   103.0800       831.9500      0.1420000E-02   1.000000      0.6363987    
    1  172  127   12   90   104.8300       831.8080      0.1420000E-02   1.000000      0.6038493    
    1  172  126   12   91   33.10000       831.8080      0.1000000E-03   1.000000      0.5996552    
    1  171  126   12   92   100.4700       831.8080      0.1000000E-03   1.000000      0.5974533    
    1  170  126   12   93   25.29000       831.8080      0.1000000E-03   1.000000      0.5960453    
    1  170  127   12   94   105.7300       831.8080      0.1000000E-03   1.000000      0.5997301    
    1  169  127   12   95   67.93000       831.8080      0.1000000E-03   1.000000      0.5758835    
    1  169  128   12   96   42.80000       831.8080      0.4300000E-02   1.000000      0.5781453    
    1  168  128   12   97   134.1700       831.3780      0.4300000E-02   1.000000      0.5395444    
    1  168  129   12   98   103.3800       831.3780      0.1000000E-03   1.000000      0.4999249    
    1  168  130   12   99   105.1200       831.3780      0.1000000E-03   1.000000      0.5319350    
    1  168  131   12  100   61.87000       831.3780      0.1000000E-03   1.000000      0.3288944    
    1  167  131   12  101   49.56000       831.3780      0.2710000E-02   1.000000      0.1165233    
    1  167  132   12  102   111.1000       831.1070      0.2710000E-02   1.000000      0.1165218    
    1  166  132   12  103   37.55000       831.1070      0.1000000E-03   1.000000      0.1165218    
    1  166  133   12  104   84.37000       831.1070      0.2100000E-02   1.000000      0.1165218    
    1  165  133   12  105   96.19000       830.8970      0.2100000E-02   1.000000      0.1165218    
    1  165  134   12  106   21.35000       830.8970      0.1220000E-02   1.000000      0.1165218    
    1  164  134   12  107   105.4700       830.7750      0.2130000E-02   1.000000      0.1165218    
    1  163  134   12  108   103.5800       830.6840      0.1510000E-02   1.000000      0.1165218    
    1  162  134   12  109   103.5300       830.6240      0.6000000E-03   1.000000      0.1165218    
    1  162  133   12  110   28.83000       830.6240      0.2010000E-02   1.000000      0.1165218    
    1  161  133   12  111   106.9300       830.4230      0.2010000E-02   1.000000      0.1165218    
    1  160  133   12  112   39.72000       830.4230      0.1000000E-03   1.000000      0.1165218    
    1  160  134   12  113   81.50000       830.4230      0.9400000E-03   1.000000      0.1165218    
    1  159  134   12  114   84.07000       830.3290      0.9400000E-03   1.000000      0.1165218    
    1  159  135   12  115   46.34000       830.3290      0.2270000E-02   1.000000      0.1165218    
    1  158  135   12  116   120.5300       830.1020      0.2270000E-02   1.000000      0.1165218    
    1  157  135   12  117   100.2800       830.1020      0.1000000E-03   1.000000      0.1165218    
    1  156  135   12  118   112.3500       830.1020      0.4130000E-02   1.000000      0.1165218    
    1  155  135   12  119   106.4300       829.6890      0.4130000E-02   1.000000      0.1165218    
    1  155  134   12  120   13.87000       829.6890      0.5780000E-02   1.000000      0.1165218    
    1  154  134   12  121   156.8300       829.1110      0.5780000E-02   1.000000      0.1165218    
    1  154  133   12  122   24.40000       829.1110      0.1000000E-03   1.000000      0.1165218    
    1  153  134   12  123   114.9400       829.1110      0.1000000E-03   1.000000      0.1275778    
    1  153  135   12  124   28.79000       829.1110      0.1000000E-03   1.000000      0.1807968    
    1  152  135   12  125   104.3900       829.1110      0.1000000E-03   1.000000      0.5920459    
    1  151  135   12  126   37.39000       829.1110      0.1000000E-03   1.000000      0.6016175    
    1  151  134   12  127   111.2900       829.1110      0.1000000E-03   1.000000      0.6031154    
    1  150  134   12  128   36.36000       829.1110      0.1000000E-03   1.000000       1.695476    
    1  150  133   12  129   81.93000       829.1110      0.1000000E-03   1.000000       1.811863    
    1  149  133   12  130   112.9900       829.1110      0.1000000E-03   1.000000       2.488016    
    1  148  132   12  131   44.38000       829.1110      0.1000000E-03   1.000000       1.214634    
    1  148  133   12  132   65.37000       829.1110      0.2020000E-02   1.000000       2.535050    
    1  147  133   12  133   136.4100       828.9090      0.2020000E-02   1.000000      0.9788641    
    1  146  133   12  134   24.90000       828.9090      0.1000000E-03   1.000000      0.6031753    
    1  146  132   12  135   99.24000       828.9090      0.2400000E-03   1.000000      0.5741909    
    1  145  132   12  136   86.99000       828.8850      0.2400000E-03   1.000000      0.1165218    
    1  145  131   12  137   31.35000       828.8850      0.1000000E-03   1.000000      0.1172094    
    1  144  131   12  138   58.51000       828.8850      0.2900000E-03   1.000000      0.1193454    
    1  144  132   12  139   79.89000       828.8560      0.1630000E-02   1.000000      0.1165218    
    1  143  132   12  140   127.2500       828.7220      0.1340000E-02   1.000000      0.1165218    
    1  143  131   12  141   3.180000       828.7220      0.3490000E-02   1.000000      0.1731875    
    1  142  131   12  142   130.3400       828.3730      0.3490000E-02   1.000000      0.1195236    
    1  141  131   12  143   22.30000       828.3730      0.1000000E-03   1.000000      0.1175254    
    1  141  130   12  144   89.54000       828.3730      0.1000000E-03   1.000000      0.1368409    
    1  140  130   12  145   109.9300       828.3730      0.1000000E-03   1.000000      0.1302231    
    1  139  130   12  146   75.21000       828.3730      0.1000000E-03   1.000000      0.1285035    
    1  139  129   12  147   39.16000       828.3730      0.1030000E-02   1.000000      0.5811112    
    1  138  129   12  148   106.1700       828.2700      0.1030000E-02   1.000000      0.5627768    
    1  137  129   12  149   104.3800       828.2700      0.1130000E-02   1.000000      0.5531603    
    1  136  129   12  150   100.3200       828.1570      0.2140000E-02   1.000000      0.5553772    
    1  135  129   12  151   100.0700       828.0560      0.1640000E-02   1.000000      0.5616235    
    1  134  129   12  152   100.1400       827.9930      0.6300000E-03   1.000000      0.5808715    
    1  133  129   12  153   100.3700       827.9930      0.1000000E-03   1.000000      0.5152784    
    1  132  129   12  154   104.7900       827.9930      0.1000000E-03   1.000000      0.1452141    
    1  131  129   12  155   87.15000       827.9930      0.1000000E-03   1.000000      0.1190008    
    1  131  130   12  156   31.82000       827.9930      0.4240000E-02   1.000000      0.1188481    
    1  130  130   12  157   102.9100       827.5690      0.5670000E-02   1.000000      0.1228684    
    1  129  130   12  158   122.9100       827.4260      0.1430000E-02   1.000000      0.1312087    
    1  129  131   12  159   21.88000       827.4260      0.5300000E-03   1.000000      0.1294951    
    1  128  131   12  160   112.6200       827.3730      0.5300000E-03   1.000000      0.1519172    
    1  127  131   12  161   3.560000       827.3730      0.7900000E-03   1.000000      0.1390188    
    1  127  130   12  162   126.4700       827.2940      0.7900000E-03   1.000000      0.1398666    
    1  126  130   12  163   67.54000       827.2940      0.1000000E-03   1.000000      0.1182294    
    1  126  131   12  164   48.60000       827.2940      0.2700000E-03   1.000000      0.1196300    
    1  125  131   12  165   102.5900       827.2670      0.2700000E-03   1.000000      0.1186623    
    1  124  130   12  166   12.04000       827.2670      0.2350000E-02   1.000000      0.1174310    
    1  124  131   12  167   95.68000       827.0320      0.2350000E-02   1.000000      0.1216626    
    1  123  131   12  168   103.8000       827.0320      0.1000000E-03   1.000000      0.1252291    
    1  122  131   12  169   110.2600       827.0320      0.1000000E-03   1.000000      0.1625374    
    1  122  132   12  170   32.60000       827.0320      0.7900000E-03   1.000000      0.2563510    
    1  121  132   12  171   108.3300       826.9530      0.7900000E-03   1.000000      0.3812161    
    1  121  131   12  172   26.59000       826.9530      0.1040000E-02   1.000000      0.2424205    
    1  120  131   12  173   129.3100       826.8490      0.3130000E-02   1.000000      0.3912820    
    1  119  131   12  174   103.4100       826.6400      0.3190000E-02   1.000000      0.4008836    
    1  118  131   12  175   106.5300       826.5300      0.3520000E-02   1.000000      0.3985768    
    1  117  131   12  176   110.3500       826.2880      0.2420000E-02   1.000000      0.5377918    
    1  116  131   12  177   112.8000       826.2880      0.1380000E-02   1.000000      0.5509135    
    1  115  131   12  178   3.300000       826.1500      0.1380000E-02   1.000000      0.5565905    
    1  168  136   13    1   4.030000       831.3360      0.1090000E-02   1.000000      0.9181104E-01
    1  168  137   13    2   72.32000       831.3360      0.1090000E-02   1.000000      0.9181104E-01
    1  167  137   13    3   101.2800       831.2270      0.3810000E-02   1.000000      0.9181104E-01
    1  166  137   13    4   102.8400       830.9550      0.2890000E-02   1.000000      0.9181104E-01
    1  165  137   13    5   104.8000       830.9380      0.1700000E-03   1.000000      0.9181104E-01
    1  164  137   13    6   63.14000       830.9380      0.1000000E-03   1.000000      0.9181104E-01
    1  164  138   13    7   40.85000       830.9380      0.1000000E-03   1.000000      0.9181104E-01
    1  163  138   13    8   103.3000       830.9380      0.1000000E-03   1.000000      0.9181104E-01
    1  162  138   13    9   105.2200       830.9380      0.1000000E-03   1.000000      0.9181104E-01
    1  161  138   13   10   9.650000       830.9380      0.3430000E-02   1.000000      0.9181104E-01
    1  161  137   13   11   92.49000       830.5950      0.3430000E-02   1.000000      0.9181104E-01
    1  160  137   13   12   102.6800       830.5950      0.1000000E-03   1.000000      0.9181104E-01
    1  159  137   13   13   101.2500       830.5950      0.1000000E-03   1.000000      0.9181104E-01
    1  158  137   13   14   102.8800       830.5950      0.1000000E-03   1.000000      0.9181104E-01
    1  157  137   13   15   49.28000       830.5950      0.1280000E-02   1.000000      0.9181104E-01
    1  157  138   13   16   53.66000       830.4670      0.3740000E-02   1.000000      0.9181104E-01
    1  156  138   13   17   102.3200       830.2210      0.3900000E-02   1.000000      0.9181104E-01
    1  155  138   13   18   100.9900       830.0770      0.1760000E-02   1.000000      0.9185235E-01
    1  154  138   13   19   109.6900       830.0450      0.3200000E-03   1.000000      0.1558982    
    1  153  138   13   20   21.99000       830.0450      0.1550000E-02   1.000000      0.4341521    
    1  153  139   13   21   83.46000       829.8900      0.2900000E-02   1.000000      0.4718018    
    1  152  139   13   22   100.3500       829.7550      0.2700000E-02   1.000000      0.4749058    
    1  151  139   13   23   86.99000       829.6200      0.1350000E-02   1.000000      0.4749413    
    1  151  138   13   24   20.20000       829.6200      0.7800000E-03   1.000000      0.4745400    
    1  150  138   13   25   111.6200       829.5420      0.2170000E-02   1.000000      0.4742685    
    1  149  138   13   26   99.68000       829.4030      0.1390000E-02   1.000000      0.4740915    
    1  149  137   13   27   11.50000       829.4030      0.8900000E-03   1.000000      0.4730529    
    1  148  137   13   28   115.0100       829.3140      0.2150000E-02   1.000000      0.4740207    
    1  147  137   13   29   79.68000       829.1880      0.1260000E-02   1.000000      0.4749649    
    1  147  136   13   30   33.51000       829.1880      0.1040000E-02   1.000000      0.9652493    
    1  146  136   13   31   113.4100       829.0840      0.1040000E-02   1.000000      0.4749176    
    1  145  136   13   32   64.06000       829.0840      0.1000000E-03   1.000000      0.4745636    
    1  145  135   13   33   50.24000       829.0840      0.9700000E-03   1.000000      0.4753425    
    1  144  135   13   34   114.0600       828.9870      0.9700000E-03   1.000000      0.4712943    
    1  143  135   13   35   43.72000       828.9870      0.5100000E-03   1.000000      0.9183582E-01
    1  143  134   13   36   69.97000       828.9360      0.1480000E-02   1.000000      0.9181104E-01
    1  142  134   13   37   120.3700       828.8390      0.2650000E-02   1.000000      0.9181104E-01
    1  141  133   13   38   125.3200       828.6710      0.1990000E-02   1.000000      0.9181104E-01
    1  140  133   13   39   103.3600       828.6400      0.3100000E-03   1.000000      0.9181104E-01
    1  139  133   13   40   6.210000       828.6400      0.6200000E-03   1.000000      0.9181104E-01
    1  139  132   13   41   95.77000       828.5780      0.1630000E-02   1.000000      0.9181104E-01
    1  138  132   13   42   102.2700       828.4770      0.1560000E-02   1.000000      0.9181104E-01
    1  137  132   13   43   102.5500       828.4220      0.1060000E-02   1.000000      0.9181104E-01
    1  136  132   13   44   101.7300       828.3710      0.1610000E-02   1.000000      0.9181104E-01
    1  135  132   13   45   91.33000       828.2610      0.1100000E-02   1.000000      0.9181222E-01
    1  135  131   13   46   10.80000       828.2610      0.4800000E-03   1.000000      0.9241414E-01
    1  134  131   13   47   102.2200       828.2130      0.2240000E-02   1.000000      0.9266317E-01
    1  133  131   13   48   109.4600       828.0370      0.3440000E-02   1.000000      0.9222412E-01
    1  132  131   13   49   101.5100       827.8690      0.1680000E-02   1.000000      0.9285083E-01
    1  131  131   13   50   100.2200       827.8690      0.1000000E-03   1.000000      0.9519007E-01
    1  130  131   13   51   57.53000       827.8660      0.1000000E-03   1.000000      0.9640100E-01
    1  130  132   13   52   50.37000       827.8660      0.2400000E-02   1.000000      0.9673147E-01
    1  129  132   13   53   104.6000       827.6260      0.3150000E-02   1.000000      0.9958529E-01
    1  128  132   13   54   102.1600       827.5510      0.1080000E-02   1.000000      0.1082967    
    1  127  132   13   55   102.9300       827.5180      0.8200000E-03   1.000000      0.1025973    
    1  126  132   13   56   81.03000       827.4690      0.4900000E-03   1.000000      0.9433204E-01
    1  126  131   13   57   31.47000       827.4690      0.2020000E-02   1.000000      0.9426004E-01
    1  125  131   13   58   40.00000       827.2670      0.2020000E-02   1.000000      0.9349760E-01
    1  125  132   13   59   88.22000       827.2670      0.1000000E-03   1.000000      0.9514876E-01
    1  124  132   13   60   53.20000       827.2670      0.2350000E-02   1.000000      0.9504844E-01
    1  124  131   13   61   64.79000       827.0320      0.2350000E-02   1.000000      0.9586163E-01
    1  123  131   13   62   69.71000       827.0320      0.1000000E-03   1.000000      0.9867179E-01
    1  123  132   13   63   65.19000       827.0320      0.1000000E-03   1.000000      0.1082990    
    1  122  132   13   64   92.67000       827.0320      0.1000000E-03   1.000000      0.2019866    
    1  122  133   13   65   22.90000       827.0320      0.1000000E-03   1.000000      0.3939176    
    1  121  133   13   66   114.7400       827.0320      0.1000000E-03   1.000000      0.4091073    
    1  120  133   13   67   83.31000       827.0320      0.1000000E-03   1.000000      0.4287112    
    1  120  134   13   68   55.19000       827.0320      0.1000000E-03   1.000000      0.4506637    
    1  119  134   13   69   101.3200       827.0320      0.1000000E-03   1.000000      0.4617461    
    1  118  134   13   70   104.3000       827.0320      0.1690000E-02   1.000000      0.4650154    
    1  118  133   13   71   42.97000       826.8630      0.2170000E-02   1.000000      0.4513836    
    1  117  133   13   72   103.6600       826.8150      0.4800000E-03   1.000000      0.4523042    
    1  116  133   13   73   66.74000       826.8150      0.1230000E-02   1.000000      0.4486809    
    1  116  132   13   74   114.3700       826.6920      0.1230000E-02   1.000000      0.4437238    
    1  115  132   13   75   4.970000       826.6920      0.5420000E-02   1.000000      0.4436176    
    1  115  131   13   76   19.68000       826.1500      0.5420000E-02   1.000000      0.4385544    
    1  115  131   14    1   99.02000       826.1500      0.3690000E-02   1.000000      0.4106642    
    1  114  131   14    2   123.8100       825.7810      0.3690000E-02   1.000000      0.4207877    
    1  113  131   14    3   101.1200       825.7810      0.1000000E-03   1.000000      0.4389017    
    1  113  130   14    4   21.26000       825.7810      0.1340000E-02   1.000000      0.4369013    
    1  112  130   14    5   122.2100       825.6470      0.1340000E-02   1.000000      0.4372550    
    1  111  130   14    6   111.2400       825.6470      0.1000000E-03   1.000000      0.4368460    
    1  110  130   14    7   72.35000       825.6470      0.1000000E-03   1.000000      0.4349562    
    1  110  129   14    8   38.18000       825.6470      0.4700000E-03   1.000000      0.4369676    
    1  109  129   14    9   109.5500       825.6000      0.4700000E-03   1.000000      0.4321159    
    1  109  128   14   10   34.80000       825.6000      0.5000000E-03   1.000000      0.4381833    
    1  108  128   14   11   116.4600       825.5500      0.5000000E-03   1.000000      0.4359398    
    1  107  128   14   12   78.15000       825.5500      0.3000000E-03   1.000000      0.4044089    
    1  107  127   14   13   46.09000       825.5200      0.1400000E-02   1.000000      0.4146429    
    1  106  127   14   14   103.8300       825.4100      0.1100000E-02   1.000000      0.3531615    
    1  106  126   14   15   32.51000       825.4100      0.1000000E-03   1.000000      0.3673742    
    1  105  126   14   16   83.69000       825.4100      0.1090000E-02   1.000000      0.3569744    
    1  105  125   14   17   101.6100       825.3010      0.5640000E-02   1.000000      0.3779176    
    1  105  124   14   18   114.3400       824.8460      0.4550000E-02   1.000000      0.4227992    
    1  105  123   14   19   28.12000       824.8460      0.1000000E-03   1.000000      0.4365808    
    1  104  123   14   20   80.87000       824.8460      0.1000000E-03   1.000000      0.4444497    
    1  104  122   14   21   87.14000       824.8460      0.2010000E-02   1.000000       1.341141    
    1  103  122   14   22   105.1000       824.6450      0.2010000E-02   1.000000       1.268199    
    1  102  122   14   23   84.41000       824.6450      0.1540000E-02   1.000000       1.771168    
    1  102  121   14   24   107.7200       824.4910      0.1540000E-02   1.000000       1.876160    
    1  102  120   14   25   18.42000       824.4910      0.1540000E-02   1.000000       1.866656    
    1  253   82   15    1   12.28000       915.7500      0.1025000       1.000000      0.3358079    
    1  252   82   15    2   104.9800       909.8500      0.1025000       1.000000      0.3358829    
    1  252   83   15    3   103.8700       905.5000      0.8759900E-01   1.000000       1.406732    
    1  252   84   15    4   101.0500       901.0900      0.9010000E-01   1.000000       1.212364    
    1  252   85   15    5   105.1300       896.4900      0.7360000E-01   1.000000       1.408399    
    1  252   86   15    6   88.15000       893.7300      0.5750000E-01   1.000000       1.413147    
    1  251   86   15    7   64.86000       890.7400      0.5730000E-01   1.000000       1.482380    
    1  251   87   15    8   105.3800       888.0000      0.7510000E-01   1.000000       1.409982    
    1  251   88   15    9   104.7300       883.2300      0.7650000E-01   1.000000       1.401150    
    1  251   89   15   10   103.8300       880.3500      0.4184000E-01   1.000000      0.7466054    
    1  251   90   15   11   19.35000       879.0460      0.2880000E-01   1.000000      0.3864702    
    1  250   90   15   12   86.53000       877.4700      0.4145000E-01   1.000000      0.4646424    
    1  250   91   15   13   108.7000       874.9010      0.4505000E-01   1.000000      0.3363328    
    1  250   92   15   14   84.01000       872.9650      0.3330000E-01   1.000000       1.407899    
    1  249   92   15   15   29.76000       871.5710      0.5425000E-01   1.000000       1.416230    
    1  249   93   15   16   124.9600       867.5400      0.5971000E-01   1.000000      0.3377241    
    1  249   94   15   17   47.22000       865.6000      0.2380000E-01   1.000000      0.3362494    
    1  248   94   15   18   60.48000       865.1600      0.3319000E-01   1.000000      0.3377157    
    1  248   95   15   19   117.1100       862.2810      0.4322000E-01   1.000000      0.3358246    
    1  247   95   15   20   100.3200       860.8380      0.2851000E-01   1.000000      0.3358745    
    1  246   95   15   21   100.5600       859.4300      0.1611000E-01   1.000000      0.3359329    
    1  245   95   15   22   108.5100       859.2270      0.8700000E-02   1.000000      0.3359495    
    1  244   95   15   23   73.55000       858.5600      0.2273000E-01   1.000000      0.3371492    
    1  244   96   15   24   44.02000       856.9540      0.2392000E-01   1.000000      0.3362828    
    1  243   96   15   25   103.8900       856.1680      0.1658000E-01   1.000000      0.3450472    
    1  242   96   15   26   102.6600       855.2960      0.1614000E-01   1.000000      0.5127387    
    1  241   96   15   27   101.6200       854.5540      0.1395000E-01   1.000000       1.296093    
    1  240   96   15   28   102.6600       853.9010      0.1294000E-01   1.000000       1.405899    
    1  239   96   15   29   134.7800       853.2600      0.1479000E-01   1.000000       1.407982    
    1  238   96   15   30   22.83000       852.4220      0.8380000E-02   1.000000       1.407899    
    1  238   95   15   31   91.65000       852.4220      0.8390000E-02   1.000000       1.408315    
    1  237   95   15   32   113.8200       851.5830      0.1583000E-01   1.000000       1.395902    
    1  236   95   15   33   58.26000       850.8390      0.7440000E-02   1.000000      0.3820214    
    1  236   96   15   34   62.07000       850.8390      0.6470000E-02   1.000000      0.3401651    
    1  235   96   15   35   68.59000       850.1920      0.7850000E-02   1.000000      0.3359662    
    1  235   95   15   36   45.02000       850.0540      0.6040000E-02   1.000000      0.3360745    
    1  234   95   15   37   71.98000       849.5880      0.4660000E-02   1.000000      0.3359579    
    1  234   96   15   38   55.07000       849.5880      0.8200000E-02   1.000000      0.3359329    
    1  233   96   15   39   163.7300       848.7680      0.1056000E-01   1.000000      0.3359245    
    1  233   97   15   40   10.80000       848.5320      0.9380000E-02   1.000000      0.3359079    
    1  232   97   15   41   119.9600       847.8300      0.1197000E-01   1.000000      0.3359079    
    1  231   97   15   42   102.2600       847.3350      0.1246000E-01   1.000000      0.3359162    
    1  230   97   15   43   107.1900       846.5840      0.1199000E-01   1.000000      0.3359245    
    1  229   97   15   44   101.5600       846.1360      0.6800000E-02   1.000000      0.3359579    
    1  228   97   15   45   101.6400       845.9040      0.5380000E-02   1.000000      0.3358912    
    1  227   97   15   46   100.9700       845.5980      0.6030000E-02   1.000000      0.3359579    
    1  226   97   15   47   57.25000       845.3010      0.7990000E-02   1.000000      0.3359662    
    1  226   98   15   48   44.88000       844.7990      0.6730000E-02   1.000000      0.3356829    
    1  225   98   15   49   110.5900       844.6280      0.4630000E-02   1.000000      0.3356746    
    1  224   98   15   50   76.92000       844.3360      0.6820000E-02   1.000000      0.3357662    
    1  224   99   15   51   69.96000       843.9460      0.7110000E-02   1.000000      0.3351664    
    1  223   99   15   52   124.9100       843.6250      0.7100000E-02   1.000000      0.3354246    
    1  223  100   15   53   106.5200       843.2360      0.9670000E-02   1.000000      0.3346582    
    1  223  101   15   54   16.85000       842.6580      0.6360000E-02   1.000000      0.3322254    
    1  222  101   15   55   98.76000       842.6000      0.5870000E-02   1.000000      0.3328086    
    1  222  102   15   56   110.1400       842.0710      0.9530000E-02   1.000000      0.3261603    
    1  222  103   15   57   118.9300       841.6470      0.7030000E-02   1.000000      0.2714823    
    1  222  104   15   58   68.32000       841.3680      0.4630000E-02   1.000000      0.2938350    
    1  221  104   15   59   107.7700       841.1840      0.1840000E-02   1.000000      0.3091895    
    1  221  105   15   60   40.20000       841.1840      0.5540000E-02   1.000000      0.3252439    
    1  220  105   15   61   138.8000       840.6300      0.8050000E-02   1.000000      0.3308341    
    1  219  105   15   62   120.3700       840.3790      0.2510000E-02   1.000000      0.3273517    
    1  219  106   15   63   134.6100       840.3790      0.4680000E-02   1.000000      0.3322921    
    1  219  107   15   64   21.78000       839.9110      0.7520000E-02   1.000000      0.3341833    
    1  218  107   15   65   87.61000       839.6270      0.5670000E-02   1.000000      0.3324837    
    1  218  108   15   66   109.1600       839.3440      0.5970000E-02   1.000000      0.3356329    
    1  218  109   15   67   51.35000       839.0300      0.4350000E-02   1.000000      0.6392988    
    1  217  109   15   68   55.64000       838.9090      0.4120000E-02   1.000000      0.4891613    
    1  217  110   15   69   110.2100       838.6180      0.5380000E-02   1.000000      0.8243860    
    1  217  111   15   70   106.4100       838.3710      0.5200000E-02   1.000000       1.272849    
    1  217  112   15   71   4.060000       838.0980      0.5320000E-02   1.000000       1.419812    
    1  216  112   15   72   102.5800       837.8390      0.5420000E-02   1.000000       1.399567    
    1  216  113   15   73   106.7300       837.5560      0.5320000E-02   1.000000       1.549280    
    1  216  114   15   74   97.09000       837.3070      0.2490000E-02   1.000000       1.548530    
    1  215  114   15   75   7.500000       837.3070      0.4900000E-03   1.000000       1.548864    
    1  215  115   15   76   141.1300       837.2580      0.1690000E-02   1.000000       1.548030    
    1  214  115   15   77   100.6500       837.1380      0.3250000E-02   1.000000       1.548114    
    1  213  115   15   78   100.5900       836.9330      0.3960000E-02   1.000000      0.6441726    
    1  212  115   15   79   100.9300       836.7420      0.3130000E-02   1.000000      0.5992588    
    1  211  115   15   80   43.83000       836.6200      0.3130000E-02   1.000000      0.9702579    
    1  224   76   16    1   124.2500       880.2200      0.3600000E-01   1.000000       2.316216    
    1  223   76   16    2   9.420000       880.2200      0.3600000E-01   1.000000       2.487216    
    1  223   77   16    3   105.5100       876.6200      0.7270000E-01   1.000000       2.321222    
    1  223   78   16    4   109.0500       872.9500      0.6510000E-01   1.000000       2.286859    
    1  223   79   16    5   106.4500       870.1100      0.5720000E-01   1.000000       2.261155    
    1  223   80   16    6   108.8700       867.2300      0.3540000E-01   1.000000       1.759518    
    1  223   81   16    7   28.85000       866.5700      0.2290000E-01   1.000000       1.779405    
    1  222   81   16    8   103.0800       864.9400      0.2730000E-01   1.000000       1.827566    
    1  222   82   16    9   58.99000       863.8400      0.3160000E-01   1.000000       1.697693    
    1  221   82   16   10   68.10000       861.7800      0.3380000E-01   1.000000       1.876269    
    1  221   83   16   11   108.1400       860.4600      0.2507000E-01   1.000000       1.563490    
    1  221   84   16   12   102.8100       859.2730      0.3107000E-01   1.000000       1.684435    
    1  221   85   16   13   101.1700       857.3530      0.3302000E-01   1.000000       1.729755    
    1  221   86   16   14   111.3500       855.9710      0.2768000E-01   1.000000      0.7433374    
    1  221   87   16   15   106.7400       854.5850      0.2623000E-01   1.000000      0.5486757    
    1  221   88   16   16   104.0000       853.3480      0.2441000E-01   1.000000      0.5456048    
    1  221   89   16   17   102.9500       852.1440      0.2430000E-01   1.000000      0.5501097    
    1  221   90   16   18   105.2000       850.9180      0.2314000E-01   1.000000      0.6174411    
    1  221   91   16   19   100.7000       849.8300      0.2109000E-01   1.000000      0.6038315    
    1  221   92   16   20   101.1800       848.8090      0.2069000E-01   1.000000      0.6367734    
    1  221   93   16   21   74.67000       847.7610      0.1109000E-01   1.000000      0.6593660    
    1  220   93   16   22   39.92000       847.7000      0.7840000E-02   1.000000      0.6950271    
    1  220   94   16   23   106.5000       846.9770      0.1542000E-01   1.000000      0.6535758    
    1  220   95   16   24   100.2200       846.1580      0.1616000E-01   1.000000      0.5616901    
    1  220   96   16   25   100.6100       845.3610      0.1650000E-01   1.000000      0.5491086    
    1  220   97   16   26   101.3400       844.5080      0.1593000E-01   1.000000      0.5465247    
    1  220   98   16   27   101.4100       843.7680      0.1386000E-01   1.000000      0.5451854    
    1  220   99   16   28   64.78000       843.1220      0.6460000E-02   1.000000      0.5444007    
    1  219   99   16   29   51.00000       843.1220      0.3950000E-02   1.000000      0.5447119    
    1  219  100   16   30   110.3500       842.7270      0.5120000E-02   1.000000      0.5442384    
    1  218  100   16   31   14.64000       842.6100      0.4770000E-02   1.000000      0.5446442    
    1  218  101   16   32   114.7400       842.2500      0.8600000E-02   1.000000      0.5431290    
    1  218  102   16   33   87.58000       841.7500      0.5000000E-02   1.000000      0.5236345    
    1  217  102   16   34   31.75000       841.7500      0.5220000E-02   1.000000      0.5190348    
    1  217  103   16   35   124.7700       841.2280      0.5810000E-02   1.000000      0.4132824    
    1  216  103   16   36   4.910000       841.1690      0.6220000E-02   1.000000      0.3080847    
    1  216  104   16   37   125.7200       840.6060      0.9460000E-02   1.000000      0.2324874    
    1  216  105   16   38   37.84000       840.2230      0.5020000E-02   1.000000      0.2067562    
    1  215  105   16   39   87.61000       840.1040      0.5460000E-02   1.000000      0.1186734    
    1  215  106   16   40   57.33000       839.6770      0.6390000E-02   1.000000      0.1098650    
    1  214  106   16   41   107.9300       839.4650      0.4350000E-02   1.000000      0.1094335    
    1  213  106   16   42   62.23000       839.2420      0.4870000E-02   1.000000      0.1186585    
    1  213  107   16   43   50.79000       838.9780      0.4700000E-02   1.000000      0.4994590    
    1  212  107   16   44   127.0300       838.7720      0.5640000E-02   1.000000      0.5388676    
    1  212  108   16   45   6.380000       838.4140      0.6950000E-02   1.000000      0.5462676    
    1  211  108   16   46   105.3500       838.0770      0.6960000E-02   1.000000      0.5500150    
    1  211  109   16   47   100.2900       837.7180      0.5780000E-02   1.000000       1.806462    
    1  211  110   16   48   100.0700       837.4990      0.3030000E-02   1.000000       1.860170    
    1  211  111   16   49   100.3000       837.4150      0.2560000E-02   1.000000       2.164020    
    1  211  112   16   50   100.1900       837.2430      0.3700000E-02   1.000000       2.322574    
    1  211  113   16   51   100.3100       837.0450      0.4250000E-02   1.000000       2.492898    
    1  211  114   16   52   100.3100       836.8180      0.4250000E-02   1.000000       2.514679    
    1  211  115   16   53   88.86000       836.6200      0.1980000E-02   1.000000       1.575530    
    1  211  115   17    1   12.47000       836.6200      0.1000000E-03   1.000000       1.311733    
    1  211  116   17    2   75.12000       836.6200      0.1050000E-02   1.000000      0.9091797    
    1  210  116   17    3   100.8000       836.5150      0.2430000E-02   1.000000       1.510757    
    1  209  116   17    4   25.89000       836.3770      0.1730000E-02   1.000000       1.787498    
    1  209  115   17    5   75.22000       836.3420      0.1370000E-02   1.000000       1.813403    
    1  208  115   17    6   101.9500       836.2400      0.2950000E-02   1.000000       1.872086    
    1  207  115   17    7   101.7600       836.0470      0.3550000E-02   1.000000       1.419411    
    1  206  115   17    8   100.7700       835.8850      0.2710000E-02   1.000000      0.4945410    
    1  205  115   17    9   101.1400       835.7760      0.3010000E-02   1.000000      0.4932232    
    1  204  115   17   10   102.8400       835.5840      0.4490000E-02   1.000000      0.6725024    
    1  203  115   17   11   100.0400       835.3270      0.4730000E-02   1.000000      0.9863225    
    1  202  115   17   12   100.2100       835.1110      0.2810000E-02   1.000000       1.476291    
    1  201  115   17   13   100.0100       835.0460      0.1610000E-02   1.000000       1.525850    
    1  200  115   17   14   100.0000       834.9500      0.3000000E-02   1.000000       1.691196    
    1  199  115   17   15   100.0000       834.7460      0.2310000E-02   1.000000      0.8738803    
    1  198  115   17   16   100.1400       834.7190      0.1190000E-02   1.000000      0.4535649    
    1  197  115   17   17   100.2800       834.6270      0.1810000E-02   1.000000      0.4615056    
    1  196  115   17   18   100.0100       834.5380      0.1960000E-02   1.000000      0.4650873    
    1  195  115   17   19   100.0200       834.4310      0.1970000E-02   1.000000      0.4656505    
    1  194  115   17   20   100.0700       834.3410      0.9000000E-03   1.000000      0.4594106    
    1  193  115   17   21   100.1700       834.3410      0.1000000E-03   1.000000      0.4576535    
    1  192  115   17   22   100.2400       834.3410      0.1000000E-03   1.000000      0.4538915    
    1  191  115   17   23   101.8500       834.3410      0.1000000E-03   1.000000      0.4539366    
    1  190  115   17   24   7.360000       834.3410      0.1000000E-03   1.000000      0.4541168    
    1  190  116   17   25   21.86000       834.3410      0.1000000E-03   1.000000      0.4533396    
    1  201   58   18    1   101.3500       912.4530      0.3055000E-01   1.000000      0.9472265    
    1  201   59   18    2   8.440000       911.9000      0.3055000E-01   1.000000      0.8790588    
    1  202   59   18    3   186.5800       909.3980      0.3950000E-01   1.000000      0.8764198    
    1  202   60   18    4   8.440000       907.9500      0.3688000E-01   1.000000      0.8446016    
    1  203   60   18    5   100.0200       905.7100      0.3735000E-01   1.000000      0.8351905    
    1  204   60   18    6   150.0400       904.2150      0.3670000E-01   1.000000      0.7966502    
    1  204   61   18    7   7.600000       902.0400      0.3327000E-01   1.000000      0.8233396    
    1  205   61   18    8   145.7100       900.8880      0.3796000E-01   1.000000      0.8140780    
    1  205   62   18    9   100.1600       898.2440      0.4773000E-01   1.000000      0.8402197    
    1  205   63   18   10   8.440000       896.1150      0.3258000E-01   1.000000      0.8322527    
    1  206   63   18   11   161.7600       894.9860      0.3735000E-01   1.000000      0.8190574    
    1  207   64   18   12   62.60000       892.3800      0.2606000E-01   1.000000      0.8174640    
    1  206   64   18   13   45.31000       892.3800      0.2870000E-01   1.000000      0.8352901    
    1  207   65   18   14   101.8600       889.5100      0.4408000E-01   1.000000      0.5706861    
    1  207   66   18   15   93.22000       887.9720      0.2986000E-01   1.000000      0.3738714    
    1  208   66   18   16   85.35000       886.5240      0.3752000E-01   1.000000      0.3641218    
    1  208   67   18   17   113.4300       884.2200      0.3810000E-01   1.000000      0.8169162    
    1  208   68   18   18   100.0200       882.7140      0.4210000E-01   1.000000      0.8482365    
    1  208   69   18   19   106.9900       880.0100      0.4134000E-01   1.000000      0.9039557    
    1  208   70   18   20   111.1800       878.5800      0.3494000E-01   1.000000      0.7701599    
    1  208   71   18   21   108.5900       876.5160      0.3630000E-01   1.000000      0.2006539    
    1  208   72   18   22   103.0700       874.9500      0.4204000E-01   1.000000      0.2005095    
    1  208   73   18   23   101.2200       872.3120      0.4176000E-01   1.000000      0.2006887    
    1  208   74   18   24   105.7400       870.7740      0.3314000E-01   1.000000      0.3277375    
    1  208   75   18   25   107.7700       868.9980      0.3306000E-01   1.000000      0.9681398    
    1  208   76   18   26   105.0100       867.4680      0.3196000E-01   1.000000       2.231258    
    1  208   77   18   27   102.3600       865.8020      0.2762000E-01   1.000000      0.9326867    
    1  208   78   18   28   102.9400       864.7060      0.1926000E-01   1.000000      0.8938974    
    1  208   79   18   29   100.9500       863.8760      0.2469000E-01   1.000000      0.8935986    
    1  208   80   18   30   103.9000       862.2370      0.3161000E-01   1.000000      0.9023623    
    1  208   81   18   31   104.4700       860.7150      0.2409000E-01   1.000000      0.9328859    
    1  208   82   18   32   41.15000       859.8280      0.9510000E-02   1.000000      0.9365208    
    1  207   82   18   33   83.28000       859.7640      0.1675000E-01   1.000000      0.9397076    
    1  207   83   18   34   106.9300       858.1530      0.2422000E-01   1.000000      0.9275579    
    1  207   84   18   35   83.14000       857.3420      0.1133000E-01   1.000000      0.9238732    
    1  206   84   18   36   20.30000       857.0200      0.1667000E-01   1.000000      0.9128190    
    1  206   85   18   37   118.4300       855.6750      0.1963000E-01   1.000000      0.9312427    
    1  205   85   18   38   37.65000       855.0570      0.1027000E-01   1.000000      0.8945945    
    1  205   86   18   39   95.11000       854.6480      0.1496000E-01   1.000000      0.9200889    
    1  204   86   18   40   82.73000       853.5610      0.1880000E-01   1.000000      0.8309581    
    1  204   87   18   41   69.55000       852.7680      0.8410000E-02   1.000000      0.8231902    
    1  203   87   18   42   50.19000       852.7200      0.1401000E-01   1.000000      0.2648579    
    1  203   88   18   43   105.4800       851.3670      0.1484000E-01   1.000000      0.3601183    
    1  203   89   18   44   59.44000       851.2360      0.6060000E-02   1.000000      0.2476691    
    1  202   89   18   45   81.10000       850.7610      0.1302000E-01   1.000000      0.2021377    
    1  202   90   18   46   111.1500       849.9340      0.1447000E-01   1.000000      0.2035867    
    1  202   91   18   47   53.92000       849.3140      0.8150000E-02   1.000000      0.2016846    
    1  203   91   18   48   50.84000       849.1190      0.1030000E-01   1.000000      0.2017842    
    1  203   92   18   49   34.87000       848.2840      0.9950000E-02   1.000000      0.2004746    
    1  202   92   18   50   71.11000       848.1240      0.1469000E-01   1.000000      0.2001509    
    1  202   93   18   51   102.8800       846.8150      0.2432000E-01   1.000000      0.1992298    
    1  202   94   18   52   120.4800       845.6920      0.2051000E-01   1.000000      0.1997277    
    1  202   95   18   53   104.8900       844.7640      0.1872000E-01   1.000000      0.2004547    
    1  202   96   18   54   20.22000       843.8200      0.9440000E-02   1.000000      0.2005244    
    1  201   96   18   55   92.91000       843.8200      0.7420000E-02   1.000000      0.2003501    
    1  201   97   18   56   87.65000       843.0780      0.9860000E-02   1.000000      0.2002655    
    1  200   97   18   57   47.08000       842.8340      0.7690000E-02   1.000000      0.2002456    
    1  200   98   18   58   86.21000       842.3090      0.8600000E-02   1.000000      0.1994538    
    1  199   98   18   59   71.00000       841.9740      0.1031000E-01   1.000000      0.1998621    
    1  199   99   18   60   56.96000       841.2780      0.8410000E-02   1.000000      0.1989011    
    1  198   99   18   61   91.50000       841.1330      0.1079000E-01   1.000000      0.2018041    
    1  198  100   18   62   70.31000       840.1990      0.9340000E-02   1.000000      0.1996331    
    1  197  100   18   63   58.74000       840.1990      0.7190000E-02   1.000000      0.2010124    
    1  197  101   18   64   85.68000       839.4800      0.1244000E-01   1.000000      0.2004895    
    1  196  101   18   65   39.45000       838.9550      0.9190000E-02   1.000000      0.2016647    
    1  196  102   18   66   102.6900       838.5610      0.6990000E-02   1.000000      0.2004198    
    1  196  103   18   67   103.6100       838.2560      0.7020000E-02   1.000000      0.1997576    
    1  196  104   18   68   104.5900       837.8590      0.1009000E-01   1.000000      0.1988762    
    1  196  105   18   69   32.18000       837.2470      0.8850000E-02   1.000000      0.2001509    
    1  195  105   18   70   71.43000       836.9740      0.3150000E-02   1.000000      0.2002655    
    1  195  106   18   71   101.5500       836.9320      0.3880000E-02   1.000000      0.2069677    
    1  195  107   18   72   103.4400       836.5860      0.9210000E-02   1.000000      0.7397857    
    1  195  108   18   73   103.8200       836.0110      0.1152000E-01   1.000000      0.8613820    
    1  195  109   18   74   64.45000       835.4340      0.5770000E-02   1.000000      0.9143128    
    1  194  109   18   75   39.27000       835.4340      0.1000000E-03   1.000000      0.9183959    
    1  194  110   18   76   103.4800       835.4340      0.3040000E-02   1.000000      0.8504772    
    1  194  111   18   77   104.3400       835.1300      0.6040000E-02   1.000000      0.8007333    
    1  194  112   18   78   104.4200       834.8300      0.3630000E-02   1.000000      0.5355816    
    1  194  113   18   79   10.93000       834.7670      0.6300000E-03   1.000000      0.3842733    
    1  193  113   18   80   93.25000       834.7670      0.1000000E-03   1.000000      0.4313234    
    1  193  114   18   81   120.6700       834.7670      0.1320000E-02   1.000000      0.2091736    
    1  193  115   18   82   16.26000       834.6350      0.1320000E-02   1.000000      0.2023220    
    1  192  115   18   83   104.4400       834.6350      0.1000000E-03   1.000000      0.2006588    
    1  191  115   18   84   108.2900       834.6350      0.1000000E-03   1.000000      0.2006788    
    1  190  115   18   85   31.00000       834.6350      0.2940000E-02   1.000000      0.2007584    
    1  190  116   18   86   14.86000       834.3410      0.2940000E-02   1.000000      0.2004149    
    1  190  116   19    1   81.86000       834.3410      0.1020000E-02   1.000000      0.2121206    
    1  189  116   19    2   65.86000       834.2390      0.1020000E-02   1.000000      0.2122313    
    1  189  115   19    3   53.89000       834.2390      0.1230000E-02   1.000000      0.2125317    
    1  188  115   19    4   118.0200       834.1160      0.2600000E-02   1.000000      0.2122682    
    1  188  114   19    5   26.31000       833.9790      0.1370000E-02   1.000000      0.2219127    
    1  187  114   19    6   105.9300       833.9790      0.1110000E-02   1.000000      0.2187558    
    1  187  113   19    7   103.3600       833.8680      0.5170000E-02   1.000000      0.5450450    
    1  187  112   19    8   99.43000       833.4620      0.4060000E-02   1.000000      0.7418345    
    1  186  111   19    9   82.32000       833.4620      0.1000000E-03   1.000000      0.8639980    
    1  186  112   19   10   40.93000       833.4620      0.2440000E-02   1.000000      0.7170118    
    1  185  112   19   11   173.2600       833.2180      0.3690000E-02   1.000000      0.6598301    
    1  184  112   19   12   129.8300       833.0930      0.2500000E-02   1.000000      0.4796627    
    1  183  112   19   13   105.3000       832.9680      0.1250000E-02   1.000000      0.5242382    
    1  183  111   19   14   20.51000       832.9680      0.1600000E-02   1.000000      0.7453656    
    1  182  112   19   15   121.7300       832.8080      0.1600000E-02   1.000000      0.8033379    
    1  182  113   19   16   106.5600       832.8080      0.4900000E-03   1.000000      0.7046269    
    1  181  113   19   17   13.37000       832.7590      0.1070000E-02   1.000000      0.8216782    
    1  181  114   19   18   114.1100       832.7010      0.5800000E-03   1.000000      0.7606492    
    1  181  115   19   19   78.59000       832.7010      0.1000000E-03   1.000000      0.5918971    
    1  180  115   19   20   30.51000       832.7010      0.1280000E-02   1.000000      0.6919257    
    1  180  114   19   21   92.20000       832.5730      0.1280000E-02   1.000000      0.8506643    
    1  179  114   19   22   71.22000       832.5730      0.1000000E-03   1.000000      0.8824964    
    1  179  113   19   23   109.2800       832.5690      0.5170000E-02   1.000000      0.9224446    
    1  179  112   19   24   109.5900       832.0560      0.5130000E-02   1.000000      0.9728278    
    1  179  111   19   25   152.3800       832.0560      0.5500000E-03   1.000000      0.9803642    
    1  178  111   19   26   111.2300       832.0010      0.1450000E-02   1.000000       1.009350    
    1  177  111   19   27   106.6400       831.9110      0.1630000E-02   1.000000      0.9982302    
    1  177  110   19   28   159.4300       831.8380      0.7300000E-03   1.000000      0.9849492    
    1  177  109   19   29   10.09000       831.8380      0.1000000E-03   1.000000      0.9832101    
    1  176  109   19   30   108.7000       831.8380      0.1000000E-03   1.000000      0.9776764    
    1  176  110   19   31   105.5200       831.8380      0.1000000E-03   1.000000      0.9704562    
    1  175  110   19   32   16.26000       831.8380      0.1400000E-03   1.000000      0.9475308    
    1  175  111   19   33   116.0300       831.8240      0.1400000E-03   1.000000      0.9312985    
    1  175  112   19   34   52.71000       831.8240      0.1000000E-03   1.000000      0.9163311    
    1  174  112   19   35   63.49000       831.8240      0.1530000E-02   1.000000      0.9099015    
    1  174  111   19   36   47.39000       831.6710      0.1740000E-02   1.000000      0.9128528    
    1  173  111   19   37   103.8300       831.6500      0.3280000E-02   1.000000      0.9149609    
    1  172  111   19   38   190.1800       831.3430      0.3070000E-02   1.000000      0.9157514    
    1  171  111   19   39   3.380000       831.3430      0.1000000E-03   1.000000      0.9224973    
    1  172  110   19   40   55.45000       831.3430      0.1480000E-02   1.000000      0.9098488    
    1  171  110   19   41   133.1600       831.1950      0.1480000E-02   1.000000      0.9298756    
    1  171  109   19   42   77.53000       831.1950      0.1000000E-03   1.000000      0.9807331    
    1  170  109   19   43   62.24000       831.1950      0.5400000E-03   1.000000      0.9836844    
    1  170  110   19   44   71.10000       831.1410      0.5400000E-03   1.000000      0.9555415    
    1  169  110   19   45   50.00000       831.1410      0.1000000E-03   1.000000      0.9752521    
    1  169  109   19   46   126.1800       831.1410      0.1000000E-03   1.000000      0.9889019    
    1  168  109   19   47   110.7200       831.1410      0.1000000E-03   1.000000      0.9982302    
    1  167  109   19   48   37.34000       831.1410      0.7200000E-03   1.000000       4.280832    
    1  167  110   19   49   108.9700       831.0690      0.8300000E-03   1.000000       5.800391    
    1  167  111   19   50   94.62000       831.0580      0.1780000E-02   1.000000      0.9671886    
    1  166  111   19   51   97.39000       830.8910      0.1670000E-02   1.000000      0.9758845    
    1  166  112   19   52   60.99000       830.8910      0.2810000E-02   1.000000      0.8885571    
    1  165  111   19   53   153.5300       830.6100      0.3180000E-02   1.000000      0.9936451    
    1  164  111   19   54   117.7700       830.5730      0.3700000E-03   1.000000       2.888496    
    1  164  112   19   55   128.9700       830.5730      0.1000000E-03   1.000000      0.8941436    
    1  164  113   19   56   73.90000       830.5730      0.1000000E-03   1.000000      0.2342186    
    1  163  112   19   57   131.9700       830.5730      0.7300000E-03   1.000000      0.9483213    
    1  162  112   19   58   71.83000       830.5000      0.7300000E-03   1.000000       1.091460    
    1  162  113   19   59   34.12000       830.5000      0.2610000E-02   1.000000      0.9041569    
    1  161  113   19   60   6.040000       830.2390      0.2610000E-02   1.000000      0.9788358    
    1  161  112   19   61   118.0600       830.2390      0.1000000E-03   1.000000       1.074174    
    1  160  112   19   62   7.710000       830.2390      0.9000000E-03   1.000000       1.013988    
    1  160  113   19   63   139.5500       830.1490      0.9000000E-03   1.000000      0.9754102    
    1  159  113   19   64   70.78000       830.1490      0.1000000E-03   1.000000      0.9721426    
    1  159  114   19   65   87.77000       830.1490      0.3610000E-02   1.000000      0.9076353    
    1  158  114   19   66   101.8400       829.7880      0.3610000E-02   1.000000      0.8994138    
    1  157  114   19   67   153.0900       829.7880      0.1000000E-03   1.000000      0.8618372    
    1  156  114   19   68   29.18000       829.7880      0.2000000E-03   1.000000      0.3810888    
    1  156  115   19   69   95.91000       829.7680      0.1290000E-02   1.000000      0.8013352    
    1  155  115   19   70   107.2200       829.6590      0.1880000E-02   1.000000      0.2123841    
    1  154  115   19   71   73.55000       829.5800      0.2850000E-02   1.000000      0.2123262    
    1  154  116   19   72   76.63000       829.3740      0.2830000E-02   1.000000      0.6694746E-01
    1  153  116   19   73   103.2900       829.2970      0.7900000E-03   1.000000      0.1338475    
    1  152  116   19   74   60.90000       829.2950      0.1000000E-03   1.000000      0.2097965    
    1  152  115   19   75   81.96000       829.2950      0.1000000E-03   1.000000      0.2120890    
    1  151  115   19   76   113.4800       829.2950      0.8200000E-03   1.000000      0.2122155    
    1  151  116   19   77   37.60000       829.2130      0.2560000E-02   1.000000      0.2118624    
    1  150  116   19   78   120.8700       829.0390      0.1740000E-02   1.000000      0.2123209    
    1  150  115   19   79   43.52000       829.0390      0.5900000E-03   1.000000      0.2123683    
    1  149  115   19   80   130.4800       828.9800      0.5900000E-03   1.000000      0.2177334    
    1  148  115   19   81   128.3800       828.9800      0.1000000E-03   1.000000      0.6257845    
    1  147  115   19   82   10.14000       828.9800      0.1000000E-03   1.000000      0.8848680    
    1  148  114   19   83   94.66000       828.9800      0.1000000E-03   1.000000      0.2140179    
    1  147  114   19   84   33.49000       828.9800      0.1000000E-03   1.000000      0.3386847    
    1  147  113   19   85   114.0800       828.9800      0.1000000E-03   1.000000      0.2227822    
    1  146  113   19   86   16.41000       828.9800      0.1000000E-03   1.000000      0.2126582    
    1  154   60   20    1   26.44000       875.0200      0.1734000E-01   1.000000       1.965012    
    1  154   61   20    2   55.05000       874.0800      0.1734000E-01   1.000000       10.40172    
    1  153   61   20    3   99.95000       873.2860      0.1440000E-01   1.000000       10.52957    
    1  153   62   20    4   51.58000       872.6400      0.1688000E-01   1.000000       10.52957    
    1  152   62   20    5   59.40000       871.5980      0.2209000E-01   1.000000       10.52957    
    1  152   63   20    6   126.8400       870.4310      0.2203000E-01   1.000000       10.52957    
    1  152   64   20    7   28.78000       869.3950      0.1730000E-01   1.000000       10.52957    
    1  151   64   20    8   95.88000       868.7010      0.1794000E-01   1.000000       10.52957    
    1  151   65   20    9   113.8700       867.6010      0.1888000E-01   1.000000       10.52957    
    1  151   66   20   10   23.12000       866.8130      0.1514000E-01   1.000000       10.50327    
    1  150   66   20   11   107.3900       866.0870      0.1550000E-01   1.000000       10.52957    
    1  150   67   20   12   106.9600       865.2630      0.1304000E-01   1.000000       10.52866    
    1  149   67   20   13   18.62000       864.7830      0.1272000E-01   1.000000       10.52957    
    1  149   68   20   14   110.0500       863.9910      0.1532000E-01   1.000000       10.52957    
    1  149   69   20   15   100.0900       863.2510      0.7400000E-02   1.000000       10.52957    
    1  149   70   20   16   107.7100       863.2510      0.1041000E-01   1.000000       10.52957    
    1  148   70   20   17   64.38000       862.2100      0.1041000E-01   1.000000       10.52957    
    1  148   71   20   18   49.62000       862.2100      0.1000000E-03   1.000000       10.52957    
    1  147   71   20   19   100.4800       862.2100      0.3720000E-02   1.000000       10.52957    
    1  146   71   20   20   111.3400       861.8380      0.1676000E-01   1.000000       10.52957    
    1  145   71   20   21   112.6000       860.5340      0.2277000E-01   1.000000       10.52957    
    1  144   71   20   22   103.7400       859.5610      0.1892000E-01   1.000000       10.52957    
    1  143   71   20   23   101.9800       858.6420      0.1396000E-01   1.000000       10.52957    
    1  142   71   20   24   101.2800       858.1650      0.8460000E-02   1.000000       10.52957    
    1  141   71   20   25   102.1100       857.7960      0.9600000E-02   1.000000       10.52957    
    1  140   71   20   26   101.3500       857.2050      0.1021000E-01   1.000000       10.52957    
    1  139   71   20   27   35.63000       856.7750      0.1052000E-01   1.000000       10.52957    
    1  139   72   20   28   65.53000       856.1530      0.1235000E-01   1.000000       10.52957    
    1  138   72   20   29   102.6400       855.5400      0.1317000E-01   1.000000       10.52957    
    1  137   72   20   30   102.6200       854.8360      0.1706000E-01   1.000000       10.52957    
    1  136   72   20   31   108.2400       853.8340      0.1779000E-01   1.000000       10.52957    
    1  135   72   20   32   14.20000       853.0570      0.7770000E-02   1.000000       10.52957    
    1  135   73   20   33   90.42000       853.0570      0.1193000E-01   1.000000       10.07894    
    1  134   73   20   34   111.7100       851.8640      0.2724000E-01   1.000000       8.684151    
    1  133   73   20   35   73.05000       850.3330      0.1531000E-01   1.000000       10.51597    
    1  133   74   20   36   32.61000       850.3330      0.1000000E-03   1.000000       10.52957    
    1  132   74   20   37   100.8200       850.3330      0.4300000E-03   1.000000       10.52231    
    1  131   74   20   38   81.05000       850.2900      0.2520000E-01   1.000000       2.507312    
    1  131   73   20   39   22.36000       847.8130      0.3126000E-01   1.000000       9.979198    
    1  130   73   20   40   121.7400       847.1640      0.1477000E-01   1.000000       1.653468    
    1  129   73   20   41   33.86000       846.3360      0.8280000E-02   1.000000       1.517915    
    1  129   72   20   42   97.72000       846.3360      0.6530000E-02   1.000000       1.589998    
    1  128   72   20   43   2.610000       845.6830      0.7840000E-02   1.000000       1.524353    
    1  128   73   20   44   106.1400       845.5520      0.6940000E-02   1.000000      0.7016720    
    1  127   73   20   45   104.7900       844.9890      0.7460000E-02   1.000000      0.3374576    
    1  126   73   20   46   47.20000       844.8060      0.1075000E-01   1.000000      0.3021142    
    1  126   74   20   47   64.70000       843.9140      0.1099000E-01   1.000000      0.2203022    
    1  125   74   20   48   111.6700       843.7070      0.8670000E-02   1.000000      0.2537687    
    1  125   75   20   49   115.2300       843.0470      0.6600000E-02   1.000000      0.1649841    
    1  125   76   20   50   42.85000       843.0470      0.5180000E-02   1.000000       1.482282    
    1  124   76   20   51   101.3200       842.5290      0.1260000E-01   1.000000      0.3602793    
    1  123   76   20   52   101.4000       841.7870      0.9970000E-02   1.000000      0.3410300    
    1  122   76   20   53   100.7200       841.5320      0.5830000E-02   1.000000      0.3388267    
    1  121   76   20   54   102.8600       841.2040      0.3280000E-02   1.000000      0.7053260E-01
    1  120   76   20   55   39.05000       841.2040      0.9900000E-02   1.000000      0.7053260E-01
    1  120   77   20   56   85.72000       840.2140      0.1520000E-01   1.000000      0.3404950    
    1  119   77   20   57   104.4800       839.6840      0.8620000E-02   1.000000      0.3094676    
    1  118   77   20   58   79.01000       839.3520      0.3320000E-02   1.000000      0.2230948    
    1  118   78   20   59   27.00000       839.3520      0.4100000E-03   1.000000      0.3008085    
    1  117   78   20   60   104.1100       839.3110      0.4280000E-02   1.000000      0.7228708E-01
    1  116   78   20   61   119.3300       838.9240      0.3870000E-02   1.000000      0.7248020E-01
    1  116   79   20   62   17.50000       838.9240      0.1000000E-03   1.000000      0.7837923E-01
    1  115   79   20   63   101.7800       838.9240      0.1000000E-03   1.000000      0.8240772E-01
    1  114   79   20   64   103.1000       838.9240      0.1226000E-01   1.000000      0.9800577E-01
    1  113   79   20   65   119.2000       837.6980      0.2008000E-01   1.000000      0.1424797    
    1  112   79   20   66   33.31000       836.9160      0.7820000E-02   1.000000      0.2343561    
    1  112   80   20   67   79.81000       836.9160      0.5530000E-02   1.000000      0.2203838    
    1  111   80   20   68   109.0900       836.3630      0.5530000E-02   1.000000      0.1804797    
    1  111   79   20   69   7.070000       836.3630      0.8840000E-02   1.000000      0.3335769    
    1  110   79   20   70   113.0300       835.4790      0.1302000E-01   1.000000      0.3498794    
    1  109   79   20   71   109.4000       835.0610      0.4180000E-02   1.000000      0.3560360    
    1  108   79   20   72   100.9600       835.0610      0.1501000E-01   1.000000      0.8028784    
    1  107   79   20   73   101.6700       833.5600      0.2519000E-01   1.000000       1.559986    
    1  106   79   20   74   120.2600       832.5420      0.1684000E-01   1.000000       1.720383    
    1  105   79   20   75   14.74000       831.8760      0.6660000E-02   1.000000      0.3591097    
    1  105   80   20   76   99.04000       831.8760      0.4140000E-02   1.000000      0.3412385    
    1  104   80   20   77   106.4100       831.4620      0.1078000E-01   1.000000      0.7056434E-01
    1  103   80   20   78   109.8400       830.7980      0.6640000E-02   1.000000      0.7053260E-01
    1  103   81   20   79   10.46000       830.7980      0.4730000E-02   1.000000      0.7053260E-01
    1  102   81   20   80   124.5700       830.3250      0.1216000E-01   1.000000      0.7054892E-01
    1  101   81   20   81   103.6400       829.5820      0.1214000E-01   1.000000      0.7053532E-01
    1  100   81   20   82   125.2900       829.1110      0.7670000E-02   1.000000      0.7053623E-01
    1  100   80   20   83   100.0300       828.8150      0.2960000E-02   1.000000      0.7053442E-01
    1  100   79   20   84   106.5600       828.8150      0.3260000E-02   1.000000      0.7053260E-01
    1   99   79   20   85   101.8700       828.4890      0.9480000E-02   1.000000      0.7053260E-01
    1   98   79   20   86   37.15000       827.8670      0.1003000E-01   1.000000      0.7053351E-01
    1   98   80   20   87   65.07000       827.4860      0.9190000E-02   1.000000      0.7108569E-01
    1   97   80   20   88   102.3100       826.9480      0.1013000E-01   1.000000      0.8309047E-01
    1   96   80   20   89   102.0500       826.4730      0.1021000E-01   1.000000      0.1751120    
    1   95   80   20   90   101.9000       825.9270      0.9470000E-02   1.000000      0.3482202    
    1   94   80   20   91   102.3100       825.5260      0.4010000E-02   1.000000      0.3603247    
    1   93   80   20   92   14.41000       825.5260      0.3580000E-02   1.000000      0.3627909    
    1   93   81   20   93   87.77000       825.1680      0.6950000E-02   1.000000      0.3610500    
    1   92   81   20   94   102.3000       824.8310      0.5990000E-02   1.000000      0.3551655    
    1   91   81   20   95   102.1600       824.5690      0.3820000E-02   1.000000      0.3376298    
    1   90   81   20   96   102.1200       824.4490      0.5890000E-02   1.000000      0.3095945    
    1   89   81   20   97   44.92000       823.9800      0.1071000E-01   1.000000      0.3302130    
    1   89   82   20   98   77.97000       823.3780      0.1218000E-01   1.000000      0.3496799    
    1   88   82   20   99   66.75000       822.7620      0.7740000E-02   1.000000      0.3590099    
    1   88   83   20  100   97.01000       822.6040      0.5970000E-02   1.000000      0.3611226    
    1   87   83   20  101   62.82000       822.1650      0.6750000E-02   1.000000      0.3533521    
    1   87   84   20  102   107.0400       821.9290      0.4490000E-02   1.000000      0.2342745    
    1   87   85   20  103   35.72000       821.7160      0.9390000E-02   1.000000      0.7364260E-01
    1   86   85   20  104   107.3300       820.9900      0.1062000E-01   1.000000      0.7078920E-01
    1   85   85   20  105   83.82000       820.6540      0.1281000E-01   1.000000      0.7053714E-01
    1   85   86   20  106   36.21000       819.7090      0.3215000E-01   1.000000      0.7053260E-01
    1   84   86   20  107   15.94000       817.4390      0.2488000E-01   1.000000      0.7053260E-01
    1   84   85   20  108   79.52000       817.2210      0.2488000E-01   1.000000      0.7053260E-01
    1  178   33   21    1   102.8600       932.7900      0.2509900E-01   1.000000       1.467933    
    1  178   34   21    2   101.5300       932.7900      0.2509900E-01   1.000000       8.640990    
    1  178   35   21    3   109.1600       930.2800      0.3370000E-01   1.000000       6.776956    
    1  178   36   21    4   106.6800       929.4200      0.1770000E-01   1.000000       1.706359    
    1  178   37   21    5   101.3700       928.5100      0.2900000E-01   1.000000       1.460353    
    1  178   38   21    6   54.96000       926.5200      0.2950000E-01   1.000000       1.445193    
    1  177   38   21    7   87.86000       925.5600      0.2685000E-01   1.000000       1.837167    
    1  177   39   21    8   101.5700       923.8350      0.3472000E-01   1.000000       8.688270    
    1  177   40   21    9   73.26000       922.0880      0.3365000E-01   1.000000       8.715287    
    1  176   40   21   10   116.1000       920.4700      0.1618000E-01   1.000000       8.713786    
    1  175   40   21   11   12.66000       920.4700      0.1819900E-01   1.000000       8.292769    
    1  175   41   21   12   125.0600       918.6500      0.2842000E-01   1.000000       8.715287    
    1  175   42   21   13   35.90000       917.6280      0.1346000E-01   1.000000       8.715287    
    1  174   42   21   14   74.10000       917.3040      0.2460000E-01   1.000000       8.715287    
    1  174   43   21   15   101.2800       915.1680      0.4538000E-01   1.000000       8.715287    
    1  174   44   21   16   87.42000       912.7660      0.2402000E-01   1.000000       8.715287    
    1  175   44   21   17   15.01000       912.7660      0.2108000E-01   1.000000       8.715287    
    1  174   45   21   18   117.6000       910.6580      0.2636000E-01   1.000000       8.715287    
    1  173   45   21   19   51.82000       910.1300      0.2735000E-01   1.000000       8.715287    
    1  173   46   21   20   108.7000       907.9230      0.4106000E-01   1.000000       8.708533    
    1  173   47   21   21   48.22000       906.0240      0.3163000E-01   1.000000       1.795816    
    1  172   47   21   22   67.44000       904.7600      0.2364000E-01   1.000000       8.715287    
    1  172   48   21   23   106.6900       903.6600      0.3167000E-01   1.000000       8.715287    
    1  172   49   21   24   110.3000       901.5930      0.3422000E-01   1.000000       1.249244    
    1  172   50   21   25   78.36000       900.2380      0.2607000E-01   1.000000      0.8186952    
    1  171   50   21   26   111.2300       898.9860      0.1252000E-01   1.000000       1.250069    
    1  170   50   21   27   24.45000       898.9860      0.1250000E-01   1.000000      0.7140562    
    1  170   51   21   28   111.1100       897.7360      0.1707000E-01   1.000000      0.3496697    
    1  171   51   21   29   6.840000       897.2790      0.2754000E-01   1.000000      0.8225226    
    1  171   52   21   30   140.7200       894.9820      0.4016000E-01   1.000000       1.384705    
    1  171   53   21   31   113.4900       893.2630      0.3177000E-01   1.000000       1.427107    
    1  171   54   21   32   73.24000       891.8050      0.1509000E-01   1.000000       1.616227    
    1  170   54   21   33   44.97000       891.7540      0.1979000E-01   1.000000       8.715287    
    1  170   55   21   34   101.8500       889.8260      0.3475000E-01   1.000000       8.715287    
    1  170   56   21   35   112.2200       888.2790      0.3130000E-01   1.000000       2.444303    
    1  170   57   21   36   77.50000       886.6960      0.1921000E-01   1.000000       1.379376    
    1  169   57   21   37   62.47000       886.3580      0.2365000E-01   1.000000       1.381928    
    1  169   58   21   38   112.3900       884.3310      0.3618000E-01   1.000000       1.183952    
    1  169   59   21   39   40.56000       882.7400      0.1711000E-01   1.000000       1.362190    
    1  168   59   21   40   70.19000       882.6200      0.2040000E-01   1.000000       2.035368    
    1  168   60   21   41   122.9800       880.7000      0.2851000E-01   1.000000       8.715287    
    1  167   60   21   42   14.63000       879.7690      0.2320000E-01   1.000000       8.715287    
    1  167   61   21   43   113.4300       878.3800      0.2876000E-01   1.000000       8.715287    
    1  167   62   21   44   108.8200       876.8930      0.3097000E-01   1.000000       8.715287    
    1  167   63   21   45   106.3600       875.2830      0.3535000E-01   1.000000       8.715287    
    1  167   64   21   46   103.3700       873.3580      0.3823000E-01   1.000000       8.715287    
    1  167   65   21   47   110.3800       871.4600      0.3689000E-01   1.000000       8.715287    
    1  167   66   21   48   118.7500       869.6690      0.2606000E-01   1.000000       8.715287    
    1  167   67   21   49   116.2800       868.8540      0.1249000E-01   1.000000       8.715287    
    1  167   68   21   50   29.69000       868.4200      0.1919000E-01   1.000000       8.715287    
    1  166   68   21   51   90.46000       866.9350      0.3276000E-01   1.000000       8.715287    
    1  166   69   21   52   108.3400       865.1440      0.2925000E-01   1.000000       8.715287    
    1  166   70   21   53   103.6100       864.0100      0.2114000E-01   1.000000       8.715287    
    1  166   71   21   54   107.8400       863.0300      0.2230000E-01   1.000000       8.715287    
    1  166   72   21   55   104.9400       861.7800      0.1830000E-01   1.000000       8.715287    
    1  166   73   21   56   117.2600       861.2000      0.1697000E-01   1.000000       8.715287    
    1  165   74   21   57   113.1100       860.0830      0.2095000E-01   1.000000       8.715287    
    1  165   75   21   58   109.1300       859.1050      0.1890000E-01   1.000000       8.715287    
    1  165   76   21   59   75.70000       858.1930      0.1458000E-01   1.000000       8.715287    
    1  164   76   21   60   30.63000       857.6470      0.1877000E-01   1.000000       8.715287    
    1  164   77   21   61   121.1700       856.3160      0.2342000E-01   1.000000       8.715287    
    1  164   78   21   62   102.7900       855.3050      0.1968000E-01   1.000000       8.715287    
    1  164   79   21   63   85.44000       854.3480      0.1338000E-01   1.000000       8.715287    
    1  163   79   21   64   22.82000       853.9670      0.8940000E-02   1.000000       8.715287    
    1  163   80   21   65   117.7800       853.4540      0.1760000E-01   1.000000       8.715287    
    1  163   81   21   66   52.31000       852.2070      0.1575000E-01   1.000000       8.715287    
    1  162   81   21   67   92.88000       851.8790      0.1702000E-01   1.000000       8.715287    
    1  162   82   21   68   105.9300       850.5050      0.1487000E-01   1.000000       8.715287    
    1  162   83   21   69   4.730000       850.3920      0.1257000E-01   1.000000       8.715287    
    1  161   83   21   70   129.8800       849.2480      0.1803000E-01   1.000000       8.715287    
    1  161   84   21   71   22.42000       848.5890      0.1249000E-01   1.000000       8.715287    
    1  160   84   21   72   99.02000       847.9990      0.1658000E-01   1.000000       8.715287    
    1  160   85   21   73   114.4400       846.9310      0.1762000E-01   1.000000       8.715287    
    1  160   86   21   74   100.2500       846.2370      0.6940000E-02   1.000000       8.715287    
    1  160   87   21   75   44.53000       846.2370      0.6040000E-02   1.000000       8.715287    
    1  159   87   21   76   58.42000       845.6330      0.1726000E-01   1.000000       8.715287    
    1  159   88   21   77   101.9700       844.5110      0.1348000E-01   1.000000       8.715287    
    1  159   89   21   78   111.6800       844.2850      0.2580000E-02   1.000000       8.715287    
    1  159   90   21   79   46.21000       844.2530      0.1126000E-01   1.000000       8.715287    
    1  158   90   21   80   62.71000       843.1590      0.1678000E-01   1.000000       8.715287    
    1  158   91   21   81   110.8400       842.5750      0.5840000E-02   1.000000       8.715287    
    1  158   92   21   82   48.91000       842.5750      0.9880000E-02   1.000000       8.715287    
    1  157   92   21   83   78.89000       841.5870      0.9880000E-02   1.000000       8.715287    
    1  157   93   21   84   103.6400       841.5870      0.4110000E-02   1.000000       5.405309    
    1  157   94   21   85   89.48000       841.1760      0.4110000E-02   1.000000       1.444668    
    1  156   94   21   86   15.67000       841.1760      0.6810000E-02   1.000000       1.395662    
    1  156   95   21   87   108.6600       840.4950      0.1381000E-01   1.000000       1.392360    
    1  156   96   21   88   106.7700       839.7950      0.1157000E-01   1.000000       1.410896    
    1  156   97   21   89   43.83000       839.3380      0.4570000E-02   1.000000       2.012629    
    1  155   97   21   90   63.20000       839.3380      0.7160000E-02   1.000000       1.550935    
    1  155   98   21   91   106.0800       838.6220      0.1219000E-01   1.000000       4.824965    
    1  155   99   21   92   100.5900       838.1190      0.1047000E-01   1.000000       8.326540    
    1  155  100   21   93   101.1900       837.5750      0.1044000E-01   1.000000       8.715287    
    1  155  101   21   94   100.2000       837.0750      0.1212000E-01   1.000000       8.715287    
    1  155  102   21   95   100.1400       836.3630      0.1333000E-01   1.000000       8.713786    
    1  155  103   21   96   102.1400       835.7420      0.1130000E-01   1.000000       8.449618    
    1  155  104   21   97   89.71000       835.2330      0.7150000E-02   1.000000       2.833575    
    1  154  104   21   98   11.87000       835.0270      0.7740000E-02   1.000000       3.890472    
    1  154  105   21   99   102.8100       834.4590      0.9080000E-02   1.000000       1.787861    
    1  154  106   21  100   113.9000       834.1190      0.9030000E-02   1.000000       1.488045    
    1  154  107   21  101   31.81000       833.5560      0.5630000E-02   1.000000       1.277612    
    1  153  107   21  102   103.7300       833.5560      0.7330000E-02   1.000000       1.277762    
    1  153  108   21  103   40.19000       832.8230      0.7430000E-02   1.000000       1.269507    
    1  152  108   21  104   97.66000       832.8130      0.5790000E-02   1.000000       1.269356    
    1  152  109   21  105   45.36000       832.2440      0.7110000E-02   1.000000       1.268531    
    1  151  109   21  106   117.5000       832.1020      0.7780000E-02   1.000000       1.268981    
    1  151  110   21  107   9.490000       831.4660      0.9440000E-02   1.000000       1.268381    
    1  150  110   21  108   133.5900       831.1580      0.8920000E-02   1.000000       1.254797    
    1  149  110   21  109   18.33000       830.5740      0.6850000E-02   1.000000       1.266204    
    1  149  111   21  110   91.48000       830.4730      0.6080000E-02   1.000000      0.8942682    
    1  148  111   21  111   117.6800       829.9660      0.5070000E-02   1.000000      0.3217594    
    1  147  111   21  112   10.46000       829.9660      0.2350000E-02   1.000000      0.3979553    
    1  147  112   21  113   138.3000       829.7310      0.5650000E-02   1.000000      0.3193354    
    1  147  113   21  114   5.510000       829.4010      0.7510000E-02   1.000000      0.3172416    
    1  146  113   21  115   15.18000       828.9800      0.4210000E-02   1.000000      0.3028249    
    1  146  113   22    1   63.38000       828.9800      0.1000000E-03   1.000000      0.3578263    
    1  146  112   22    2   132.3000       828.9800      0.1000000E-03   1.000000      0.6407194    
    1  146  111   22    3   35.32000       828.9800      0.1000000E-03   1.000000      0.9226991    
    1  145  111   22    4   100.3300       828.9800      0.1000000E-03   1.000000      0.3591388    
    1  145  112   22    5   16.96000       828.9800      0.1000000E-03   1.000000      0.3681130    
    1  144  112   22    6   118.0300       828.9800      0.1000000E-03   1.000000      0.3759167    
    1  144  113   22    7   44.39000       828.9800      0.1000000E-03   1.000000      0.3634397    
    1  143  113   22    8   26.36000       828.9800      0.1000000E-03   1.000000      0.3569484    
    1  143  112   22    9   93.09000       828.9800      0.9300000E-03   1.000000      0.3572233    
    1  142  113   22   10   107.8600       828.8870      0.1410000E-02   1.000000      0.3573741    
    1  141  113   22   11   105.3300       828.8390      0.1180000E-02   1.000000      0.3613114    
    1  140  113   22   12   101.9000       828.7690      0.3470000E-02   1.000000      0.3582697    
    1  140  114   22   13   15.32000       828.4920      0.5480000E-02   1.000000      0.3567622    
    1  139  114   22   14   124.7300       828.2210      0.2710000E-02   1.000000      0.3566380    
    1  139  113   22   15   52.82000       828.2210      0.1000000E-03   1.000000      0.3577199    
    1  138  113   22   16   107.9100       828.2210      0.1900000E-03   1.000000      0.3584294    
    1  137  113   22   17   123.1600       828.2020      0.1900000E-03   1.000000      0.3570016    
    1  137  114   22   18   27.26000       828.2020      0.2340000E-02   1.000000      0.3559641    
    1  136  114   22   19   123.9800       827.9680      0.4330000E-02   1.000000      0.3561060    
    1  135  114   22   20   112.9400       827.7690      0.1990000E-02   1.000000      0.3560439    
    1  134  114   22   21   122.4200       827.7690      0.1000000E-03   1.000000      0.3559020    
    1  134  113   22   22   74.81000       827.7690      0.3600000E-03   1.000000      0.3550862    
    1  133  114   22   23   105.7600       827.7330      0.3710000E-02   1.000000      0.3555739    
    1  132  114   22   24   119.3000       827.3980      0.3350000E-02   1.000000      0.3551837    
    1  132  115   22   25   72.58000       827.3980      0.1000000E-03   1.000000      0.3541817    
    1  131  115   22   26   39.82000       827.3980      0.1550000E-02   1.000000      0.3533569    
    1  131  116   22   27   129.5000       827.2430      0.2340000E-02   1.000000      0.3514947    
    1  130  116   22   28   117.3500       827.1640      0.7900000E-03   1.000000      0.3526919    
    1  129  116   22   29   73.98000       827.1640      0.1000000E-03   1.000000      0.3524436    
    1  129  117   22   30   41.35000       827.1640      0.1000000E-03   1.000000      0.3591388    
    1  128  117   22   31   18.10000       827.1640      0.1780000E-02   1.000000       1.588585    
    1  128  116   22   32   109.8400       826.9860      0.1780000E-02   1.000000       1.517111    
    1  127  116   22   33   22.18000       826.9860      0.1020000E-02   1.000000       1.530767    
    1  127  117   22   34   88.62000       826.8840      0.3810000E-02   1.000000       1.499641    
    1  126  117   22   35   116.1600       826.6050      0.2790000E-02   1.000000       1.503188    
    1  126  118   22   36   30.37000       826.6050      0.1000000E-03   1.000000       1.499641    
    1  125  118   22   37   77.15000       826.6050      0.1000000E-03   1.000000       1.507445    
    1  125  119   22   38   110.3000       826.6050      0.1000000E-03   1.000000       1.497335    
    1  124  119   22   39   68.15000       826.6050      0.1000000E-03   1.000000       1.496182    
    1  124  120   22   40   46.43000       826.6050      0.1610000E-02   1.000000      0.4883433    
    1  123  120   22   41   102.8900       826.4440      0.3130000E-02   1.000000      0.4724343    
    1  122  120   22   42   141.2800       826.2920      0.1520000E-02   1.000000      0.4535636    
    1  121  120   22   43   120.1900       826.2920      0.1000000E-03   1.000000      0.3585978    
    1  121  121   22   44   19.95000       826.2920      0.1000000E-03   1.000000      0.3540752    
    1  120  121   22   45   76.97000       826.2920      0.1000000E-03   1.000000      0.3539600    
    1  120  120   22   46   41.53000       826.2920      0.1030000E-02   1.000000      0.3539156    
    1  119  120   22   47   120.3200       826.1890      0.1030000E-02   1.000000      0.3535520    
    1  119  119   22   48   10.41000       826.1890      0.5100000E-03   1.000000      0.3556448    
    1  118  119   22   49   81.59000       826.1380      0.5100000E-03   1.000000      0.3551660    
    1  118  120   22   50   38.99000       826.1380      0.2190000E-02   1.000000      0.3533835    
    1  117  120   22   51   105.3600       825.9190      0.2190000E-02   1.000000      0.3535254    
    1  116  119   22   52   54.33000       825.9190      0.1800000E-03   1.000000      0.3541905    
    1  116  120   22   53   84.68000       825.9010      0.1430000E-02   1.000000      0.3532594    
    1  115  120   22   54   108.4100       825.7760      0.1250000E-02   1.000000      0.3533835    
    1  115  119   22   55   31.74000       825.7760      0.1000000E-03   1.000000      0.3535343    
    1  114  119   22   56   23.74000       825.7760      0.1000000E-03   1.000000      0.3598039    
    1  114  120   22   57   93.04000       825.7760      0.8600000E-03   1.000000      0.3554409    
    1  113  120   22   58   107.5000       825.6900      0.8600000E-03   1.000000      0.3857778    
    1  112  120   22   59   105.4200       825.6900      0.2300000E-03   1.000000      0.4589286    
    1  111  120   22   60   112.6800       825.6670      0.1740000E-02   1.000000      0.4810007    
    1  110  120   22   61   110.7400       825.5160      0.1510000E-02   1.000000      0.3655414    
    1  109  120   22   62   100.0000       825.5160      0.1000000E-03   1.000000      0.3532417    
    1  108  120   22   63   100.0000       825.5160      0.5000000E-03   1.000000      0.3551394    
    1  107  120   22   64   100.0000       825.4660      0.1190000E-02   1.000000      0.3572145    
    1  106  120   22   65   100.0000       825.3970      0.1930000E-02   1.000000      0.3880834    
    1  105  120   22   66   100.0000       825.2730      0.2970000E-02   1.000000       1.022196    
    1  104  120   22   67   100.0600       825.1000      0.3610000E-02   1.000000       1.504341    
    1  103  120   22   68   107.5200       824.9120      0.6090000E-02   1.000000       1.507533    
    1  102  120   22   69   100.0500       824.4910      0.4210000E-02   1.000000       1.497779    
    1  102  120   23    1   13.35000       824.4910      0.1000000E-03   1.000000       1.744506    
    1  101  120   23    2   107.5600       824.4910      0.1000000E-03   1.000000      0.9836886    
    1  100  120   23    3   104.1400       824.4910      0.2100000E-03   1.000000       1.721680    
    1   99  120   23    4   108.2500       824.4700      0.4900000E-03   1.000000       1.739135    
    1   98  120   23    5   23.14000       824.4420      0.5600000E-03   1.000000       1.747501    
    1   98  119   23    6   120.3900       824.4140      0.5600000E-03   1.000000       1.762684    
    1   97  119   23    7   24.74000       824.3860      0.5600000E-03   1.000000       1.897266    
    1   97  118   23    8   99.01000       824.3580      0.5600000E-03   1.000000       1.819802    
    1   96  118   23    9   107.1200       824.3300      0.5600000E-03   1.000000       1.807201    
    1   95  118   23   10   18.09000       824.3020      0.5600000E-03   1.000000       1.817116    
    1   95  117   23   11   122.1200       824.2740      0.5600000E-03   1.000000       1.796975    
    1   94  117   23   12   17.23000       824.2460      0.1229000E-01   1.000000       1.871135    
    1   94  116   23   13   116.1000       823.0450      0.1543000E-01   1.000000       1.898403    
    1   93  116   23   14   49.38000       822.7030      0.1543000E-01   1.000000       1.914722    
    1   63  208   24    1   78.00000       889.9190      0.1655000E-01   1.000000       2.939200    
    1   63  207   24    2   111.0800       888.2640      0.1655000E-01   1.000000       2.923831    
    1   63  206   24    3   92.83000       888.2640      0.2776000E-01   1.000000       2.931385    
    1   64  206   24    4   11.47000       885.4880      0.2776000E-01   1.000000       2.963296    
    1   64  205   24    5   105.0300       885.4880      0.1826000E-01   1.000000       2.251095    
    1   65  205   24    6   111.7300       883.6620      0.2166000E-01   1.000000       3.249454    
    1   65  204   24    7   103.2700       883.3220      0.1574000E-01   1.000000       2.250443    
    1   65  203   24    8   16.56000       882.0880      0.1995000E-01   1.000000      0.7790587    
    1   66  203   24    9   85.15000       881.3270      0.1637000E-01   1.000000       1.762661    
    1   66  202   24   10   126.4100       880.4510      0.8760000E-02   1.000000      0.5743723    
    1   66  201   24   11   22.15000       880.4510      0.1063000E-01   1.000000      0.5521127    
    1   67  201   24   12   88.83000       879.3880      0.1727000E-01   1.000000      0.8382048    
    1   67  200   24   13   100.2100       878.7240      0.1384000E-01   1.000000       1.491221    
    1   67  199   24   14   119.2100       878.0040      0.7200000E-02   1.000000       2.205117    
    1   67  198   24   15   25.70000       878.0040      0.5680000E-02   1.000000       2.236507    
    1   68  198   24   16   104.1500       877.4360      0.2292000E-01   1.000000       2.233771    
    1   69  198   24   17   110.2400       875.7120      0.2377000E-01   1.000000       2.219444    
    1   69  197   24   18   105.3400       875.0590      0.6530000E-02   1.000000      0.5397391    
    1   69  196   24   19   65.93000       875.0590      0.1906000E-01   1.000000      0.5327968    
    1   70  196   24   20   58.49000       873.1530      0.2534000E-01   1.000000      0.5264016    
    1   70  195   24   21   110.7400       872.5250      0.6280000E-02   1.000000      0.5249688    
    1   70  194   24   22   27.17000       872.5250      0.1910000E-01   1.000000      0.5241092    
    1   71  194   24   23   118.1600       870.6150      0.2920000E-01   1.000000      0.5252554    
    1   71  193   24   24   47.86000       869.6050      0.1513000E-01   1.000000      0.5241873    
    1   72  193   24   25   63.29000       869.1020      0.1458000E-01   1.000000      0.5277171    
    1   72  192   24   26   74.77000       868.1470      0.9550000E-02   1.000000      0.5258545    
    1   71  192   24   27   32.87000       868.1470      0.1000000E-03   1.000000      0.5225592    
    1   71  191   24   28   86.19000       868.1470      0.8730000E-02   1.000000      0.5204362    
    1   72  191   24   29   24.67000       867.2740      0.1291000E-01   1.000000      0.5232365    
    1   72  190   24   30   105.0000       866.8560      0.4180000E-02   1.000000      0.5212698    
    1   73  190   24   31   68.84000       866.8560      0.4350000E-02   1.000000      0.6006696    
    1   73  189   24   32   109.1400       866.4210      0.1407000E-01   1.000000      0.5211525    
    1   73  188   24   33   45.71000       865.4490      0.1194000E-01   1.000000      0.5195895    
    1   74  188   24   34   61.34000       865.2270      0.1348000E-01   1.000000      0.5226244    
    1   74  187   24   35   107.1300       864.1010      0.1764000E-01   1.000000      0.5189253    
    1   74  186   24   36   106.1200       863.4630      0.1144000E-01   1.000000      0.5128687    
    1   74  185   24   37   28.27000       862.9570      0.1305000E-01   1.000000      0.4893066    
    1   75  185   24   38   93.92000       862.1580      0.1230000E-01   1.000000      0.5148876    
    1   75  184   24   39   108.6100       861.7270      0.6050000E-02   1.000000      0.5148615    
    1   75  183   24   40   17.89000       861.5530      0.1740000E-02   1.000000      0.5182871    
    1   74  183   24   41   88.71000       861.5530      0.1000000E-03   1.000000      0.5145229    
    1   74  182   24   42   13.94000       861.5530      0.1000000E-03   1.000000      0.5365219    
    1   75  182   24   43   89.28000       861.5530      0.1000000E-03   1.000000      0.5193030    
    1   75  181   24   44   5.060000       861.5530      0.1000000E-03   1.000000      0.5711552    
    1   74  181   24   45   96.13000       861.5530      0.1000000E-03   1.000000      0.5195765    
    1   74  180   24   46   20.62000       861.5530      0.3460000E-02   1.000000      0.5923597    
    1   75  180   24   47   100.0800       861.2070      0.5760000E-02   1.000000      0.5599668    
    1   75  179   24   48   106.3000       860.9770      0.1232000E-01   1.000000       2.295770    
    1   75  178   24   49   26.82000       859.9750      0.1480000E-01   1.000000       2.105606    
    1   76  178   24   50   77.05000       859.4970      0.7170000E-02   1.000000       2.014302    
    1   76  177   24   51   101.0900       859.2580      0.2390000E-02   1.000000       1.721502    
    1   76  176   24   52   43.74000       859.2580      0.1110000E-02   1.000000       1.460873    
    1   75  176   24   53   81.73000       859.1470      0.1123000E-01   1.000000       1.859175    
    1   75  175   24   54   111.5600       858.1350      0.1012000E-01   1.000000       1.815411    
    1   75  174   24   55   22.84000       858.1350      0.1000000E-03   1.000000       1.878191    
    1   74  174   24   56   132.1500       858.1350      0.9110000E-02   1.000000       2.129833    
    1   74  173   24   57   100.4400       857.2240      0.1109000E-01   1.000000       2.222961    
    1   74  172   24   58   100.5800       857.0260      0.8000000E-02   1.000000       2.337840    
    1   74  171   24   59   30.24000       856.4240      0.6020000E-02   1.000000       2.403095    
    1   73  171   24   60   88.24000       856.4240      0.6290000E-02   1.000000       2.457409    
    1   73  170   24   61   104.1700       855.7950      0.6920000E-02   1.000000       2.476035    
    1   73  169   24   62   30.55000       855.7320      0.8240000E-02   1.000000       2.516412    
    1   74  169   24   63   93.30000       854.9710      0.1200000E-01   1.000000       2.490492    
    1   74  168   24   64   100.0100       854.5320      0.7080000E-02   1.000000       2.471346    
    1   74  167   24   65   103.2200       854.2630      0.3880000E-02   1.000000       2.442300    
    1   74  166   24   66   104.1700       854.1440      0.3820000E-02   1.000000       2.413906    
    1   74  165   24   67   106.7200       853.8810      0.7620000E-02   1.000000       2.396973    
    1   74  164   24   68   7.840000       853.3820      0.4990000E-02   1.000000       2.461837    
    1   73  164   24   69   141.0500       853.3820      0.1000000E-03   1.000000       2.497526    
    1   72  164   24   70   5.580000       853.3820      0.3710000E-02   1.000000       2.577499    
    1   72  163   24   71   111.7900       853.0110      0.5080000E-02   1.000000       2.551058    
    1   72  162   24   72   100.0700       852.8740      0.4780000E-02   1.000000       2.530869    
    1   72  161   24   73   122.3300       852.5330      0.8490000E-02   1.000000       2.540508    
    1   72  160   24   74   4.210000       852.0250      0.5080000E-02   1.000000       2.569293    
    1   71  160   24   75   106.4400       852.0250      0.1000000E-03   1.000000       2.971242    
    1   71  159   24   76   102.1200       852.0250      0.3300000E-03   1.000000       2.766360    
    1   71  158   24   77   102.5700       851.9920      0.6630000E-02   1.000000       2.268027    
    1   71  157   24   78   104.9700       851.3620      0.1230000E-01   1.000000      0.5275478    
    1   71  156   24   79   116.0300       850.7620      0.7030000E-02   1.000000      0.5229630    
    1   71  155   24   80   70.98000       850.6590      0.5890000E-02   1.000000      0.5191858    
    1   70  155   24   81   104.7800       850.1730      0.4860000E-02   1.000000      0.5196026    
    1   69  155   24   82   13.21000       850.1730      0.6160000E-02   1.000000      0.5205534    
    1   69  154   24   83   110.0600       849.5570      0.1104000E-01   1.000000      0.5168283    
    1   69  153   24   84   100.7900       849.0690      0.1272000E-01   1.000000      0.5156170    
    1   69  152   24   85   102.0600       848.2850      0.1378000E-01   1.000000      0.5160598    
    1   69  151   24   86   53.13000       847.6910      0.5940000E-02   1.000000      0.5172190    
    1   68  151   24   87   50.39000       847.6910      0.6790000E-02   1.000000      0.5167631    
    1   68  150   24   88   105.5100       847.0120      0.1422000E-01   1.000000      0.5180526    
    1   68  149   24   89   114.9700       846.2690      0.7430000E-02   1.000000       1.485230    
    1   67  149   24   90   1.060000       846.2690      0.1000000E-03   1.000000      0.9175916    
    1   67  148   24   91   102.1000       846.2690      0.5510000E-02   1.000000       1.458529    
    1   67  147   24   92   100.6400       845.7180      0.5510000E-02   1.000000      0.7318434    
    1   67  146   24   93   71.96000       845.7180      0.5260000E-02   1.000000      0.6938367    
    1   68  146   24   94   32.72000       845.1920      0.1217000E-01   1.000000      0.5416537    
    1   68  145   24   95   112.2300       844.5010      0.6910000E-02   1.000000      0.5621159    
    1   68  144   24   96   74.21000       844.5010      0.2320000E-02   1.000000       1.658071    
    1   69  144   24   97   48.62000       844.2690      0.8630000E-02   1.000000      0.6438732    
    1   69  143   24   98   93.96000       843.6380      0.1411000E-01   1.000000       1.328931    
    1   70  143   24   99   101.0100       842.8580      0.1207000E-01   1.000000      0.7112901    
    1   71  143   24  100   103.3300       842.4310      0.7730000E-02   1.000000      0.7687039    
    1   72  143   24  101   44.65000       842.0850      0.1376000E-01   1.000000      0.6249610    
    1   72  142   24  102   127.6200       841.0550      0.1338000E-01   1.000000       1.034894    
    1   73  142   24  103   100.9700       840.7470      0.3940000E-02   1.000000       1.490961    
    1   74  142   24  104   43.83000       840.6610      0.1014000E-01   1.000000       2.075649    
    1   74  141   24  105   85.38000       839.7330      0.9280000E-02   1.000000       1.826613    
    1   75  141   24  106   45.88000       839.7330      0.7920000E-02   1.000000       2.221267    
    1   75  140   24  107   126.2200       838.9410      0.7920000E-02   1.000000       2.208633    
    1   76  140   24  108   2.780000       838.9410      0.7900000E-03   1.000000       2.204986    
    1   76  139   24  109   125.6200       838.8620      0.5050000E-02   1.000000       1.740909    
    1   77  139   24  110   40.53000       838.4360      0.4260000E-02   1.000000       1.197197    
    1   77  138   24  111   78.73000       838.4360      0.6170000E-02   1.000000       1.955429    
    1   78  138   24  112   103.0400       837.8190      0.1616000E-01   1.000000       2.178155    
    1   78  137   24  113   15.74000       836.8200      0.9990000E-02   1.000000       2.141425    
    1   79  137   24  114   109.9300       836.8200      0.2250000E-02   1.000000       1.622903    
    1   80  137   24  115   103.6900       836.5950      0.2720000E-02   1.000000       2.203814    
    1   81  137   24  116   46.79000       836.5480      0.1950000E-02   1.000000       2.206940    
    1   81  136   24  117   66.64000       836.4000      0.6910000E-02   1.000000       2.198213    
    1   82  136   24  118   113.5300       835.8570      0.5790000E-02   1.000000       2.210066    
    1   83  136   24  119   29.60000       835.8210      0.5320000E-02   1.000000       2.255914    
    1   83  135   24  120   82.53000       835.3250      0.8160000E-02   1.000000       2.268418    
    1   84  135   24  121   114.2500       835.0050      0.5870000E-02   1.000000       2.433183    
    1   85  135   24  122   14.46000       834.7380      0.6780000E-02   1.000000       2.523055    
    1   85  134   24  123   96.49000       834.3270      0.7970000E-02   1.000000       2.451157    
    1   86  134   24  124   111.5500       833.9410      0.5970000E-02   1.000000       2.509118    
    1   87  134   24  125   30.75000       833.7300      0.2360000E-02   1.000000       2.553403    
    1   87  133   24  126   74.32000       833.7050      0.5540000E-02   1.000000       2.408305    
    1   88  133   24  127   101.5100       833.1760      0.8120000E-02   1.000000       2.430708    
    1   89  133   24  128   105.4000       832.8930      0.2830000E-02   1.000000       2.286001    
    1   90  133   24  129   73.74000       832.8930      0.4330000E-02   1.000000       2.217230    
    1   90  132   24  130   37.33000       832.4600      0.1025000E-01   1.000000       1.066740    
    1   91  132   24  131   124.6400       831.8680      0.6860000E-02   1.000000      0.5225462    
    1   91  131   24  132   19.08000       831.7740      0.2490000E-02   1.000000      0.5255550    
    1   92  131   24  133   89.92000       831.6190      0.6480000E-02   1.000000      0.5237966    
    1   92  130   24  134   101.0600       831.1260      0.1579000E-01   1.000000      0.5318330    
    1   92  129   24  135   100.8300       830.0400      0.1129000E-01   1.000000      0.5404685    
    1   92  128   24  136   104.4000       829.9970      0.1210000E-02   1.000000      0.5995494    
    1   92  127   24  137   53.28000       829.9190      0.4320000E-02   1.000000      0.8873087    
    1   93  127   24  138   54.88000       829.5650      0.1049000E-01   1.000000       1.501251    
    1   93  126   24  139   118.5300       828.8700      0.6950000E-02   1.000000       2.142988    
    1   93  125   24  140   24.61000       828.8700      0.5440000E-02   1.000000       2.152887    
    1   94  125   24  141   91.60000       828.3260      0.9660000E-02   1.000000       2.233381    
    1   94  124   24  142   100.3700       827.9040      0.8850000E-02   1.000000       2.220486    
    1   94  123   24  143   100.4300       827.4410      0.1009000E-01   1.000000       1.089820    
    1   94  122   24  144   100.8400       826.8950      0.1334000E-01   1.000000      0.7910677    
    1   94  121   24  145   100.4600       826.1070      0.1174000E-01   1.000000       1.132945    
    1   94  120   24  146   100.3300       825.7210      0.7540000E-02   1.000000       2.217881    
    1   94  119   24  147   102.4600       825.3530      0.1138000E-01   1.000000       2.355164    
    1   94  118   24  148   68.07000       824.5830      0.1244000E-01   1.000000       2.407263    
    1   93  118   24  149   38.68000       824.1090      0.1245000E-01   1.000000       2.368840    
    1   93  117   24  150   102.0300       823.3380      0.1406000E-01   1.000000       2.380041    
    1   93  116   24  151   38.45000       822.7030      0.6350000E-02   1.000000       2.414557    
    1   93  116   25    1   54.81000       822.7030      0.1000000E-03   1.000000       1.633257    
    1   92  116   25    2   108.1000       822.7030      0.1000000E-03   1.000000       1.617486    
    1   91  116   25    3   70.80000       822.7030      0.7110000E-02   1.000000       1.621451    
    1   91  115   25    4   45.50000       821.9920      0.7110000E-02   1.000000       1.614491    
    1   90  115   25    5   71.67000       821.9920      0.2700000E-02   1.000000       1.606209    
    1   90  114   25    6   122.1700       821.7220      0.2700000E-02   1.000000       1.500662    
    1   90  113   25    7   89.14000       821.7220      0.1000000E-03   1.000000      0.3970546    
    1   89  113   25    8   28.51000       821.7220      0.1000000E-03   1.000000      0.3841475    
    1   89  112   25    9   95.01000       821.7220      0.1000000E-03   1.000000      0.3522277    
    1   88  112   25   10   100.9500       821.7220      0.1000000E-03   1.000000      0.3525713    
    1   88  111   25   11   34.27000       821.7220      0.1000000E-03   1.000000      0.3506947    
    1   87  111   25   12   73.16000       821.7220      0.1000000E-03   1.000000      0.3497432    
    1   87  110   25   13   100.4300       821.7220      0.2150000E-02   1.000000      0.3453028    
    1   87  109   25   14   132.3400       821.5070      0.2150000E-02   1.000000      0.3507212    
    1   86  109   25   15   14.22000       821.5070      0.1000000E-03   1.000000      0.3431355    
    1   86  108   25   16   102.0500       821.5070      0.7600000E-02   1.000000      0.3516110    
    1   86  107   25   17   109.7900       820.7470      0.7600000E-02   1.000000      0.4859331    
    1   85  107   25   18   35.10000       820.7470      0.2000000E-02   1.000000       1.355556    
    1   85  106   25   19   110.3500       820.5470      0.2000000E-02   1.000000       1.560219    
    1   85  105   25   20   105.0600       820.5470      0.1000000E-03   1.000000       2.470061    
    1   84  105   25   21   7.990000       820.5470      0.1630000E-02   1.000000       2.368654    
    1   84  104   25   22   118.6300       820.3840      0.1630000E-02   1.000000       7.518638    
    1   84  103   25   23   87.76000       820.3840      0.1000000E-03   1.000000       7.340141    
    1   83  103   25   24   19.45000       820.3840      0.1000000E-03   1.000000       4.374588    
    1   83  102   25   25   100.6300       820.3840      0.1000000E-03   1.000000       1.644798    
    1   83  101   25   26   100.0200       820.3840      0.5950000E-02   1.000000       1.541894    
    1   83  100   25   27   113.7900       819.7890      0.1208000E-01   1.000000       1.554493    
    1   83   99   25   28   75.81000       819.1760      0.6130000E-02   1.000000       1.587531    
    1   82   99   25   29   67.24000       819.1760      0.1000000E-03   1.000000       1.582774    
    1   82   98   25   30   103.5700       819.1760      0.1000000E-03   1.000000       1.567356    
    1   82   97   25   31   77.42000       819.1760      0.1000000E-03   1.000000       1.564272    
    1   83   97   25   32   57.02000       819.1760      0.1000000E-03   1.000000       1.582421    
    1   83   96   25   33   128.9600       819.1760      0.1000000E-03   1.000000       1.670965    
    1   83   95   25   34   100.0200       819.1760      0.1000000E-03   1.000000       1.724356    
    1   83   94   25   35   100.0100       819.1760      0.1000000E-03   1.000000       1.877303    
    1   83   93   25   36   100.0100       819.1760      0.1000000E-03   1.000000       3.424395    
    1   83   92   25   37   100.0500       819.1760      0.1000000E-03   1.000000       4.088252    
    1   83   91   25   38   101.2200       819.1760      0.1000000E-03   1.000000       8.769615    
    1   83   90   25   39   26.35000       819.1760      0.1600000E-03   1.000000       8.329716    
    1   84   90   25   40   89.39000       819.1600      0.1205000E-01   1.000000       9.656991    
    1   84   89   25   41   109.6600       817.9710      0.1686000E-01   1.000000       5.623274    
    1   84   88   25   42   94.53000       817.4740      0.4970000E-02   1.000000       2.419225    
    1   85   88   25   43   18.66000       817.4740      0.1000000E-03   1.000000      0.3423073    
    1   85   87   25   44   34.09000       817.4740      0.2530000E-02   1.000000      0.6853547E-01
    1   84   87   25   45   107.4300       817.2210      0.2530000E-02   1.000000      0.6853547E-01
    1   84   86   25   46   105.3200       817.2210      0.1000000E-03   1.000000      0.6853547E-01
    1   84   85   25   47   17.31000       817.2210      0.1000000E-03   1.000000      0.6853547E-01
    1   84   85   26    1   43.72000       817.2210      0.4810000E-02   1.000000      0.1417029    
    1   83   85   26    2   105.1700       816.7400      0.4810000E-02   1.000000      0.1417029    
    1   83   84   26    3   21.15000       816.7400      0.3630000E-02   1.000000      0.1417029    
    1   82   84   26    4   104.4200       816.3770      0.3630000E-02   1.000000      0.1417029    
    1   81   84   26    5   102.3100       816.3770      0.1000000E-03   1.000000      0.7164021    
    1   80   84   26    6   119.9900       816.3770      0.1000000E-03   1.000000       3.355949    
    1   79   83   26    7   63.26000       816.3770      0.1000000E-03   1.000000       3.296200    
    1   79   84   26    8   42.64000       816.3770      0.1000000E-03   1.000000       3.325164    
    1   78   84   26    9   28.40000       816.3770      0.1000000E-03   1.000000       3.271244    
    1   78   83   26   10   72.96000       816.3770      0.1860000E-02   1.000000       3.285271    
    1   77   83   26   11   100.1400       816.1910      0.1860000E-02   1.000000       3.285453    
    1   76   83   26   12   131.6600       816.1910      0.1000000E-03   1.000000       3.281628    
    1   75   83   26   13   14.09000       816.1910      0.1000000E-03   1.000000       3.286364    
    1   75   82   26   14   115.5700       816.1910      0.1000000E-03   1.000000       3.136081    
    1   75   81   26   15   70.26000       816.1910      0.1000000E-03   1.000000       3.134442    
    1   74   81   26   16   44.13000       816.1910      0.6430000E-02   1.000000       3.246653    
    1   74   80   26   17   107.0700       815.5480      0.9420000E-02   1.000000       3.198198    
    1   74   79   26   18   102.2000       815.2490      0.2990000E-02   1.000000       3.355220    
    1   74   78   26   19   66.41000       815.2490      0.1000000E-03   1.000000       3.235723    
    1   73   78   26   20   41.89000       815.2490      0.1000000E-03   1.000000       3.355585    
    1   73   77   26   21   114.5500       815.2490      0.1000000E-03   1.000000       3.140271    
    1   73   76   26   22   43.49000       815.2490      0.1000000E-03   1.000000       3.276891    
    1   72   76   26   23   93.53000       815.2490      0.3670000E-02   1.000000       3.291829    
    1   72   75   26   24   102.7200       814.8820      0.3670000E-02   1.000000       3.285271    
    1   72   74   26   25   38.99000       814.8820      0.1000000E-03   1.000000       3.311320    
    1   71   74   26   26   120.2300       814.8820      0.1000000E-03   1.000000       3.309862    
    1   71   73   26   27   6.880000       814.8820      0.1600000E-03   1.000000       3.290189    
    1   70   73   26   28   122.5500       814.8660      0.1600000E-03   1.000000       3.299115    
    1   70   72   26   29   44.40000       814.8660      0.1000000E-03   1.000000       3.280717    
    1   69   72   26   30   109.4800       814.8660      0.1000000E-03   1.000000       3.259768    
    1   69   71   26   31   15.73000       814.8660      0.3540000E-02   1.000000       3.159398    
    1   68   71   26   32   104.3000       814.5120      0.3540000E-02   1.000000       3.145553    
    1   67   71   26   33   112.3300       814.5120      0.2870000E-02   1.000000       3.125516    
    1   67   70   26   34   30.41000       814.2250      0.2870000E-02   1.000000       3.431546    
    1   66   70   26   35   124.1600       814.2250      0.1000000E-03   1.000000       3.427174    
    1   65   70   26   36   16.00000       814.2250      0.1000000E-03   1.000000       3.343380    
    1   65   69   26   37   118.9400       814.2250      0.3500000E-02   1.000000       12.96147    
    1   65   68   26   38   101.9700       813.8750      0.3500000E-02   1.000000       4.379147    
    1   65   67   26   39   107.9400       813.8750      0.1000000E-03   1.000000       3.205302    
    1   65   66   26   40   102.4000       813.8750      0.1000000E-03   1.000000       3.199837    
    1   65   65   26   41   101.2100       813.8750      0.1000000E-03   1.000000       3.405679    
    1   65   64   26   42   88.10000       813.8750      0.5290000E-02   1.000000       3.892048    
    1   66   64   26   43   22.17000       813.3460      0.5290000E-02   1.000000       4.000616    
    1   66   63   26   44   117.4800       813.3460      0.1000000E-03   1.000000       3.811898    
    1   67   63   26   45   36.12000       813.3460      0.1130000E-02   1.000000       4.008085    
    1   67   62   26   46   114.2100       813.2330      0.3750000E-02   1.000000       3.406043    
    1   67   61   26   47   101.2300       812.9710      0.4410000E-02   1.000000       3.380723    
    1   67   60   26   48   103.7800       812.7920      0.1790000E-02   1.000000       3.391471    
    1   67   59   26   49   104.1400       812.7920      0.1000000E-03   1.000000       3.349027    
    1   67   58   26   50   108.7800       812.7920      0.1000000E-03   1.000000       3.593123    
    1   68   58   26   51   4.490000       812.7920      0.1130000E-02   1.000000       3.727739    
    1   68   57   26   52   101.2400       812.6790      0.1130000E-02   1.000000       6.406779    
    1   68   56   26   53   106.8800       812.6790      0.1520000E-02   1.000000       5.004505    
    1   68   55   26   54   102.9700       812.5270      0.4050000E-02   1.000000       4.108091    
    1   68   54   26   55   114.2500       812.2740      0.2530000E-02   1.000000       3.576546    
    1   69   54   26   56   3.600000       812.2740      0.4800000E-03   1.000000       3.368883    
    1   69   53   26   57   116.6700       812.2260      0.4800000E-03   1.000000       3.150654    
    1   69   52   26   58   74.84000       812.2260      0.1000000E-03   1.000000       3.056659    
    1   70   52   26   59   49.22000       812.2260      0.3800000E-03   1.000000       3.103292    
    1   70   51   26   60   109.8600       812.1880      0.3800000E-03   1.000000       3.141910    
    1   70   50   26   61   102.9500       812.1880      0.3680000E-02   1.000000       3.165045    
    1   71   49   26   62   101.3100       811.8200      0.3680000E-02   1.000000       3.252117    
    1   71   48   26   63   101.3200       811.8200      0.1000000E-03   1.000000       3.215321    
    1   71   47   26   64   9.860000       811.8200      0.1000000E-03   1.000000       3.255032    
    1   70   47   26   65   99.81000       811.8200      0.6300000E-03   1.000000       3.152475    
    1   70   46   26   66   118.4200       811.7570      0.6300000E-03   1.000000       3.033707    
    1   69   45   26   67   21.67000       811.7570      0.2350000E-02   1.000000      0.7785190    
    1   70   45   26   68   140.2300       811.5220      0.2350000E-02   1.000000      0.9629751    
    1   71   45   26   69   3.170000       811.5220      0.3720000E-02   1.000000       1.835999    
    1   71   44   26   70   115.5000       811.1500      0.3720000E-02   1.000000      0.7594832    
    1   72   44   26   71   45.29000       811.1500      0.1000000E-03   1.000000      0.7660592    
    1   72   43   26   72   100.4600       811.1500      0.1000000E-03   1.000000      0.7377150    
    1   71   42   26   73   56.98000       811.1500      0.1000000E-03   1.000000      0.7350554    
    1   72   42   26   74   45.51000       811.1500      0.1000000E-03   1.000000      0.7349643    
    1   72   41   26   75   103.2100       811.1500      0.1000000E-03   1.000000      0.7374235    
    1   72   40   26   76   101.8800       811.1500      0.1000000E-03   1.000000      0.8215636    
    1   72   39   26   77   3.560000       811.1500      0.4830000E-02   1.000000       9.984600    
    1   71   39   26   78   126.0700       810.6670      0.4830000E-02   1.000000       7.123764    
    1   71   38   26   79   27.90000       810.6670      0.7300000E-03   1.000000       21.15434    
    1   70   38   26   80   116.4400       810.5940      0.7300000E-03   1.000000       21.15434    
    1   69   38   26   81   44.97000       810.5940      0.1000000E-03   1.000000       21.15434    
    1   69   37   26   82   85.31000       810.5940      0.3850000E-02   1.000000       21.15434    
    1   68   37   26   83   80.18000       810.2090      0.3850000E-02   1.000000       21.15434    
    1   68   36   26   84   42.11000       810.2090      0.2880000E-02   1.000000       21.15434    
    1   67   36   26   85   122.0500       809.9210      0.2880000E-02   1.000000       21.15434    
    1   66   36   26   86   18.18000       809.9210      0.1000000E-03   1.000000       21.15434    
    1   66   35   26   87   87.50000       809.9210      0.1600000E-03   1.000000       21.15434    
    1   65   35   26   88   101.5700       809.9050      0.2320000E-02   1.000000       21.15434    
    1   64   35   26   89   114.4100       809.6890      0.2160000E-02   1.000000       21.15434    
    1   64   34   26   90   2.390000       809.6890      0.4710000E-02   1.000000       21.15434    
    1   63   34   26   91   140.1000       809.2180      0.4710000E-02   1.000000       21.15434    
    1   63   33   26   92   12.86000       809.2180      0.1000000E-03   1.000000       3.862174    
    1   62   33   26   93   88.67000       809.2180      0.1000000E-03   1.000000       3.425899    
    1   62   32   26   94   126.1000       809.2180      0.6700000E-03   1.000000       3.355949    
    1   62   31   26   95   53.60000       809.1510      0.6700000E-03   1.000000       3.134806    
    1  123   34   27    1   22.96000       871.6070      0.1104000E-01   1.000000       2.467126    
    1  122   34   27    2   64.93000       870.5030      0.1104000E-01   1.000000       2.472759    
    1  122   33   27    3   41.63000       870.5030      0.3230000E-02   1.000000       2.273266    
    1  121   33   27    4   100.2200       870.1800      0.1645000E-01   1.000000       2.320552    
    1  120   33   27    5   100.0800       868.8580      0.2508000E-01   1.000000       2.379103    
    1  119   33   27    6   100.9200       867.6720      0.2185000E-01   1.000000       2.319636    
    1  118   33   27    7   102.4400       866.6730      0.2735000E-01   1.000000       2.441977    
    1  117   33   27    8   103.4100       864.9370      0.3363000E-01   1.000000       2.275624    
    1  116   33   27    9   112.4700       863.3100      0.2269000E-01   1.000000       2.312431    
    1  115   33   27   10   43.69000       862.6680      0.1070000E-01   1.000000       2.291081    
    1  115   34   27   11   61.15000       862.2400      0.1804000E-01   1.000000       2.288854    
    1  114   34   27   12   102.3800       860.8640      0.2493000E-01   1.000000       2.291736    
    1  113   34   27   13   112.3200       859.7470      0.1117000E-01   1.000000       2.284138    
    1  113   33   27   14   16.11000       859.7470      0.1576000E-01   1.000000       2.291212    
    1  112   33   27   15   113.1800       858.1710      0.2708000E-01   1.000000       2.279947    
    1  111   33   27   16   101.2300       857.0390      0.1132000E-01   1.000000       2.303524    
    1  110   33   27   17   99.33000       857.0390      0.1174000E-01   1.000000       2.294879    
    1  110   32   27   18   10.43000       855.8650      0.2495000E-01   1.000000       2.310860    
    1  109   32   27   19   131.5500       854.5440      0.1321000E-01   1.000000       2.305489    
    1  109   31   27   20   22.63000       854.5440      0.1504000E-01   1.000000       2.325137    
    1  108   31   27   21   129.5900       853.0400      0.2334000E-01   1.000000       2.357360    
    1  107   31   27   22   103.2200       852.2100      0.1400000E-01   1.000000       2.337974    
    1  106   31   27   23   119.2800       851.6400      0.5700000E-02   1.000000       2.329460    
    1  106   32   27   24   6.220000       851.6400      0.9600000E-02   1.000000       2.281519    
    1  105   32   27   25   103.5400       850.6800      0.2892000E-01   1.000000       2.278506    
    1  104   32   27   26   100.7300       848.7480      0.2823000E-01   1.000000       2.279030    
    1  103   32   27   27   44.21000       847.8570      0.2823000E-01   1.000000       2.271302    
    1  107   14   28    1   63.04000       886.3480      0.3068000E-01   1.000000      0.4886704    
    1  107   15   28    2   13.89000       884.0450      0.3068000E-01   1.000000      0.5278749    
    1  108   15   28    3   109.6500       883.2800      0.3605000E-01   1.000000      0.7758755    
    1  108   16   28    4   100.7200       880.4400      0.4819000E-01   1.000000       2.472406    
    1  108   17   28    5   114.9000       878.4610      0.4113000E-01   1.000000       1.961522    
    1  108   18   28    6   104.1400       876.3270      0.4959000E-01   1.000000       1.092159    
    1  108   19   28    7   107.8900       873.5020      0.5375000E-01   1.000000      0.6392361    
    1  108   20   28    8   105.5800       870.9520      0.3937000E-01   1.000000      0.5137279    
    1  108   21   28    9   38.72000       869.5650      0.2822000E-01   1.000000      0.4733466    
    1  107   21   28   10   97.39000       868.1300      0.3365000E-01   1.000000      0.4607443    
    1  107   22   28   11   103.0600       866.2000      0.3078000E-01   1.000000      0.4497357    
    1  107   23   28   12   37.55000       865.0520      0.1860000E-01   1.000000      0.4468916    
    1  106   23   28   13   72.78000       864.3400      0.2698000E-01   1.000000      0.4359810    
    1  106   24   28   14   114.9000       862.3540      0.3673000E-01   1.000000      0.4568214    
    1  106   25   28   15   65.53000       860.6670      0.2150000E-01   1.000000      0.4571892    
    1  105   25   28   16   51.38000       860.2040      0.2533000E-01   1.000000      0.4641523    
    1  105   26   28   17   89.37000       858.1340      0.2514000E-01   1.000000      0.4568704    
    1  104   26   28   18   53.64000       857.6900      0.2260000E-01   1.000000      0.4622644    
    1  104   27   28   19   110.1500       855.8740      0.3023000E-01   1.000000      0.4634658    
    1  104   28   28   20   100.4900       854.6670      0.2853000E-01   1.000000      0.4379670    
    1  104   29   28   21   100.0400       853.0210      0.3142000E-01   1.000000      0.4337253    
    1  104   30   28   22   100.1600       851.5250      0.2976000E-01   1.000000      0.4364223    
    1  104   31   28   23   81.24000       850.0450      0.2089000E-01   1.000000      0.4293121    
    1  103   31   28   24   31.67000       849.4360      0.2188000E-01   1.000000      0.4264435    
    1  103   32   28   25   44.30000       847.8570      0.1579000E-01   1.000000      0.4251440    
    1  103   32   29    1   78.82000       847.8570      0.5300000E-03   1.000000       2.367711    
    1  103   33   29    2   17.05000       847.8040      0.1405000E-01   1.000000       2.356651    
    1  102   33   29    3   118.8900       846.4520      0.1869000E-01   1.000000       2.349824    
    1  101   33   29    4   51.38000       845.9350      0.1128000E-01   1.000000       2.337944    
    1  101   34   29    5   59.67000       845.3240      0.1559000E-01   1.000000       2.332346    
    1  100   34   29    6   113.3800       844.3760      0.1900000E-01   1.000000       2.323061    
    1   99   34   29    7   102.4300       843.4240      0.2015000E-01   1.000000       2.301077    
    1   98   34   29    8   112.1700       842.3610      0.1557000E-01   1.000000       2.286193    
    1   97   34   29    9   60.54000       841.8670      0.5010000E-02   1.000000       2.228024    
    1   97   33   29   10   67.91000       841.8600      0.1444000E-01   1.000000       2.189109    
    1   96   33   29   11   106.6400       840.4230      0.2242000E-01   1.000000       1.720482    
    1   95   33   29   12   102.6900       839.6180      0.1540000E-01   1.000000      0.9780668    
    1   94   33   29   13   108.1900       838.8830      0.1313000E-01   1.000000      0.8743054    
    1   94   32   29   14   14.37000       838.3050      0.6920000E-02   1.000000      0.8600772    
    1   93   32   29   15   135.1900       838.1910      0.1477000E-01   1.000000      0.7091527    
    1   93   31   29   16   113.6000       836.8280      0.1363000E-01   1.000000      0.6311985    
    1   93   30   29   17   1.500000       836.8280      0.6100000E-02   1.000000      0.5583784    
    1   92   30   29   18   51.15000       836.2180      0.1117000E-01   1.000000      0.5739310    
    1   92   31   29   19   67.56000       835.7110      0.1295000E-01   1.000000      0.5716370    
    1   91   31   29   20   108.0400       834.9230      0.1301000E-01   1.000000      0.5585423    
    1   90   31   29   21   102.0100       834.4100      0.1179000E-01   1.000000      0.5548282    
    1   89   31   29   22   103.5700       833.7440      0.1467000E-01   1.000000      0.6006531    
    1   88   31   29   23   103.4200       832.9430      0.1592000E-01   1.000000      0.7053431    
    1   87   31   29   24   29.81000       832.1520      0.1309000E-01   1.000000      0.7462933    
    1   87   32   29   25   116.9200       831.6340      0.1434000E-01   1.000000       2.493607    
    1   86   32   29   26   43.91000       830.7180      0.9160000E-02   1.000000       2.545631    
    1   86   33   29   27   66.24000       830.7180      0.1000000E-03   1.000000       2.601615    
    1   85   32   29   28   105.4000       830.7180      0.1272000E-01   1.000000       2.565840    
    1   85   31   29   29   112.9200       829.4460      0.1458000E-01   1.000000       2.528699    
    1   84   31   29   30   62.38000       829.2600      0.1349000E-01   1.000000       2.792233    
    1   84   30   29   31   73.48000       828.0970      0.1163000E-01   1.000000       2.627695    
    1   85   30   29   32   37.40000       828.0970      0.1000000E-03   1.000000       2.591101    
    1   84   29   29   33   96.94000       828.0970      0.1236000E-01   1.000000       2.585912    
    1   83   29   29   34   100.0600       826.8610      0.1936000E-01   1.000000       2.602844    
    1   82   29   29   35   103.7400       826.1610      0.7690000E-02   1.000000       2.590418    
    1   81   30   29   36   62.79000       826.0920      0.1273000E-01   1.000000       2.548362    
    1   81   29   29   37   75.45000       824.8880      0.2142000E-01   1.000000       2.538121    
    1   80   29   29   38   105.2300       823.9500      0.1816000E-01   1.000000       6.132973    
    1   79   29   29   39   100.0900       823.0720      0.1846000E-01   1.000000       3.174972    
    1   78   29   29   40   100.5800       822.1040      0.1329000E-01   1.000000       2.659374    
    1   77   29   29   41   105.3600       821.7430      0.1149000E-01   1.000000       2.530747    
    1   76   29   29   42   87.48000       820.9550      0.7880000E-02   1.000000       2.416458    
    1   76   30   29   43   27.63000       820.9550      0.9370000E-02   1.000000       2.431751    
    1   75   30   29   44   101.2200       820.0180      0.1255000E-01   1.000000       2.336442    
    1   74   30   29   45   98.35000       819.7000      0.7940000E-02   1.000000       2.126980    
    1   74   29   29   46   5.790000       819.2240      0.1125000E-01   1.000000       2.305856    
    1   73   29   29   47   104.0900       818.5750      0.1357000E-01   1.000000       2.314049    
    1   72   29   29   48   45.44000       817.8670      0.9870000E-02   1.000000       2.436804    
    1   72   30   29   49   59.34000       817.5880      0.8550000E-02   1.000000       2.446771    
    1   71   30   29   50   106.0000       817.0120      0.1209000E-01   1.000000       2.625101    
    1   70   30   29   51   104.9700       816.3790      0.1373000E-01   1.000000       15.85711    
    1   69   30   29   52   29.72000       815.6390      0.1239000E-01   1.000000       15.85711    
    1   69   31   29   53   86.61000       815.1400      0.9360000E-02   1.000000       15.85711    
    1   68   31   29   54   110.0000       814.7030      0.1400000E-01   1.000000       15.85711    
    1   67   31   29   55   52.94000       813.7400      0.1197000E-01   1.000000       15.85711    
    1   67   32   29   56   49.37000       813.5060      0.1044000E-01   1.000000       15.85711    
    1   66   32   29   57   100.4700       812.6960      0.1511000E-01   1.000000       15.85711    
    1   65   32   29   58   100.1400       811.9950      0.1395000E-01   1.000000       15.85711    
    1   64   32   29   59   101.9300       811.3010      0.1368000E-01   1.000000       15.85711    
    1   63   32   29   60   30.14000       810.6270      0.8030000E-02   1.000000       2.581679    
    1   63   31   29   61   75.06000       810.4980      0.1476000E-01   1.000000       2.541944    
    1   62   31   29   62   91.25000       809.1510      0.1347000E-01   1.000000       2.349824    
    1   62   31   30    1   52.95000       809.1510      0.1000000E-03   1.000000       1.304759    
    1   62   30   30    2   11.65000       809.1510      0.3080000E-02   1.000000       1.285122    
    1   61   30   30    3   164.8700       808.8430      0.4470000E-02   1.000000       1.245696    
    1   61   29   30    4   101.4400       808.7040      0.4010000E-02   1.000000       1.260633    
    1   61   28   30    5   103.2700       808.4420      0.5860000E-02   1.000000       1.279966    
    1   61   27   30    6   107.5700       808.1180      0.6550000E-02   1.000000       1.283909    
    1   61   26   30    7   109.4500       807.7870      0.3310000E-02   1.000000       1.285425    
    1   61   25   30    8   104.7900       807.7870      0.1000000E-03   1.000000       1.280876    
    1   61   24   30    9   105.4500       807.7870      0.1000000E-03   1.000000       1.281104    
    1   61   23   30   10   74.67000       807.7870      0.1000000E-03   1.000000       1.275948    
    1   60   23   30   11   33.33000       807.7870      0.1770000E-02   1.000000       1.272233    
    1   60   22   30   12   118.6400       807.6100      0.1770000E-02   1.000000       1.257069    
    1   60   21   30   13   41.22000       807.6100      0.7600000E-03   1.000000       1.222420    
    1   59   21   30   14   92.59000       807.5340      0.7600000E-03   1.000000      0.4977933    
    1   59   20   30   15   109.0100       807.5340      0.1000000E-03   1.000000       1.272764    
    1   59   19   30   16   101.5500       807.5340      0.4220000E-02   1.000000       1.270413    
    1   59   18   30   17   126.4200       807.1120      0.4220000E-02   1.000000       1.270337    
    1   59   17   30   18   14.72000       807.1120      0.1530000E-02   1.000000       1.265485    
    1   60   17   30   19   111.8000       806.9590      0.1530000E-02   1.000000       1.270034    
    1   60   16   30   20   42.45000       806.9590      0.2100000E-02   1.000000       1.250776    
    1   61   16   30   21   98.45000       806.7490      0.4720000E-02   1.000000       1.263893    
    1   61   15   30   22   76.25000       806.4870      0.2620000E-02   1.000000       1.245772    
    1   62   15   30   23   34.98000       806.4870      0.2380000E-02   1.000000       1.263817    
    1   62   14   30   24   106.5000       806.2490      0.5050000E-02   1.000000       1.257297    
    1   62   13   30   25   105.1000       805.9820      0.4090000E-02   1.000000       1.271171    
    1   62   12   30   26   103.3600       805.8400      0.1420000E-02   1.000000       1.247743    
    1   62   11   30   27   97.58000       805.8400      0.1000000E-03   1.000000       1.153729    
    1   61   11   30   28   33.88000       805.8400      0.3330000E-02   1.000000       1.236067    
    1   61   10   30   29   109.1800       805.5070      0.3330000E-02   1.000000       1.236977    
    1  382  147   31    1   1.000000       909.1540      0.1308000E-01   10.00000      0.1000000E-04
    1  279  129   32    1   1.000000       849.8090      0.1367000E-01   10.00000      0.1000000E-04
